Method,Group,Value,Family,Outcome,Label,Direction,Threshold,Model,Fold
Impurity,Income,0.41243001014196434,Relative,DV1,Up 10 pp,Up,10,Random Forest,1
Impurity,Wealth,0.15470415771138601,Relative,DV1,Up 10 pp,Up,10,Random Forest,1
Impurity,Education,0.060765714531360024,Relative,DV1,Up 10 pp,Up,10,Random Forest,1
Impurity,Demographics,0.1840635438756813,Relative,DV1,Up 10 pp,Up,10,Random Forest,1
Impurity,Family / employment,0.03552564976843901,Relative,DV1,Up 10 pp,Up,10,Random Forest,1
Impurity,Occupation,0.045238855789473335,Relative,DV1,Up 10 pp,Up,10,Random Forest,1
Impurity,Industry,0.04830048702025623,Relative,DV1,Up 10 pp,Up,10,Random Forest,1
Impurity,Geography,0.058971581161439746,Relative,DV1,Up 10 pp,Up,10,Random Forest,1
Permutation,Income,0.14995744664169913,Relative,DV1,Up 10 pp,Up,10,Random Forest,1
Permutation,Wealth,-0.0031284582379257297,Relative,DV1,Up 10 pp,Up,10,Random Forest,1
Permutation,Education,0.0022871434682321,Relative,DV1,Up 10 pp,Up,10,Random Forest,1
Permutation,Demographics,0.019835824038499573,Relative,DV1,Up 10 pp,Up,10,Random Forest,1
Permutation,Family / employment,0.006116298096132589,Relative,DV1,Up 10 pp,Up,10,Random Forest,1
Permutation,Occupation,-0.0014463314015440876,Relative,DV1,Up 10 pp,Up,10,Random Forest,1
Permutation,Industry,-0.000701660245396829,Relative,DV1,Up 10 pp,Up,10,Random Forest,1
Permutation,Geography,-0.006179682047086582,Relative,DV1,Up 10 pp,Up,10,Random Forest,1
SHAP,Income,0.4569945444702241,Relative,DV1,Up 10 pp,Up,10,Random Forest,1
SHAP,Wealth,0.08311199474151362,Relative,DV1,Up 10 pp,Up,10,Random Forest,1
SHAP,Education,0.07292900024214968,Relative,DV1,Up 10 pp,Up,10,Random Forest,1
SHAP,Demographics,0.18051438290237787,Relative,DV1,Up 10 pp,Up,10,Random Forest,1
SHAP,Family / employment,0.06044204288986413,Relative,DV1,Up 10 pp,Up,10,Random Forest,1
SHAP,Occupation,0.03569512757665336,Relative,DV1,Up 10 pp,Up,10,Random Forest,1
SHAP,Industry,0.05900631548810306,Relative,DV1,Up 10 pp,Up,10,Random Forest,1
SHAP,Geography,0.051306591689114195,Relative,DV1,Up 10 pp,Up,10,Random Forest,1
Impurity,Income,0.34017539763873905,Relative,DV1,Up 10 pp,Up,10,Random Forest,2
Impurity,Wealth,0.09704863781425709,Relative,DV1,Up 10 pp,Up,10,Random Forest,2
Impurity,Education,0.04440684887972722,Relative,DV1,Up 10 pp,Up,10,Random Forest,2
Impurity,Demographics,0.14395275890654907,Relative,DV1,Up 10 pp,Up,10,Random Forest,2
Impurity,Family / employment,0.15372466703312937,Relative,DV1,Up 10 pp,Up,10,Random Forest,2
Impurity,Occupation,0.08139098001409778,Relative,DV1,Up 10 pp,Up,10,Random Forest,2
Impurity,Industry,0.09027562288057726,Relative,DV1,Up 10 pp,Up,10,Random Forest,2
Impurity,Geography,0.04902508683292342,Relative,DV1,Up 10 pp,Up,10,Random Forest,2
Permutation,Income,0.1403755388313681,Relative,DV1,Up 10 pp,Up,10,Random Forest,2
Permutation,Wealth,-0.005141499061361005,Relative,DV1,Up 10 pp,Up,10,Random Forest,2
Permutation,Education,0.005330355590210284,Relative,DV1,Up 10 pp,Up,10,Random Forest,2
Permutation,Demographics,0.018764436803229773,Relative,DV1,Up 10 pp,Up,10,Random Forest,2
Permutation,Family / employment,0.005433171353553884,Relative,DV1,Up 10 pp,Up,10,Random Forest,2
Permutation,Occupation,0.0024727309594127613,Relative,DV1,Up 10 pp,Up,10,Random Forest,2
Permutation,Industry,0.0013851394236209624,Relative,DV1,Up 10 pp,Up,10,Random Forest,2
Permutation,Geography,0.0013447162609583174,Relative,DV1,Up 10 pp,Up,10,Random Forest,2
SHAP,Income,0.3359278755209128,Relative,DV1,Up 10 pp,Up,10,Random Forest,2
SHAP,Wealth,0.05171873668264152,Relative,DV1,Up 10 pp,Up,10,Random Forest,2
SHAP,Education,0.03290212307643239,Relative,DV1,Up 10 pp,Up,10,Random Forest,2
SHAP,Demographics,0.15856157229353054,Relative,DV1,Up 10 pp,Up,10,Random Forest,2
SHAP,Family / employment,0.2000074230479005,Relative,DV1,Up 10 pp,Up,10,Random Forest,2
SHAP,Occupation,0.0710211910239475,Relative,DV1,Up 10 pp,Up,10,Random Forest,2
SHAP,Industry,0.09382807836676188,Relative,DV1,Up 10 pp,Up,10,Random Forest,2
SHAP,Geography,0.05603299998787305,Relative,DV1,Up 10 pp,Up,10,Random Forest,2
Impurity,Income,0.31001760885814106,Relative,DV1,Up 10 pp,Up,10,Random Forest,3
Impurity,Wealth,0.12364601577659957,Relative,DV1,Up 10 pp,Up,10,Random Forest,3
Impurity,Education,0.06922299739730431,Relative,DV1,Up 10 pp,Up,10,Random Forest,3
Impurity,Demographics,0.17798995860349015,Relative,DV1,Up 10 pp,Up,10,Random Forest,3
Impurity,Family / employment,0.06482968801951179,Relative,DV1,Up 10 pp,Up,10,Random Forest,3
Impurity,Occupation,0.0852272387319996,Relative,DV1,Up 10 pp,Up,10,Random Forest,3
Impurity,Industry,0.09384303336196292,Relative,DV1,Up 10 pp,Up,10,Random Forest,3
Impurity,Geography,0.07522345925099069,Relative,DV1,Up 10 pp,Up,10,Random Forest,3
Permutation,Income,0.11261409614285275,Relative,DV1,Up 10 pp,Up,10,Random Forest,3
Permutation,Wealth,-0.011849492014781804,Relative,DV1,Up 10 pp,Up,10,Random Forest,3
Permutation,Education,0.011742942194005868,Relative,DV1,Up 10 pp,Up,10,Random Forest,3
Permutation,Demographics,-0.0016824661766778437,Relative,DV1,Up 10 pp,Up,10,Random Forest,3
Permutation,Family / employment,0.010959251055799002,Relative,DV1,Up 10 pp,Up,10,Random Forest,3
Permutation,Occupation,-0.0023635835290467867,Relative,DV1,Up 10 pp,Up,10,Random Forest,3
Permutation,Industry,-0.003553701735241571,Relative,DV1,Up 10 pp,Up,10,Random Forest,3
Permutation,Geography,-0.0026585521704394323,Relative,DV1,Up 10 pp,Up,10,Random Forest,3
SHAP,Income,0.3026297994959832,Relative,DV1,Up 10 pp,Up,10,Random Forest,3
SHAP,Wealth,0.06463910865422061,Relative,DV1,Up 10 pp,Up,10,Random Forest,3
SHAP,Education,0.049421366703898656,Relative,DV1,Up 10 pp,Up,10,Random Forest,3
SHAP,Demographics,0.1601760254059204,Relative,DV1,Up 10 pp,Up,10,Random Forest,3
SHAP,Family / employment,0.1422600501863597,Relative,DV1,Up 10 pp,Up,10,Random Forest,3
SHAP,Occupation,0.09278596264408144,Relative,DV1,Up 10 pp,Up,10,Random Forest,3
SHAP,Industry,0.10728643756033347,Relative,DV1,Up 10 pp,Up,10,Random Forest,3
SHAP,Geography,0.0808012493492023,Relative,DV1,Up 10 pp,Up,10,Random Forest,3
Impurity,Income,0.3194973831648734,Relative,DV1,Up 10 pp,Up,10,Random Forest,4
Impurity,Wealth,0.10956672463026433,Relative,DV1,Up 10 pp,Up,10,Random Forest,4
Impurity,Education,0.06580259284017323,Relative,DV1,Up 10 pp,Up,10,Random Forest,4
Impurity,Demographics,0.17609472089344436,Relative,DV1,Up 10 pp,Up,10,Random Forest,4
Impurity,Family / employment,0.09039103286950176,Relative,DV1,Up 10 pp,Up,10,Random Forest,4
Impurity,Occupation,0.08118975516868018,Relative,DV1,Up 10 pp,Up,10,Random Forest,4
Impurity,Industry,0.09754250014549364,Relative,DV1,Up 10 pp,Up,10,Random Forest,4
Impurity,Geography,0.05991529028756909,Relative,DV1,Up 10 pp,Up,10,Random Forest,4
Permutation,Income,0.1461255002981125,Relative,DV1,Up 10 pp,Up,10,Random Forest,4
Permutation,Wealth,0.0019373661276155419,Relative,DV1,Up 10 pp,Up,10,Random Forest,4
Permutation,Education,-0.00346811993446029,Relative,DV1,Up 10 pp,Up,10,Random Forest,4
Permutation,Demographics,0.021767478464492562,Relative,DV1,Up 10 pp,Up,10,Random Forest,4
Permutation,Family / employment,0.010196349271809768,Relative,DV1,Up 10 pp,Up,10,Random Forest,4
Permutation,Occupation,0.0037952601413270616,Relative,DV1,Up 10 pp,Up,10,Random Forest,4
Permutation,Industry,-0.0047588963451371865,Relative,DV1,Up 10 pp,Up,10,Random Forest,4
Permutation,Geography,0.006461107690992507,Relative,DV1,Up 10 pp,Up,10,Random Forest,4
SHAP,Income,0.2964135174281739,Relative,DV1,Up 10 pp,Up,10,Random Forest,4
SHAP,Wealth,0.028654610385454613,Relative,DV1,Up 10 pp,Up,10,Random Forest,4
SHAP,Education,0.05471752496868126,Relative,DV1,Up 10 pp,Up,10,Random Forest,4
SHAP,Demographics,0.18664557247481517,Relative,DV1,Up 10 pp,Up,10,Random Forest,4
SHAP,Family / employment,0.16180881360583999,Relative,DV1,Up 10 pp,Up,10,Random Forest,4
SHAP,Occupation,0.07514806248145141,Relative,DV1,Up 10 pp,Up,10,Random Forest,4
SHAP,Industry,0.12935433067801413,Relative,DV1,Up 10 pp,Up,10,Random Forest,4
SHAP,Geography,0.06725756797756945,Relative,DV1,Up 10 pp,Up,10,Random Forest,4
Impurity,Income,0.3565193611627553,Relative,DV1,Up 10 pp,Up,10,Random Forest,5
Impurity,Wealth,0.10033432015005676,Relative,DV1,Up 10 pp,Up,10,Random Forest,5
Impurity,Education,0.047975716856923825,Relative,DV1,Up 10 pp,Up,10,Random Forest,5
Impurity,Demographics,0.1559268112532428,Relative,DV1,Up 10 pp,Up,10,Random Forest,5
Impurity,Family / employment,0.11404812177227759,Relative,DV1,Up 10 pp,Up,10,Random Forest,5
Impurity,Occupation,0.07555058359426782,Relative,DV1,Up 10 pp,Up,10,Random Forest,5
Impurity,Industry,0.09187147760708687,Relative,DV1,Up 10 pp,Up,10,Random Forest,5
Impurity,Geography,0.057773607603389,Relative,DV1,Up 10 pp,Up,10,Random Forest,5
Permutation,Income,0.1530056862295198,Relative,DV1,Up 10 pp,Up,10,Random Forest,5
Permutation,Wealth,0.0034230131374949568,Relative,DV1,Up 10 pp,Up,10,Random Forest,5
Permutation,Education,-0.0006319609925960257,Relative,DV1,Up 10 pp,Up,10,Random Forest,5
Permutation,Demographics,0.01661729306075687,Relative,DV1,Up 10 pp,Up,10,Random Forest,5
Permutation,Family / employment,0.007656755734189102,Relative,DV1,Up 10 pp,Up,10,Random Forest,5
Permutation,Occupation,0.0008240739875429226,Relative,DV1,Up 10 pp,Up,10,Random Forest,5
Permutation,Industry,0.0033139818722909163,Relative,DV1,Up 10 pp,Up,10,Random Forest,5
Permutation,Geography,0.007130329101166488,Relative,DV1,Up 10 pp,Up,10,Random Forest,5
SHAP,Income,0.34654361510097687,Relative,DV1,Up 10 pp,Up,10,Random Forest,5
SHAP,Wealth,0.05279824108168347,Relative,DV1,Up 10 pp,Up,10,Random Forest,5
SHAP,Education,0.032910628843244964,Relative,DV1,Up 10 pp,Up,10,Random Forest,5
SHAP,Demographics,0.1416524490208774,Relative,DV1,Up 10 pp,Up,10,Random Forest,5
SHAP,Family / employment,0.1822625357069792,Relative,DV1,Up 10 pp,Up,10,Random Forest,5
SHAP,Occupation,0.0784007444693408,Relative,DV1,Up 10 pp,Up,10,Random Forest,5
SHAP,Industry,0.09416170508128698,Relative,DV1,Up 10 pp,Up,10,Random Forest,5
SHAP,Geography,0.07127008069561011,Relative,DV1,Up 10 pp,Up,10,Random Forest,5
Impurity,Income,0.5321887676182676,Relative,DV1,Up 10 pp,Up,10,Gradient Boosting,1
Impurity,Wealth,0.07263757827071701,Relative,DV1,Up 10 pp,Up,10,Gradient Boosting,1
Impurity,Education,0.026060503194195138,Relative,DV1,Up 10 pp,Up,10,Gradient Boosting,1
Impurity,Demographics,0.1376945707335618,Relative,DV1,Up 10 pp,Up,10,Gradient Boosting,1
Impurity,Family / employment,0.08675056112693388,Relative,DV1,Up 10 pp,Up,10,Gradient Boosting,1
Impurity,Occupation,0.04216782671037611,Relative,DV1,Up 10 pp,Up,10,Gradient Boosting,1
Impurity,Industry,0.06486318698333093,Relative,DV1,Up 10 pp,Up,10,Gradient Boosting,1
Impurity,Geography,0.037637005362617354,Relative,DV1,Up 10 pp,Up,10,Gradient Boosting,1
Permutation,Income,0.11590429044796653,Relative,DV1,Up 10 pp,Up,10,Gradient Boosting,1
Permutation,Wealth,-3.658686613038365e-05,Relative,DV1,Up 10 pp,Up,10,Gradient Boosting,1
Permutation,Education,-0.0003316165519961889,Relative,DV1,Up 10 pp,Up,10,Gradient Boosting,1
Permutation,Demographics,0.014539351875798162,Relative,DV1,Up 10 pp,Up,10,Gradient Boosting,1
Permutation,Family / employment,0.018900509860473702,Relative,DV1,Up 10 pp,Up,10,Gradient Boosting,1
Permutation,Occupation,-0.000659176619585089,Relative,DV1,Up 10 pp,Up,10,Gradient Boosting,1
Permutation,Industry,0.0008362866903158684,Relative,DV1,Up 10 pp,Up,10,Gradient Boosting,1
Permutation,Geography,-0.001952162380986383,Relative,DV1,Up 10 pp,Up,10,Gradient Boosting,1
SHAP,Income,0.3577216868485151,Relative,DV1,Up 10 pp,Up,10,Gradient Boosting,1
SHAP,Wealth,0.03989890768251647,Relative,DV1,Up 10 pp,Up,10,Gradient Boosting,1
SHAP,Education,0.05136268901948463,Relative,DV1,Up 10 pp,Up,10,Gradient Boosting,1
SHAP,Demographics,0.2088506206555065,Relative,DV1,Up 10 pp,Up,10,Gradient Boosting,1
SHAP,Family / employment,0.11052472563077681,Relative,DV1,Up 10 pp,Up,10,Gradient Boosting,1
SHAP,Occupation,0.05705975488162255,Relative,DV1,Up 10 pp,Up,10,Gradient Boosting,1
SHAP,Industry,0.11357934378193252,Relative,DV1,Up 10 pp,Up,10,Gradient Boosting,1
SHAP,Geography,0.06100227149964543,Relative,DV1,Up 10 pp,Up,10,Gradient Boosting,1
Impurity,Income,0.4362862344026024,Relative,DV1,Up 10 pp,Up,10,Gradient Boosting,2
Impurity,Wealth,0.16633514784657244,Relative,DV1,Up 10 pp,Up,10,Gradient Boosting,2
Impurity,Education,0.043932880732523966,Relative,DV1,Up 10 pp,Up,10,Gradient Boosting,2
Impurity,Demographics,0.17460620122953152,Relative,DV1,Up 10 pp,Up,10,Gradient Boosting,2
Impurity,Family / employment,0.05440307974548284,Relative,DV1,Up 10 pp,Up,10,Gradient Boosting,2
Impurity,Occupation,0.04219582416111867,Relative,DV1,Up 10 pp,Up,10,Gradient Boosting,2
Impurity,Industry,0.03863451075996328,Relative,DV1,Up 10 pp,Up,10,Gradient Boosting,2
Impurity,Geography,0.04360612112220495,Relative,DV1,Up 10 pp,Up,10,Gradient Boosting,2
Permutation,Income,0.2009849273894883,Relative,DV1,Up 10 pp,Up,10,Gradient Boosting,2
Permutation,Wealth,-0.006443796128070822,Relative,DV1,Up 10 pp,Up,10,Gradient Boosting,2
Permutation,Education,0.00013762917142199905,Relative,DV1,Up 10 pp,Up,10,Gradient Boosting,2
Permutation,Demographics,0.015113803936729587,Relative,DV1,Up 10 pp,Up,10,Gradient Boosting,2
Permutation,Family / employment,0.004607064154553281,Relative,DV1,Up 10 pp,Up,10,Gradient Boosting,2
Permutation,Occupation,-0.002372833591783391,Relative,DV1,Up 10 pp,Up,10,Gradient Boosting,2
Permutation,Industry,-0.0044933596795227685,Relative,DV1,Up 10 pp,Up,10,Gradient Boosting,2
Permutation,Geography,0.004202072151559211,Relative,DV1,Up 10 pp,Up,10,Gradient Boosting,2
SHAP,Income,0.4200718856471147,Relative,DV1,Up 10 pp,Up,10,Gradient Boosting,2
SHAP,Wealth,0.10720385047558152,Relative,DV1,Up 10 pp,Up,10,Gradient Boosting,2
SHAP,Education,0.07971758413550802,Relative,DV1,Up 10 pp,Up,10,Gradient Boosting,2
SHAP,Demographics,0.12661685975987352,Relative,DV1,Up 10 pp,Up,10,Gradient Boosting,2
SHAP,Family / employment,0.07620983398035308,Relative,DV1,Up 10 pp,Up,10,Gradient Boosting,2
SHAP,Occupation,0.0586637328446902,Relative,DV1,Up 10 pp,Up,10,Gradient Boosting,2
SHAP,Industry,0.06522286173607997,Relative,DV1,Up 10 pp,Up,10,Gradient Boosting,2
SHAP,Geography,0.06629339142079901,Relative,DV1,Up 10 pp,Up,10,Gradient Boosting,2
Impurity,Income,0.39146202706921684,Relative,DV1,Up 10 pp,Up,10,Gradient Boosting,3
Impurity,Wealth,0.09292137214345468,Relative,DV1,Up 10 pp,Up,10,Gradient Boosting,3
Impurity,Education,0.04388840681924232,Relative,DV1,Up 10 pp,Up,10,Gradient Boosting,3
Impurity,Demographics,0.16060127985383096,Relative,DV1,Up 10 pp,Up,10,Gradient Boosting,3
Impurity,Family / employment,0.07978072022356611,Relative,DV1,Up 10 pp,Up,10,Gradient Boosting,3
Impurity,Occupation,0.08302276514272412,Relative,DV1,Up 10 pp,Up,10,Gradient Boosting,3
Impurity,Industry,0.08372778639959406,Relative,DV1,Up 10 pp,Up,10,Gradient Boosting,3
Impurity,Geography,0.06459564234837095,Relative,DV1,Up 10 pp,Up,10,Gradient Boosting,3
Permutation,Income,0.12176338077354512,Relative,DV1,Up 10 pp,Up,10,Gradient Boosting,3
Permutation,Wealth,-0.013224595268687156,Relative,DV1,Up 10 pp,Up,10,Gradient Boosting,3
Permutation,Education,0.0038573288679875084,Relative,DV1,Up 10 pp,Up,10,Gradient Boosting,3
Permutation,Demographics,0.002965477326440741,Relative,DV1,Up 10 pp,Up,10,Gradient Boosting,3
Permutation,Family / employment,0.004753232952413838,Relative,DV1,Up 10 pp,Up,10,Gradient Boosting,3
Permutation,Occupation,-0.000877779584792937,Relative,DV1,Up 10 pp,Up,10,Gradient Boosting,3
Permutation,Industry,-0.005035327044631127,Relative,DV1,Up 10 pp,Up,10,Gradient Boosting,3
Permutation,Geography,-0.0046965229625827885,Relative,DV1,Up 10 pp,Up,10,Gradient Boosting,3
SHAP,Income,0.2853667511437786,Relative,DV1,Up 10 pp,Up,10,Gradient Boosting,3
SHAP,Wealth,0.068084446914509,Relative,DV1,Up 10 pp,Up,10,Gradient Boosting,3
SHAP,Education,0.04584193864445314,Relative,DV1,Up 10 pp,Up,10,Gradient Boosting,3
SHAP,Demographics,0.15285340481351128,Relative,DV1,Up 10 pp,Up,10,Gradient Boosting,3
SHAP,Family / employment,0.11285674466424347,Relative,DV1,Up 10 pp,Up,10,Gradient Boosting,3
SHAP,Occupation,0.12045320113024184,Relative,DV1,Up 10 pp,Up,10,Gradient Boosting,3
SHAP,Industry,0.11876400304702436,Relative,DV1,Up 10 pp,Up,10,Gradient Boosting,3
SHAP,Geography,0.0957795096422382,Relative,DV1,Up 10 pp,Up,10,Gradient Boosting,3
Impurity,Income,0.5188644225877428,Relative,DV1,Up 10 pp,Up,10,Gradient Boosting,4
Impurity,Wealth,0.048323398446409004,Relative,DV1,Up 10 pp,Up,10,Gradient Boosting,4
Impurity,Education,0.04415067634091966,Relative,DV1,Up 10 pp,Up,10,Gradient Boosting,4
Impurity,Demographics,0.14709467998748962,Relative,DV1,Up 10 pp,Up,10,Gradient Boosting,4
Impurity,Family / employment,0.08477764107434417,Relative,DV1,Up 10 pp,Up,10,Gradient Boosting,4
Impurity,Occupation,0.04761094298911246,Relative,DV1,Up 10 pp,Up,10,Gradient Boosting,4
Impurity,Industry,0.08026582918369385,Relative,DV1,Up 10 pp,Up,10,Gradient Boosting,4
Impurity,Geography,0.028912409390288545,Relative,DV1,Up 10 pp,Up,10,Gradient Boosting,4
Permutation,Income,0.16907738073940465,Relative,DV1,Up 10 pp,Up,10,Gradient Boosting,4
Permutation,Wealth,0.00340332616419185,Relative,DV1,Up 10 pp,Up,10,Gradient Boosting,4
Permutation,Education,-0.0010323412868449566,Relative,DV1,Up 10 pp,Up,10,Gradient Boosting,4
Permutation,Demographics,0.026108915096614654,Relative,DV1,Up 10 pp,Up,10,Gradient Boosting,4
Permutation,Family / employment,0.008054446785676489,Relative,DV1,Up 10 pp,Up,10,Gradient Boosting,4
Permutation,Occupation,-0.004355424810702546,Relative,DV1,Up 10 pp,Up,10,Gradient Boosting,4
Permutation,Industry,-6.804164299625826e-05,Relative,DV1,Up 10 pp,Up,10,Gradient Boosting,4
Permutation,Geography,0.009565907125833755,Relative,DV1,Up 10 pp,Up,10,Gradient Boosting,4
SHAP,Income,0.3416572647193334,Relative,DV1,Up 10 pp,Up,10,Gradient Boosting,4
SHAP,Wealth,0.02664607717847503,Relative,DV1,Up 10 pp,Up,10,Gradient Boosting,4
SHAP,Education,0.054486044419329346,Relative,DV1,Up 10 pp,Up,10,Gradient Boosting,4
SHAP,Demographics,0.18881518370019612,Relative,DV1,Up 10 pp,Up,10,Gradient Boosting,4
SHAP,Family / employment,0.13864212051447974,Relative,DV1,Up 10 pp,Up,10,Gradient Boosting,4
SHAP,Occupation,0.051576341378764594,Relative,DV1,Up 10 pp,Up,10,Gradient Boosting,4
SHAP,Industry,0.13163365395280285,Relative,DV1,Up 10 pp,Up,10,Gradient Boosting,4
SHAP,Geography,0.06654331413661879,Relative,DV1,Up 10 pp,Up,10,Gradient Boosting,4
Impurity,Income,0.34968151794859426,Relative,DV1,Up 10 pp,Up,10,Gradient Boosting,5
Impurity,Wealth,0.12862086331371034,Relative,DV1,Up 10 pp,Up,10,Gradient Boosting,5
Impurity,Education,0.04573524695426323,Relative,DV1,Up 10 pp,Up,10,Gradient Boosting,5
Impurity,Demographics,0.16142513340051956,Relative,DV1,Up 10 pp,Up,10,Gradient Boosting,5
Impurity,Family / employment,0.09653667529140068,Relative,DV1,Up 10 pp,Up,10,Gradient Boosting,5
Impurity,Occupation,0.07982326398282759,Relative,DV1,Up 10 pp,Up,10,Gradient Boosting,5
Impurity,Industry,0.09230072233253767,Relative,DV1,Up 10 pp,Up,10,Gradient Boosting,5
Impurity,Geography,0.04587657677614666,Relative,DV1,Up 10 pp,Up,10,Gradient Boosting,5
Permutation,Income,0.17734412437987584,Relative,DV1,Up 10 pp,Up,10,Gradient Boosting,5
Permutation,Wealth,0.008452336951152972,Relative,DV1,Up 10 pp,Up,10,Gradient Boosting,5
Permutation,Education,0.007186378255468989,Relative,DV1,Up 10 pp,Up,10,Gradient Boosting,5
Permutation,Demographics,0.039064260063429196,Relative,DV1,Up 10 pp,Up,10,Gradient Boosting,5
Permutation,Family / employment,0.009363447652160262,Relative,DV1,Up 10 pp,Up,10,Gradient Boosting,5
Permutation,Occupation,0.006710672247815019,Relative,DV1,Up 10 pp,Up,10,Gradient Boosting,5
Permutation,Industry,0.005843133447164761,Relative,DV1,Up 10 pp,Up,10,Gradient Boosting,5
Permutation,Geography,0.02155524316268679,Relative,DV1,Up 10 pp,Up,10,Gradient Boosting,5
SHAP,Income,0.29398784337665124,Relative,DV1,Up 10 pp,Up,10,Gradient Boosting,5
SHAP,Wealth,0.07297614544886503,Relative,DV1,Up 10 pp,Up,10,Gradient Boosting,5
SHAP,Education,0.05754315163965074,Relative,DV1,Up 10 pp,Up,10,Gradient Boosting,5
SHAP,Demographics,0.1522365409823202,Relative,DV1,Up 10 pp,Up,10,Gradient Boosting,5
SHAP,Family / employment,0.12998862344344478,Relative,DV1,Up 10 pp,Up,10,Gradient Boosting,5
SHAP,Occupation,0.08604078216415217,Relative,DV1,Up 10 pp,Up,10,Gradient Boosting,5
SHAP,Industry,0.12726892649472515,Relative,DV1,Up 10 pp,Up,10,Gradient Boosting,5
SHAP,Geography,0.0799579864501905,Relative,DV1,Up 10 pp,Up,10,Gradient Boosting,5
Impurity,Income,0.3212452281043375,Relative,DV2,Up 20 pp,Up,20,Random Forest,1
Impurity,Wealth,0.10984996667058172,Relative,DV2,Up 20 pp,Up,20,Random Forest,1
Impurity,Education,0.05002698834308378,Relative,DV2,Up 20 pp,Up,20,Random Forest,1
Impurity,Demographics,0.1754585289650527,Relative,DV2,Up 20 pp,Up,20,Random Forest,1
Impurity,Family / employment,0.1297628519883266,Relative,DV2,Up 20 pp,Up,20,Random Forest,1
Impurity,Occupation,0.07666117123959242,Relative,DV2,Up 20 pp,Up,20,Random Forest,1
Impurity,Industry,0.08577656226806896,Relative,DV2,Up 20 pp,Up,20,Random Forest,1
Impurity,Geography,0.05121870242095644,Relative,DV2,Up 20 pp,Up,20,Random Forest,1
Permutation,Income,0.08922106712749966,Relative,DV2,Up 20 pp,Up,20,Random Forest,1
Permutation,Wealth,7.017459028728079e-05,Relative,DV2,Up 20 pp,Up,20,Random Forest,1
Permutation,Education,0.004731207390205295,Relative,DV2,Up 20 pp,Up,20,Random Forest,1
Permutation,Demographics,0.03900252139434364,Relative,DV2,Up 20 pp,Up,20,Random Forest,1
Permutation,Family / employment,0.00024249352979967,Relative,DV2,Up 20 pp,Up,20,Random Forest,1
Permutation,Occupation,-0.003987266049387439,Relative,DV2,Up 20 pp,Up,20,Random Forest,1
Permutation,Industry,-0.010430982747840234,Relative,DV2,Up 20 pp,Up,20,Random Forest,1
Permutation,Geography,0.008873884277922772,Relative,DV2,Up 20 pp,Up,20,Random Forest,1
SHAP,Income,0.32831182908063317,Relative,DV2,Up 20 pp,Up,20,Random Forest,1
SHAP,Wealth,0.06615437034233916,Relative,DV2,Up 20 pp,Up,20,Random Forest,1
SHAP,Education,0.05003190630513735,Relative,DV2,Up 20 pp,Up,20,Random Forest,1
SHAP,Demographics,0.1843418061029221,Relative,DV2,Up 20 pp,Up,20,Random Forest,1
SHAP,Family / employment,0.1701994504158594,Relative,DV2,Up 20 pp,Up,20,Random Forest,1
SHAP,Occupation,0.05476547121703253,Relative,DV2,Up 20 pp,Up,20,Random Forest,1
SHAP,Industry,0.09112900784530777,Relative,DV2,Up 20 pp,Up,20,Random Forest,1
SHAP,Geography,0.05506615869076846,Relative,DV2,Up 20 pp,Up,20,Random Forest,1
Impurity,Income,0.377831761765386,Relative,DV2,Up 20 pp,Up,20,Random Forest,2
Impurity,Wealth,0.15497588678994315,Relative,DV2,Up 20 pp,Up,20,Random Forest,2
Impurity,Education,0.06400822535403411,Relative,DV2,Up 20 pp,Up,20,Random Forest,2
Impurity,Demographics,0.22358441481045382,Relative,DV2,Up 20 pp,Up,20,Random Forest,2
Impurity,Family / employment,0.037041877429931896,Relative,DV2,Up 20 pp,Up,20,Random Forest,2
Impurity,Occupation,0.041417411036978206,Relative,DV2,Up 20 pp,Up,20,Random Forest,2
Impurity,Industry,0.037674605927196736,Relative,DV2,Up 20 pp,Up,20,Random Forest,2
Impurity,Geography,0.06346581688607614,Relative,DV2,Up 20 pp,Up,20,Random Forest,2
Permutation,Income,0.16202280134584662,Relative,DV2,Up 20 pp,Up,20,Random Forest,2
Permutation,Wealth,-0.010728331946889852,Relative,DV2,Up 20 pp,Up,20,Random Forest,2
Permutation,Education,-0.008592860112931288,Relative,DV2,Up 20 pp,Up,20,Random Forest,2
Permutation,Demographics,-0.007864456206307097,Relative,DV2,Up 20 pp,Up,20,Random Forest,2
Permutation,Family / employment,0.007946438849881287,Relative,DV2,Up 20 pp,Up,20,Random Forest,2
Permutation,Occupation,0.002008512243156441,Relative,DV2,Up 20 pp,Up,20,Random Forest,2
Permutation,Industry,-0.002626319792673459,Relative,DV2,Up 20 pp,Up,20,Random Forest,2
Permutation,Geography,-0.010824583878970251,Relative,DV2,Up 20 pp,Up,20,Random Forest,2
SHAP,Income,0.3680622584562429,Relative,DV2,Up 20 pp,Up,20,Random Forest,2
SHAP,Wealth,0.11821951034591269,Relative,DV2,Up 20 pp,Up,20,Random Forest,2
SHAP,Education,0.07711208861366725,Relative,DV2,Up 20 pp,Up,20,Random Forest,2
SHAP,Demographics,0.22546106532057822,Relative,DV2,Up 20 pp,Up,20,Random Forest,2
SHAP,Family / employment,0.07353251982547988,Relative,DV2,Up 20 pp,Up,20,Random Forest,2
SHAP,Occupation,0.030883308996539575,Relative,DV2,Up 20 pp,Up,20,Random Forest,2
SHAP,Industry,0.037651095773587516,Relative,DV2,Up 20 pp,Up,20,Random Forest,2
SHAP,Geography,0.06907815266799189,Relative,DV2,Up 20 pp,Up,20,Random Forest,2
Impurity,Income,0.36331148148995984,Relative,DV2,Up 20 pp,Up,20,Random Forest,3
Impurity,Wealth,0.17475145958277136,Relative,DV2,Up 20 pp,Up,20,Random Forest,3
Impurity,Education,0.058603676805931246,Relative,DV2,Up 20 pp,Up,20,Random Forest,3
Impurity,Demographics,0.2232587022204102,Relative,DV2,Up 20 pp,Up,20,Random Forest,3
Impurity,Family / employment,0.03252221290520943,Relative,DV2,Up 20 pp,Up,20,Random Forest,3
Impurity,Occupation,0.04478696451919496,Relative,DV2,Up 20 pp,Up,20,Random Forest,3
Impurity,Industry,0.034220393090837416,Relative,DV2,Up 20 pp,Up,20,Random Forest,3
Impurity,Geography,0.0685451093856855,Relative,DV2,Up 20 pp,Up,20,Random Forest,3
Permutation,Income,0.2445287735586546,Relative,DV2,Up 20 pp,Up,20,Random Forest,3
Permutation,Wealth,0.01775527913226972,Relative,DV2,Up 20 pp,Up,20,Random Forest,3
Permutation,Education,-0.0003665824615387614,Relative,DV2,Up 20 pp,Up,20,Random Forest,3
Permutation,Demographics,0.034233595365236784,Relative,DV2,Up 20 pp,Up,20,Random Forest,3
Permutation,Family / employment,-0.0013937567987753752,Relative,DV2,Up 20 pp,Up,20,Random Forest,3
Permutation,Occupation,0.0024012463496907665,Relative,DV2,Up 20 pp,Up,20,Random Forest,3
Permutation,Industry,0.001808329457926261,Relative,DV2,Up 20 pp,Up,20,Random Forest,3
Permutation,Geography,-0.0022320596439643014,Relative,DV2,Up 20 pp,Up,20,Random Forest,3
SHAP,Income,0.35724840341467756,Relative,DV2,Up 20 pp,Up,20,Random Forest,3
SHAP,Wealth,0.1157463189328167,Relative,DV2,Up 20 pp,Up,20,Random Forest,3
SHAP,Education,0.07579479719098423,Relative,DV2,Up 20 pp,Up,20,Random Forest,3
SHAP,Demographics,0.23223213188335354,Relative,DV2,Up 20 pp,Up,20,Random Forest,3
SHAP,Family / employment,0.062012263104774826,Relative,DV2,Up 20 pp,Up,20,Random Forest,3
SHAP,Occupation,0.04334728105719149,Relative,DV2,Up 20 pp,Up,20,Random Forest,3
SHAP,Industry,0.024912821602544363,Relative,DV2,Up 20 pp,Up,20,Random Forest,3
SHAP,Geography,0.08870598281365749,Relative,DV2,Up 20 pp,Up,20,Random Forest,3
Impurity,Income,0.38871236072888005,Relative,DV2,Up 20 pp,Up,20,Random Forest,4
Impurity,Wealth,0.16989996384709818,Relative,DV2,Up 20 pp,Up,20,Random Forest,4
Impurity,Education,0.05511539138301697,Relative,DV2,Up 20 pp,Up,20,Random Forest,4
Impurity,Demographics,0.21690153962306755,Relative,DV2,Up 20 pp,Up,20,Random Forest,4
Impurity,Family / employment,0.0353593126942377,Relative,DV2,Up 20 pp,Up,20,Random Forest,4
Impurity,Occupation,0.0429677567438925,Relative,DV2,Up 20 pp,Up,20,Random Forest,4
Impurity,Industry,0.037937709285128726,Relative,DV2,Up 20 pp,Up,20,Random Forest,4
Impurity,Geography,0.05310596569467849,Relative,DV2,Up 20 pp,Up,20,Random Forest,4
Permutation,Income,0.19194413142631758,Relative,DV2,Up 20 pp,Up,20,Random Forest,4
Permutation,Wealth,1.1972222177203396e-05,Relative,DV2,Up 20 pp,Up,20,Random Forest,4
Permutation,Education,0.007094400161356257,Relative,DV2,Up 20 pp,Up,20,Random Forest,4
Permutation,Demographics,0.04585031158546303,Relative,DV2,Up 20 pp,Up,20,Random Forest,4
Permutation,Family / employment,-0.0014230634917735574,Relative,DV2,Up 20 pp,Up,20,Random Forest,4
Permutation,Occupation,0.0036588675127373514,Relative,DV2,Up 20 pp,Up,20,Random Forest,4
Permutation,Industry,0.00212491196725878,Relative,DV2,Up 20 pp,Up,20,Random Forest,4
Permutation,Geography,0.012651679980744669,Relative,DV2,Up 20 pp,Up,20,Random Forest,4
SHAP,Income,0.368150683196329,Relative,DV2,Up 20 pp,Up,20,Random Forest,4
SHAP,Wealth,0.1065559843365098,Relative,DV2,Up 20 pp,Up,20,Random Forest,4
SHAP,Education,0.08160923297550943,Relative,DV2,Up 20 pp,Up,20,Random Forest,4
SHAP,Demographics,0.24114427932320098,Relative,DV2,Up 20 pp,Up,20,Random Forest,4
SHAP,Family / employment,0.06236744885033276,Relative,DV2,Up 20 pp,Up,20,Random Forest,4
SHAP,Occupation,0.03840871142723948,Relative,DV2,Up 20 pp,Up,20,Random Forest,4
SHAP,Industry,0.04567322903400757,Relative,DV2,Up 20 pp,Up,20,Random Forest,4
SHAP,Geography,0.056090430856870925,Relative,DV2,Up 20 pp,Up,20,Random Forest,4
Impurity,Income,0.297822496655223,Relative,DV2,Up 20 pp,Up,20,Random Forest,5
Impurity,Wealth,0.1331160227665195,Relative,DV2,Up 20 pp,Up,20,Random Forest,5
Impurity,Education,0.0725555766888333,Relative,DV2,Up 20 pp,Up,20,Random Forest,5
Impurity,Demographics,0.1763839306950727,Relative,DV2,Up 20 pp,Up,20,Random Forest,5
Impurity,Family / employment,0.06629678481265887,Relative,DV2,Up 20 pp,Up,20,Random Forest,5
Impurity,Occupation,0.09314639298190669,Relative,DV2,Up 20 pp,Up,20,Random Forest,5
Impurity,Industry,0.0771846811348033,Relative,DV2,Up 20 pp,Up,20,Random Forest,5
Impurity,Geography,0.08349411426498277,Relative,DV2,Up 20 pp,Up,20,Random Forest,5
Permutation,Income,0.12481592932968866,Relative,DV2,Up 20 pp,Up,20,Random Forest,5
Permutation,Wealth,0.020525170495277696,Relative,DV2,Up 20 pp,Up,20,Random Forest,5
Permutation,Education,0.010449941958938964,Relative,DV2,Up 20 pp,Up,20,Random Forest,5
Permutation,Demographics,0.043364639908880634,Relative,DV2,Up 20 pp,Up,20,Random Forest,5
Permutation,Family / employment,-0.006219723180927722,Relative,DV2,Up 20 pp,Up,20,Random Forest,5
Permutation,Occupation,0.00258969215005026,Relative,DV2,Up 20 pp,Up,20,Random Forest,5
Permutation,Industry,-0.0013977913528422426,Relative,DV2,Up 20 pp,Up,20,Random Forest,5
Permutation,Geography,-0.005992215012755426,Relative,DV2,Up 20 pp,Up,20,Random Forest,5
SHAP,Income,0.27009339229884693,Relative,DV2,Up 20 pp,Up,20,Random Forest,5
SHAP,Wealth,0.06860159577962717,Relative,DV2,Up 20 pp,Up,20,Random Forest,5
SHAP,Education,0.0700254018302132,Relative,DV2,Up 20 pp,Up,20,Random Forest,5
SHAP,Demographics,0.16167142387794511,Relative,DV2,Up 20 pp,Up,20,Random Forest,5
SHAP,Family / employment,0.1542043305765789,Relative,DV2,Up 20 pp,Up,20,Random Forest,5
SHAP,Occupation,0.07145922695122321,Relative,DV2,Up 20 pp,Up,20,Random Forest,5
SHAP,Industry,0.07403448346483946,Relative,DV2,Up 20 pp,Up,20,Random Forest,5
SHAP,Geography,0.1299101452207261,Relative,DV2,Up 20 pp,Up,20,Random Forest,5
Impurity,Income,0.3591342727016272,Relative,DV2,Up 20 pp,Up,20,Gradient Boosting,1
Impurity,Wealth,0.10971933168046816,Relative,DV2,Up 20 pp,Up,20,Gradient Boosting,1
Impurity,Education,0.05833743010618302,Relative,DV2,Up 20 pp,Up,20,Gradient Boosting,1
Impurity,Demographics,0.16240625677172035,Relative,DV2,Up 20 pp,Up,20,Gradient Boosting,1
Impurity,Family / employment,0.10515927041641504,Relative,DV2,Up 20 pp,Up,20,Gradient Boosting,1
Impurity,Occupation,0.06878298733199152,Relative,DV2,Up 20 pp,Up,20,Gradient Boosting,1
Impurity,Industry,0.08767524539178091,Relative,DV2,Up 20 pp,Up,20,Gradient Boosting,1
Impurity,Geography,0.048785205599813856,Relative,DV2,Up 20 pp,Up,20,Gradient Boosting,1
Permutation,Income,0.12453511111310075,Relative,DV2,Up 20 pp,Up,20,Gradient Boosting,1
Permutation,Wealth,0.007841711955144364,Relative,DV2,Up 20 pp,Up,20,Gradient Boosting,1
Permutation,Education,0.004985730569882374,Relative,DV2,Up 20 pp,Up,20,Gradient Boosting,1
Permutation,Demographics,0.04440628699439075,Relative,DV2,Up 20 pp,Up,20,Gradient Boosting,1
Permutation,Family / employment,-0.0018953207851918562,Relative,DV2,Up 20 pp,Up,20,Gradient Boosting,1
Permutation,Occupation,0.005316431450525327,Relative,DV2,Up 20 pp,Up,20,Gradient Boosting,1
Permutation,Industry,-0.007550712833235001,Relative,DV2,Up 20 pp,Up,20,Gradient Boosting,1
Permutation,Geography,0.005691087607604594,Relative,DV2,Up 20 pp,Up,20,Gradient Boosting,1
SHAP,Income,0.3292225971896301,Relative,DV2,Up 20 pp,Up,20,Gradient Boosting,1
SHAP,Wealth,0.07945929882394695,Relative,DV2,Up 20 pp,Up,20,Gradient Boosting,1
SHAP,Education,0.06959116827326525,Relative,DV2,Up 20 pp,Up,20,Gradient Boosting,1
SHAP,Demographics,0.16541449715076084,Relative,DV2,Up 20 pp,Up,20,Gradient Boosting,1
SHAP,Family / employment,0.10643511575000306,Relative,DV2,Up 20 pp,Up,20,Gradient Boosting,1
SHAP,Occupation,0.05440817621875538,Relative,DV2,Up 20 pp,Up,20,Gradient Boosting,1
SHAP,Industry,0.10969577791839391,Relative,DV2,Up 20 pp,Up,20,Gradient Boosting,1
SHAP,Geography,0.08577336867524471,Relative,DV2,Up 20 pp,Up,20,Gradient Boosting,1
Impurity,Income,0.4117398660693294,Relative,DV2,Up 20 pp,Up,20,Gradient Boosting,2
Impurity,Wealth,0.13087759072471572,Relative,DV2,Up 20 pp,Up,20,Gradient Boosting,2
Impurity,Education,0.0614011552476977,Relative,DV2,Up 20 pp,Up,20,Gradient Boosting,2
Impurity,Demographics,0.24507404137183353,Relative,DV2,Up 20 pp,Up,20,Gradient Boosting,2
Impurity,Family / employment,0.025437194306997778,Relative,DV2,Up 20 pp,Up,20,Gradient Boosting,2
Impurity,Occupation,0.03836867334686256,Relative,DV2,Up 20 pp,Up,20,Gradient Boosting,2
Impurity,Industry,0.03537882753059003,Relative,DV2,Up 20 pp,Up,20,Gradient Boosting,2
Impurity,Geography,0.05172265140197335,Relative,DV2,Up 20 pp,Up,20,Gradient Boosting,2
Permutation,Income,0.19113123393532844,Relative,DV2,Up 20 pp,Up,20,Gradient Boosting,2
Permutation,Wealth,-0.0023153681727073106,Relative,DV2,Up 20 pp,Up,20,Gradient Boosting,2
Permutation,Education,0.006285931464702693,Relative,DV2,Up 20 pp,Up,20,Gradient Boosting,2
Permutation,Demographics,0.0059513341121872785,Relative,DV2,Up 20 pp,Up,20,Gradient Boosting,2
Permutation,Family / employment,0.009596054834534056,Relative,DV2,Up 20 pp,Up,20,Gradient Boosting,2
Permutation,Occupation,0.0037893372822511207,Relative,DV2,Up 20 pp,Up,20,Gradient Boosting,2
Permutation,Industry,0.0004629552868204934,Relative,DV2,Up 20 pp,Up,20,Gradient Boosting,2
Permutation,Geography,-0.0017621253657003622,Relative,DV2,Up 20 pp,Up,20,Gradient Boosting,2
SHAP,Income,0.3873337360179642,Relative,DV2,Up 20 pp,Up,20,Gradient Boosting,2
SHAP,Wealth,0.10127918552956551,Relative,DV2,Up 20 pp,Up,20,Gradient Boosting,2
SHAP,Education,0.09509912777599294,Relative,DV2,Up 20 pp,Up,20,Gradient Boosting,2
SHAP,Demographics,0.2033577076365161,Relative,DV2,Up 20 pp,Up,20,Gradient Boosting,2
SHAP,Family / employment,0.04613112176354704,Relative,DV2,Up 20 pp,Up,20,Gradient Boosting,2
SHAP,Occupation,0.035134473699182996,Relative,DV2,Up 20 pp,Up,20,Gradient Boosting,2
SHAP,Industry,0.05741534280968533,Relative,DV2,Up 20 pp,Up,20,Gradient Boosting,2
SHAP,Geography,0.07424930476754621,Relative,DV2,Up 20 pp,Up,20,Gradient Boosting,2
Impurity,Income,0.44396457860863897,Relative,DV2,Up 20 pp,Up,20,Gradient Boosting,3
Impurity,Wealth,0.08063824665300906,Relative,DV2,Up 20 pp,Up,20,Gradient Boosting,3
Impurity,Education,0.05185398091871385,Relative,DV2,Up 20 pp,Up,20,Gradient Boosting,3
Impurity,Demographics,0.1758958842046762,Relative,DV2,Up 20 pp,Up,20,Gradient Boosting,3
Impurity,Family / employment,0.09375740952892803,Relative,DV2,Up 20 pp,Up,20,Gradient Boosting,3
Impurity,Occupation,0.0486058237346747,Relative,DV2,Up 20 pp,Up,20,Gradient Boosting,3
Impurity,Industry,0.02870006675534784,Relative,DV2,Up 20 pp,Up,20,Gradient Boosting,3
Impurity,Geography,0.07658400959601132,Relative,DV2,Up 20 pp,Up,20,Gradient Boosting,3
Permutation,Income,0.17266945440341805,Relative,DV2,Up 20 pp,Up,20,Gradient Boosting,3
Permutation,Wealth,0.007807996806485834,Relative,DV2,Up 20 pp,Up,20,Gradient Boosting,3
Permutation,Education,-0.0016305906408270344,Relative,DV2,Up 20 pp,Up,20,Gradient Boosting,3
Permutation,Demographics,0.013600944259280717,Relative,DV2,Up 20 pp,Up,20,Gradient Boosting,3
Permutation,Family / employment,0.008083431578895423,Relative,DV2,Up 20 pp,Up,20,Gradient Boosting,3
Permutation,Occupation,-0.006605583787040403,Relative,DV2,Up 20 pp,Up,20,Gradient Boosting,3
Permutation,Industry,0.0004999176243130621,Relative,DV2,Up 20 pp,Up,20,Gradient Boosting,3
Permutation,Geography,-0.012835624075272356,Relative,DV2,Up 20 pp,Up,20,Gradient Boosting,3
SHAP,Income,0.28386606083766297,Relative,DV2,Up 20 pp,Up,20,Gradient Boosting,3
SHAP,Wealth,0.08234251247165826,Relative,DV2,Up 20 pp,Up,20,Gradient Boosting,3
SHAP,Education,0.09261792188124791,Relative,DV2,Up 20 pp,Up,20,Gradient Boosting,3
SHAP,Demographics,0.21450485982186362,Relative,DV2,Up 20 pp,Up,20,Gradient Boosting,3
SHAP,Family / employment,0.1110922655901822,Relative,DV2,Up 20 pp,Up,20,Gradient Boosting,3
SHAP,Occupation,0.050844746354223924,Relative,DV2,Up 20 pp,Up,20,Gradient Boosting,3
SHAP,Industry,0.04318771777813904,Relative,DV2,Up 20 pp,Up,20,Gradient Boosting,3
SHAP,Geography,0.12154391526502205,Relative,DV2,Up 20 pp,Up,20,Gradient Boosting,3
Impurity,Income,0.4345037347582111,Relative,DV2,Up 20 pp,Up,20,Gradient Boosting,4
Impurity,Wealth,0.16448918643458202,Relative,DV2,Up 20 pp,Up,20,Gradient Boosting,4
Impurity,Education,0.03698906935460021,Relative,DV2,Up 20 pp,Up,20,Gradient Boosting,4
Impurity,Demographics,0.25800523216618043,Relative,DV2,Up 20 pp,Up,20,Gradient Boosting,4
Impurity,Family / employment,0.00927826248085624,Relative,DV2,Up 20 pp,Up,20,Gradient Boosting,4
Impurity,Occupation,0.032940080909325306,Relative,DV2,Up 20 pp,Up,20,Gradient Boosting,4
Impurity,Industry,0.035238608520068326,Relative,DV2,Up 20 pp,Up,20,Gradient Boosting,4
Impurity,Geography,0.028555825376176444,Relative,DV2,Up 20 pp,Up,20,Gradient Boosting,4
Permutation,Income,0.18856789639216545,Relative,DV2,Up 20 pp,Up,20,Gradient Boosting,4
Permutation,Wealth,-0.007693612126048572,Relative,DV2,Up 20 pp,Up,20,Gradient Boosting,4
Permutation,Education,0.004134483380435067,Relative,DV2,Up 20 pp,Up,20,Gradient Boosting,4
Permutation,Demographics,0.04348772995520887,Relative,DV2,Up 20 pp,Up,20,Gradient Boosting,4
Permutation,Family / employment,-0.001201895338444059,Relative,DV2,Up 20 pp,Up,20,Gradient Boosting,4
Permutation,Occupation,0.002222148147964742,Relative,DV2,Up 20 pp,Up,20,Gradient Boosting,4
Permutation,Industry,-0.007244419281993419,Relative,DV2,Up 20 pp,Up,20,Gradient Boosting,4
Permutation,Geography,0.006636731993964811,Relative,DV2,Up 20 pp,Up,20,Gradient Boosting,4
SHAP,Income,0.4106607263277747,Relative,DV2,Up 20 pp,Up,20,Gradient Boosting,4
SHAP,Wealth,0.08839198477846869,Relative,DV2,Up 20 pp,Up,20,Gradient Boosting,4
SHAP,Education,0.09118895911344584,Relative,DV2,Up 20 pp,Up,20,Gradient Boosting,4
SHAP,Demographics,0.2564119015178845,Relative,DV2,Up 20 pp,Up,20,Gradient Boosting,4
SHAP,Family / employment,0.01016321764562804,Relative,DV2,Up 20 pp,Up,20,Gradient Boosting,4
SHAP,Occupation,0.037713723503350095,Relative,DV2,Up 20 pp,Up,20,Gradient Boosting,4
SHAP,Industry,0.05457267998821312,Relative,DV2,Up 20 pp,Up,20,Gradient Boosting,4
SHAP,Geography,0.050896807125234866,Relative,DV2,Up 20 pp,Up,20,Gradient Boosting,4
Impurity,Income,0.49972652261408274,Relative,DV2,Up 20 pp,Up,20,Gradient Boosting,5
Impurity,Wealth,0.06982462345751898,Relative,DV2,Up 20 pp,Up,20,Gradient Boosting,5
Impurity,Education,0.04054320731222706,Relative,DV2,Up 20 pp,Up,20,Gradient Boosting,5
Impurity,Demographics,0.1312975475686617,Relative,DV2,Up 20 pp,Up,20,Gradient Boosting,5
Impurity,Family / employment,0.11641272992144816,Relative,DV2,Up 20 pp,Up,20,Gradient Boosting,5
Impurity,Occupation,0.03952005579057324,Relative,DV2,Up 20 pp,Up,20,Gradient Boosting,5
Impurity,Industry,0.0411787349753014,Relative,DV2,Up 20 pp,Up,20,Gradient Boosting,5
Impurity,Geography,0.06149657836018685,Relative,DV2,Up 20 pp,Up,20,Gradient Boosting,5
Permutation,Income,0.15502976219344283,Relative,DV2,Up 20 pp,Up,20,Gradient Boosting,5
Permutation,Wealth,0.018567168449015188,Relative,DV2,Up 20 pp,Up,20,Gradient Boosting,5
Permutation,Education,0.015585553533010693,Relative,DV2,Up 20 pp,Up,20,Gradient Boosting,5
Permutation,Demographics,0.0403031412318972,Relative,DV2,Up 20 pp,Up,20,Gradient Boosting,5
Permutation,Family / employment,0.008556026727815325,Relative,DV2,Up 20 pp,Up,20,Gradient Boosting,5
Permutation,Occupation,-0.003172217830625712,Relative,DV2,Up 20 pp,Up,20,Gradient Boosting,5
Permutation,Industry,0.0007037827467682833,Relative,DV2,Up 20 pp,Up,20,Gradient Boosting,5
Permutation,Geography,0.0074479057492886965,Relative,DV2,Up 20 pp,Up,20,Gradient Boosting,5
SHAP,Income,0.31235570092542253,Relative,DV2,Up 20 pp,Up,20,Gradient Boosting,5
SHAP,Wealth,0.06833804568059394,Relative,DV2,Up 20 pp,Up,20,Gradient Boosting,5
SHAP,Education,0.08340465634619955,Relative,DV2,Up 20 pp,Up,20,Gradient Boosting,5
SHAP,Demographics,0.15364279513532536,Relative,DV2,Up 20 pp,Up,20,Gradient Boosting,5
SHAP,Family / employment,0.14344039895620025,Relative,DV2,Up 20 pp,Up,20,Gradient Boosting,5
SHAP,Occupation,0.041336577446413406,Relative,DV2,Up 20 pp,Up,20,Gradient Boosting,5
SHAP,Industry,0.0668606419718313,Relative,DV2,Up 20 pp,Up,20,Gradient Boosting,5
SHAP,Geography,0.13062118353801383,Relative,DV2,Up 20 pp,Up,20,Gradient Boosting,5
Impurity,Income,0.38989484801642393,Relative,DV3,Up 30 pp,Up,30,Random Forest,1
Impurity,Wealth,0.19443236175224757,Relative,DV3,Up 30 pp,Up,30,Random Forest,1
Impurity,Education,0.046871712292676206,Relative,DV3,Up 30 pp,Up,30,Random Forest,1
Impurity,Demographics,0.2028685400414494,Relative,DV3,Up 30 pp,Up,30,Random Forest,1
Impurity,Family / employment,0.03395280960795892,Relative,DV3,Up 30 pp,Up,30,Random Forest,1
Impurity,Occupation,0.033429876892516266,Relative,DV3,Up 30 pp,Up,30,Random Forest,1
Impurity,Industry,0.03287940916993336,Relative,DV3,Up 30 pp,Up,30,Random Forest,1
Impurity,Geography,0.06567044222679441,Relative,DV3,Up 30 pp,Up,30,Random Forest,1
Permutation,Income,0.18943844815719055,Relative,DV3,Up 30 pp,Up,30,Random Forest,1
Permutation,Wealth,-0.0086583876595974,Relative,DV3,Up 30 pp,Up,30,Random Forest,1
Permutation,Education,-0.002171526275710256,Relative,DV3,Up 30 pp,Up,30,Random Forest,1
Permutation,Demographics,0.0049448758526621835,Relative,DV3,Up 30 pp,Up,30,Random Forest,1
Permutation,Family / employment,0.018569990925581814,Relative,DV3,Up 30 pp,Up,30,Random Forest,1
Permutation,Occupation,0.010815683294936363,Relative,DV3,Up 30 pp,Up,30,Random Forest,1
Permutation,Industry,-0.0006703011863360032,Relative,DV3,Up 30 pp,Up,30,Random Forest,1
Permutation,Geography,0.015142245810850784,Relative,DV3,Up 30 pp,Up,30,Random Forest,1
SHAP,Income,0.376424810059346,Relative,DV3,Up 30 pp,Up,30,Random Forest,1
SHAP,Wealth,0.18822628512551126,Relative,DV3,Up 30 pp,Up,30,Random Forest,1
SHAP,Education,0.047891323394565366,Relative,DV3,Up 30 pp,Up,30,Random Forest,1
SHAP,Demographics,0.18951615470815464,Relative,DV3,Up 30 pp,Up,30,Random Forest,1
SHAP,Family / employment,0.07049751198223377,Relative,DV3,Up 30 pp,Up,30,Random Forest,1
SHAP,Occupation,0.02770865538116528,Relative,DV3,Up 30 pp,Up,30,Random Forest,1
SHAP,Industry,0.025666071289453606,Relative,DV3,Up 30 pp,Up,30,Random Forest,1
SHAP,Geography,0.07406918805957016,Relative,DV3,Up 30 pp,Up,30,Random Forest,1
Impurity,Income,0.30449380108690743,Relative,DV3,Up 30 pp,Up,30,Random Forest,2
Impurity,Wealth,0.14183824145681997,Relative,DV3,Up 30 pp,Up,30,Random Forest,2
Impurity,Education,0.06316961359034841,Relative,DV3,Up 30 pp,Up,30,Random Forest,2
Impurity,Demographics,0.16920074714875752,Relative,DV3,Up 30 pp,Up,30,Random Forest,2
Impurity,Family / employment,0.05950006205024447,Relative,DV3,Up 30 pp,Up,30,Random Forest,2
Impurity,Occupation,0.09893549532414106,Relative,DV3,Up 30 pp,Up,30,Random Forest,2
Impurity,Industry,0.0746991656408945,Relative,DV3,Up 30 pp,Up,30,Random Forest,2
Impurity,Geography,0.08816287370188644,Relative,DV3,Up 30 pp,Up,30,Random Forest,2
Permutation,Income,0.12962653477701833,Relative,DV3,Up 30 pp,Up,30,Random Forest,2
Permutation,Wealth,0.02514067256409013,Relative,DV3,Up 30 pp,Up,30,Random Forest,2
Permutation,Education,-0.003837686742057389,Relative,DV3,Up 30 pp,Up,30,Random Forest,2
Permutation,Demographics,0.019038998852604166,Relative,DV3,Up 30 pp,Up,30,Random Forest,2
Permutation,Family / employment,-0.00193054116859524,Relative,DV3,Up 30 pp,Up,30,Random Forest,2
Permutation,Occupation,-0.01374654604504207,Relative,DV3,Up 30 pp,Up,30,Random Forest,2
Permutation,Industry,0.0021519417011292953,Relative,DV3,Up 30 pp,Up,30,Random Forest,2
Permutation,Geography,-0.0052113862095386435,Relative,DV3,Up 30 pp,Up,30,Random Forest,2
SHAP,Income,0.31876613198759646,Relative,DV3,Up 30 pp,Up,30,Random Forest,2
SHAP,Wealth,0.09012107669695292,Relative,DV3,Up 30 pp,Up,30,Random Forest,2
SHAP,Education,0.04754497851313171,Relative,DV3,Up 30 pp,Up,30,Random Forest,2
SHAP,Demographics,0.1493796704289613,Relative,DV3,Up 30 pp,Up,30,Random Forest,2
SHAP,Family / employment,0.12681893075247155,Relative,DV3,Up 30 pp,Up,30,Random Forest,2
SHAP,Occupation,0.08901031470028528,Relative,DV3,Up 30 pp,Up,30,Random Forest,2
SHAP,Industry,0.049416899495802434,Relative,DV3,Up 30 pp,Up,30,Random Forest,2
SHAP,Geography,0.1289419974247985,Relative,DV3,Up 30 pp,Up,30,Random Forest,2
Impurity,Income,0.41924534227335686,Relative,DV3,Up 30 pp,Up,30,Random Forest,3
Impurity,Wealth,0.17356083123784627,Relative,DV3,Up 30 pp,Up,30,Random Forest,3
Impurity,Education,0.04801506200101323,Relative,DV3,Up 30 pp,Up,30,Random Forest,3
Impurity,Demographics,0.18445723360260405,Relative,DV3,Up 30 pp,Up,30,Random Forest,3
Impurity,Family / employment,0.037974701077060656,Relative,DV3,Up 30 pp,Up,30,Random Forest,3
Impurity,Occupation,0.045192493686903874,Relative,DV3,Up 30 pp,Up,30,Random Forest,3
Impurity,Industry,0.03051922397795752,Relative,DV3,Up 30 pp,Up,30,Random Forest,3
Impurity,Geography,0.061035112143257624,Relative,DV3,Up 30 pp,Up,30,Random Forest,3
Permutation,Income,0.050438655850306637,Relative,DV3,Up 30 pp,Up,30,Random Forest,3
Permutation,Wealth,0.02968113437783687,Relative,DV3,Up 30 pp,Up,30,Random Forest,3
Permutation,Education,-0.006026022552025639,Relative,DV3,Up 30 pp,Up,30,Random Forest,3
Permutation,Demographics,0.016385230520014317,Relative,DV3,Up 30 pp,Up,30,Random Forest,3
Permutation,Family / employment,0.0016509614219700653,Relative,DV3,Up 30 pp,Up,30,Random Forest,3
Permutation,Occupation,-0.003027160607523388,Relative,DV3,Up 30 pp,Up,30,Random Forest,3
Permutation,Industry,-0.0003645094745748867,Relative,DV3,Up 30 pp,Up,30,Random Forest,3
Permutation,Geography,0.007264637488512559,Relative,DV3,Up 30 pp,Up,30,Random Forest,3
SHAP,Income,0.39379666207935166,Relative,DV3,Up 30 pp,Up,30,Random Forest,3
SHAP,Wealth,0.1544991545144483,Relative,DV3,Up 30 pp,Up,30,Random Forest,3
SHAP,Education,0.054612615501987094,Relative,DV3,Up 30 pp,Up,30,Random Forest,3
SHAP,Demographics,0.1882079061094783,Relative,DV3,Up 30 pp,Up,30,Random Forest,3
SHAP,Family / employment,0.0673257305337512,Relative,DV3,Up 30 pp,Up,30,Random Forest,3
SHAP,Occupation,0.04784557653639643,Relative,DV3,Up 30 pp,Up,30,Random Forest,3
SHAP,Industry,0.024233761747544214,Relative,DV3,Up 30 pp,Up,30,Random Forest,3
SHAP,Geography,0.06947859297704273,Relative,DV3,Up 30 pp,Up,30,Random Forest,3
Impurity,Income,0.3330006234609157,Relative,DV3,Up 30 pp,Up,30,Random Forest,4
Impurity,Wealth,0.14579781241521345,Relative,DV3,Up 30 pp,Up,30,Random Forest,4
Impurity,Education,0.04679547760153381,Relative,DV3,Up 30 pp,Up,30,Random Forest,4
Impurity,Demographics,0.14126197455139355,Relative,DV3,Up 30 pp,Up,30,Random Forest,4
Impurity,Family / employment,0.10942917667509208,Relative,DV3,Up 30 pp,Up,30,Random Forest,4
Impurity,Occupation,0.08480421599368158,Relative,DV3,Up 30 pp,Up,30,Random Forest,4
Impurity,Industry,0.06561664522249448,Relative,DV3,Up 30 pp,Up,30,Random Forest,4
Impurity,Geography,0.07329407407967543,Relative,DV3,Up 30 pp,Up,30,Random Forest,4
Permutation,Income,0.12558919270155194,Relative,DV3,Up 30 pp,Up,30,Random Forest,4
Permutation,Wealth,0.03154912289827093,Relative,DV3,Up 30 pp,Up,30,Random Forest,4
Permutation,Education,0.004926913681145467,Relative,DV3,Up 30 pp,Up,30,Random Forest,4
Permutation,Demographics,0.020726071569391113,Relative,DV3,Up 30 pp,Up,30,Random Forest,4
Permutation,Family / employment,0.005122879283842474,Relative,DV3,Up 30 pp,Up,30,Random Forest,4
Permutation,Occupation,0.004057005987546075,Relative,DV3,Up 30 pp,Up,30,Random Forest,4
Permutation,Industry,0.004376697780610911,Relative,DV3,Up 30 pp,Up,30,Random Forest,4
Permutation,Geography,0.008678301220301004,Relative,DV3,Up 30 pp,Up,30,Random Forest,4
SHAP,Income,0.32775913526260225,Relative,DV3,Up 30 pp,Up,30,Random Forest,4
SHAP,Wealth,0.10826301790986881,Relative,DV3,Up 30 pp,Up,30,Random Forest,4
SHAP,Education,0.040436158512908486,Relative,DV3,Up 30 pp,Up,30,Random Forest,4
SHAP,Demographics,0.15924481263820764,Relative,DV3,Up 30 pp,Up,30,Random Forest,4
SHAP,Family / employment,0.15724816923863436,Relative,DV3,Up 30 pp,Up,30,Random Forest,4
SHAP,Occupation,0.055101210498781174,Relative,DV3,Up 30 pp,Up,30,Random Forest,4
SHAP,Industry,0.051297385070317676,Relative,DV3,Up 30 pp,Up,30,Random Forest,4
SHAP,Geography,0.10065011086867973,Relative,DV3,Up 30 pp,Up,30,Random Forest,4
Impurity,Income,0.3000678680947428,Relative,DV3,Up 30 pp,Up,30,Random Forest,5
Impurity,Wealth,0.16233495319047883,Relative,DV3,Up 30 pp,Up,30,Random Forest,5
Impurity,Education,0.06382946154909772,Relative,DV3,Up 30 pp,Up,30,Random Forest,5
Impurity,Demographics,0.17922776209366964,Relative,DV3,Up 30 pp,Up,30,Random Forest,5
Impurity,Family / employment,0.051037498807996115,Relative,DV3,Up 30 pp,Up,30,Random Forest,5
Impurity,Occupation,0.08422200572816158,Relative,DV3,Up 30 pp,Up,30,Random Forest,5
Impurity,Industry,0.0910514314686988,Relative,DV3,Up 30 pp,Up,30,Random Forest,5
Impurity,Geography,0.0682290190671546,Relative,DV3,Up 30 pp,Up,30,Random Forest,5
Permutation,Income,0.16986651771714478,Relative,DV3,Up 30 pp,Up,30,Random Forest,5
Permutation,Wealth,0.009757939086509081,Relative,DV3,Up 30 pp,Up,30,Random Forest,5
Permutation,Education,-0.00843380676562822,Relative,DV3,Up 30 pp,Up,30,Random Forest,5
Permutation,Demographics,0.03294266850314796,Relative,DV3,Up 30 pp,Up,30,Random Forest,5
Permutation,Family / employment,0.016386114829724824,Relative,DV3,Up 30 pp,Up,30,Random Forest,5
Permutation,Occupation,0.0035216136336114756,Relative,DV3,Up 30 pp,Up,30,Random Forest,5
Permutation,Industry,-0.0027060635302566137,Relative,DV3,Up 30 pp,Up,30,Random Forest,5
Permutation,Geography,0.01771668138766342,Relative,DV3,Up 30 pp,Up,30,Random Forest,5
SHAP,Income,0.2841531307046337,Relative,DV3,Up 30 pp,Up,30,Random Forest,5
SHAP,Wealth,0.1355857334202292,Relative,DV3,Up 30 pp,Up,30,Random Forest,5
SHAP,Education,0.08160614079847579,Relative,DV3,Up 30 pp,Up,30,Random Forest,5
SHAP,Demographics,0.17263296900078223,Relative,DV3,Up 30 pp,Up,30,Random Forest,5
SHAP,Family / employment,0.10928450764083826,Relative,DV3,Up 30 pp,Up,30,Random Forest,5
SHAP,Occupation,0.06779391719975178,Relative,DV3,Up 30 pp,Up,30,Random Forest,5
SHAP,Industry,0.08838251654300973,Relative,DV3,Up 30 pp,Up,30,Random Forest,5
SHAP,Geography,0.06056108469227944,Relative,DV3,Up 30 pp,Up,30,Random Forest,5
Impurity,Income,0.4393344295019856,Relative,DV3,Up 30 pp,Up,30,Gradient Boosting,1
Impurity,Wealth,0.1765751377527086,Relative,DV3,Up 30 pp,Up,30,Gradient Boosting,1
Impurity,Education,0.017561386777065414,Relative,DV3,Up 30 pp,Up,30,Gradient Boosting,1
Impurity,Demographics,0.16623195322567777,Relative,DV3,Up 30 pp,Up,30,Gradient Boosting,1
Impurity,Family / employment,0.06400244676469191,Relative,DV3,Up 30 pp,Up,30,Gradient Boosting,1
Impurity,Occupation,0.03917228334782694,Relative,DV3,Up 30 pp,Up,30,Gradient Boosting,1
Impurity,Industry,0.03422497323076012,Relative,DV3,Up 30 pp,Up,30,Gradient Boosting,1
Impurity,Geography,0.06289738939928366,Relative,DV3,Up 30 pp,Up,30,Gradient Boosting,1
Permutation,Income,0.17672004831163338,Relative,DV3,Up 30 pp,Up,30,Gradient Boosting,1
Permutation,Wealth,-0.0007251374233838259,Relative,DV3,Up 30 pp,Up,30,Gradient Boosting,1
Permutation,Education,0.00332367645304944,Relative,DV3,Up 30 pp,Up,30,Gradient Boosting,1
Permutation,Demographics,0.014755267738038558,Relative,DV3,Up 30 pp,Up,30,Gradient Boosting,1
Permutation,Family / employment,0.01890272023069444,Relative,DV3,Up 30 pp,Up,30,Gradient Boosting,1
Permutation,Occupation,0.005168863894094516,Relative,DV3,Up 30 pp,Up,30,Gradient Boosting,1
Permutation,Industry,0.00019355124996780492,Relative,DV3,Up 30 pp,Up,30,Gradient Boosting,1
Permutation,Geography,0.011937391362203814,Relative,DV3,Up 30 pp,Up,30,Gradient Boosting,1
SHAP,Income,0.3496227117119381,Relative,DV3,Up 30 pp,Up,30,Gradient Boosting,1
SHAP,Wealth,0.16773431517184903,Relative,DV3,Up 30 pp,Up,30,Gradient Boosting,1
SHAP,Education,0.023021957147005487,Relative,DV3,Up 30 pp,Up,30,Gradient Boosting,1
SHAP,Demographics,0.17468642763616454,Relative,DV3,Up 30 pp,Up,30,Gradient Boosting,1
SHAP,Family / employment,0.10300556755290856,Relative,DV3,Up 30 pp,Up,30,Gradient Boosting,1
SHAP,Occupation,0.046339734357316566,Relative,DV3,Up 30 pp,Up,30,Gradient Boosting,1
SHAP,Industry,0.044072986361179886,Relative,DV3,Up 30 pp,Up,30,Gradient Boosting,1
SHAP,Geography,0.09151630006163787,Relative,DV3,Up 30 pp,Up,30,Gradient Boosting,1
Impurity,Income,0.4554262847551407,Relative,DV3,Up 30 pp,Up,30,Gradient Boosting,2
Impurity,Wealth,0.11906028817649315,Relative,DV3,Up 30 pp,Up,30,Gradient Boosting,2
Impurity,Education,0.01697133799679774,Relative,DV3,Up 30 pp,Up,30,Gradient Boosting,2
Impurity,Demographics,0.14256819054931666,Relative,DV3,Up 30 pp,Up,30,Gradient Boosting,2
Impurity,Family / employment,0.08655182768631775,Relative,DV3,Up 30 pp,Up,30,Gradient Boosting,2
Impurity,Occupation,0.06450166027520363,Relative,DV3,Up 30 pp,Up,30,Gradient Boosting,2
Impurity,Industry,0.026887565416382077,Relative,DV3,Up 30 pp,Up,30,Gradient Boosting,2
Impurity,Geography,0.08803284514434828,Relative,DV3,Up 30 pp,Up,30,Gradient Boosting,2
Permutation,Income,0.1711184479566445,Relative,DV3,Up 30 pp,Up,30,Gradient Boosting,2
Permutation,Wealth,0.02108876706332838,Relative,DV3,Up 30 pp,Up,30,Gradient Boosting,2
Permutation,Education,-0.0011926726032453704,Relative,DV3,Up 30 pp,Up,30,Gradient Boosting,2
Permutation,Demographics,0.022930393856103976,Relative,DV3,Up 30 pp,Up,30,Gradient Boosting,2
Permutation,Family / employment,0.007259421414837619,Relative,DV3,Up 30 pp,Up,30,Gradient Boosting,2
Permutation,Occupation,-0.017702957572347668,Relative,DV3,Up 30 pp,Up,30,Gradient Boosting,2
Permutation,Industry,0.00253602492626398,Relative,DV3,Up 30 pp,Up,30,Gradient Boosting,2
Permutation,Geography,-0.0007316901988741076,Relative,DV3,Up 30 pp,Up,30,Gradient Boosting,2
SHAP,Income,0.38689825365283803,Relative,DV3,Up 30 pp,Up,30,Gradient Boosting,2
SHAP,Wealth,0.0910599792926119,Relative,DV3,Up 30 pp,Up,30,Gradient Boosting,2
SHAP,Education,0.01872803025018045,Relative,DV3,Up 30 pp,Up,30,Gradient Boosting,2
SHAP,Demographics,0.1639852161101177,Relative,DV3,Up 30 pp,Up,30,Gradient Boosting,2
SHAP,Family / employment,0.09680980081156446,Relative,DV3,Up 30 pp,Up,30,Gradient Boosting,2
SHAP,Occupation,0.08312772944777216,Relative,DV3,Up 30 pp,Up,30,Gradient Boosting,2
SHAP,Industry,0.02719037181142191,Relative,DV3,Up 30 pp,Up,30,Gradient Boosting,2
SHAP,Geography,0.13220061862349355,Relative,DV3,Up 30 pp,Up,30,Gradient Boosting,2
Impurity,Income,0.4555962264895857,Relative,DV3,Up 30 pp,Up,30,Gradient Boosting,3
Impurity,Wealth,0.1756749760666877,Relative,DV3,Up 30 pp,Up,30,Gradient Boosting,3
Impurity,Education,0.022812137979042697,Relative,DV3,Up 30 pp,Up,30,Gradient Boosting,3
Impurity,Demographics,0.19580489446609609,Relative,DV3,Up 30 pp,Up,30,Gradient Boosting,3
Impurity,Family / employment,0.022343228547816722,Relative,DV3,Up 30 pp,Up,30,Gradient Boosting,3
Impurity,Occupation,0.05071641448929727,Relative,DV3,Up 30 pp,Up,30,Gradient Boosting,3
Impurity,Industry,0.030427359242744804,Relative,DV3,Up 30 pp,Up,30,Gradient Boosting,3
Impurity,Geography,0.04662476271872916,Relative,DV3,Up 30 pp,Up,30,Gradient Boosting,3
Permutation,Income,0.06382159360068744,Relative,DV3,Up 30 pp,Up,30,Gradient Boosting,3
Permutation,Wealth,0.020437093249517126,Relative,DV3,Up 30 pp,Up,30,Gradient Boosting,3
Permutation,Education,-0.007042307082200799,Relative,DV3,Up 30 pp,Up,30,Gradient Boosting,3
Permutation,Demographics,0.01306609491631846,Relative,DV3,Up 30 pp,Up,30,Gradient Boosting,3
Permutation,Family / employment,0.0021664500747066995,Relative,DV3,Up 30 pp,Up,30,Gradient Boosting,3
Permutation,Occupation,-0.011413946956501603,Relative,DV3,Up 30 pp,Up,30,Gradient Boosting,3
Permutation,Industry,0.0006356638130623537,Relative,DV3,Up 30 pp,Up,30,Gradient Boosting,3
Permutation,Geography,0.0038459580288939866,Relative,DV3,Up 30 pp,Up,30,Gradient Boosting,3
SHAP,Income,0.42698526231841977,Relative,DV3,Up 30 pp,Up,30,Gradient Boosting,3
SHAP,Wealth,0.13401721703505678,Relative,DV3,Up 30 pp,Up,30,Gradient Boosting,3
SHAP,Education,0.061406009169377246,Relative,DV3,Up 30 pp,Up,30,Gradient Boosting,3
SHAP,Demographics,0.18816809683785224,Relative,DV3,Up 30 pp,Up,30,Gradient Boosting,3
SHAP,Family / employment,0.029719081554828292,Relative,DV3,Up 30 pp,Up,30,Gradient Boosting,3
SHAP,Occupation,0.06494894653758411,Relative,DV3,Up 30 pp,Up,30,Gradient Boosting,3
SHAP,Industry,0.03653442926095069,Relative,DV3,Up 30 pp,Up,30,Gradient Boosting,3
SHAP,Geography,0.05822095728593075,Relative,DV3,Up 30 pp,Up,30,Gradient Boosting,3
Impurity,Income,0.4593131892309351,Relative,DV3,Up 30 pp,Up,30,Gradient Boosting,4
Impurity,Wealth,0.13563672113382605,Relative,DV3,Up 30 pp,Up,30,Gradient Boosting,4
Impurity,Education,0.014103910299957643,Relative,DV3,Up 30 pp,Up,30,Gradient Boosting,4
Impurity,Demographics,0.14245039696176018,Relative,DV3,Up 30 pp,Up,30,Gradient Boosting,4
Impurity,Family / employment,0.08505260827544046,Relative,DV3,Up 30 pp,Up,30,Gradient Boosting,4
Impurity,Occupation,0.06844405699597254,Relative,DV3,Up 30 pp,Up,30,Gradient Boosting,4
Impurity,Industry,0.020721047108321476,Relative,DV3,Up 30 pp,Up,30,Gradient Boosting,4
Impurity,Geography,0.07427806999378646,Relative,DV3,Up 30 pp,Up,30,Gradient Boosting,4
Permutation,Income,0.12208182378461174,Relative,DV3,Up 30 pp,Up,30,Gradient Boosting,4
Permutation,Wealth,0.026243070623990762,Relative,DV3,Up 30 pp,Up,30,Gradient Boosting,4
Permutation,Education,0.0018011103165941678,Relative,DV3,Up 30 pp,Up,30,Gradient Boosting,4
Permutation,Demographics,0.012787980849268998,Relative,DV3,Up 30 pp,Up,30,Gradient Boosting,4
Permutation,Family / employment,-0.0047244504106152,Relative,DV3,Up 30 pp,Up,30,Gradient Boosting,4
Permutation,Occupation,0.0016633131757959607,Relative,DV3,Up 30 pp,Up,30,Gradient Boosting,4
Permutation,Industry,-0.00028069811927315945,Relative,DV3,Up 30 pp,Up,30,Gradient Boosting,4
Permutation,Geography,-0.001569893235753439,Relative,DV3,Up 30 pp,Up,30,Gradient Boosting,4
SHAP,Income,0.34027100002904914,Relative,DV3,Up 30 pp,Up,30,Gradient Boosting,4
SHAP,Wealth,0.12096297825182789,Relative,DV3,Up 30 pp,Up,30,Gradient Boosting,4
SHAP,Education,0.03221350146585792,Relative,DV3,Up 30 pp,Up,30,Gradient Boosting,4
SHAP,Demographics,0.17788803018955834,Relative,DV3,Up 30 pp,Up,30,Gradient Boosting,4
SHAP,Family / employment,0.11841460708558581,Relative,DV3,Up 30 pp,Up,30,Gradient Boosting,4
SHAP,Occupation,0.06528528365494027,Relative,DV3,Up 30 pp,Up,30,Gradient Boosting,4
SHAP,Industry,0.03802978243918602,Relative,DV3,Up 30 pp,Up,30,Gradient Boosting,4
SHAP,Geography,0.10693481688399456,Relative,DV3,Up 30 pp,Up,30,Gradient Boosting,4
Impurity,Income,0.3289400100780721,Relative,DV3,Up 30 pp,Up,30,Gradient Boosting,5
Impurity,Wealth,0.16250098658647552,Relative,DV3,Up 30 pp,Up,30,Gradient Boosting,5
Impurity,Education,0.04844048915414797,Relative,DV3,Up 30 pp,Up,30,Gradient Boosting,5
Impurity,Demographics,0.17072910913199205,Relative,DV3,Up 30 pp,Up,30,Gradient Boosting,5
Impurity,Family / employment,0.06571744437971613,Relative,DV3,Up 30 pp,Up,30,Gradient Boosting,5
Impurity,Occupation,0.07741373006836251,Relative,DV3,Up 30 pp,Up,30,Gradient Boosting,5
Impurity,Industry,0.0992102606967931,Relative,DV3,Up 30 pp,Up,30,Gradient Boosting,5
Impurity,Geography,0.047047969904440705,Relative,DV3,Up 30 pp,Up,30,Gradient Boosting,5
Permutation,Income,0.1997502965687494,Relative,DV3,Up 30 pp,Up,30,Gradient Boosting,5
Permutation,Wealth,0.010944824838434137,Relative,DV3,Up 30 pp,Up,30,Gradient Boosting,5
Permutation,Education,-0.006818768437941003,Relative,DV3,Up 30 pp,Up,30,Gradient Boosting,5
Permutation,Demographics,0.011166890981317129,Relative,DV3,Up 30 pp,Up,30,Gradient Boosting,5
Permutation,Family / employment,0.02135912880572251,Relative,DV3,Up 30 pp,Up,30,Gradient Boosting,5
Permutation,Occupation,0.011331681528091931,Relative,DV3,Up 30 pp,Up,30,Gradient Boosting,5
Permutation,Industry,0.0021496523213647423,Relative,DV3,Up 30 pp,Up,30,Gradient Boosting,5
Permutation,Geography,0.025139627029462236,Relative,DV3,Up 30 pp,Up,30,Gradient Boosting,5
SHAP,Income,0.3026951606215068,Relative,DV3,Up 30 pp,Up,30,Gradient Boosting,5
SHAP,Wealth,0.11521663142834886,Relative,DV3,Up 30 pp,Up,30,Gradient Boosting,5
SHAP,Education,0.0950364399797488,Relative,DV3,Up 30 pp,Up,30,Gradient Boosting,5
SHAP,Demographics,0.1398805139352477,Relative,DV3,Up 30 pp,Up,30,Gradient Boosting,5
SHAP,Family / employment,0.09042380733367297,Relative,DV3,Up 30 pp,Up,30,Gradient Boosting,5
SHAP,Occupation,0.08104092300455251,Relative,DV3,Up 30 pp,Up,30,Gradient Boosting,5
SHAP,Industry,0.11427025273925429,Relative,DV3,Up 30 pp,Up,30,Gradient Boosting,5
SHAP,Geography,0.06143627095766821,Relative,DV3,Up 30 pp,Up,30,Gradient Boosting,5
Impurity,Income,0.38136572825767184,Relative,DV4,Up 40 pp,Up,40,Random Forest,1
Impurity,Wealth,0.22669611127214528,Relative,DV4,Up 40 pp,Up,40,Random Forest,1
Impurity,Education,0.05074264704565594,Relative,DV4,Up 40 pp,Up,40,Random Forest,1
Impurity,Demographics,0.1739570480758548,Relative,DV4,Up 40 pp,Up,40,Random Forest,1
Impurity,Family / employment,0.03242408599581084,Relative,DV4,Up 40 pp,Up,40,Random Forest,1
Impurity,Occupation,0.05673061153017719,Relative,DV4,Up 40 pp,Up,40,Random Forest,1
Impurity,Industry,0.03536977504254585,Relative,DV4,Up 40 pp,Up,40,Random Forest,1
Impurity,Geography,0.0427139927801383,Relative,DV4,Up 40 pp,Up,40,Random Forest,1
Permutation,Income,0.12785505288188279,Relative,DV4,Up 40 pp,Up,40,Random Forest,1
Permutation,Wealth,0.09030057036881933,Relative,DV4,Up 40 pp,Up,40,Random Forest,1
Permutation,Education,0.0158347578413991,Relative,DV4,Up 40 pp,Up,40,Random Forest,1
Permutation,Demographics,0.020818996810695968,Relative,DV4,Up 40 pp,Up,40,Random Forest,1
Permutation,Family / employment,0.004917030149849394,Relative,DV4,Up 40 pp,Up,40,Random Forest,1
Permutation,Occupation,-1.1204879836440584e-05,Relative,DV4,Up 40 pp,Up,40,Random Forest,1
Permutation,Industry,-0.00034721154359316776,Relative,DV4,Up 40 pp,Up,40,Random Forest,1
Permutation,Geography,0.01403783670636644,Relative,DV4,Up 40 pp,Up,40,Random Forest,1
SHAP,Income,0.3583479231804289,Relative,DV4,Up 40 pp,Up,40,Random Forest,1
SHAP,Wealth,0.25029741026733765,Relative,DV4,Up 40 pp,Up,40,Random Forest,1
SHAP,Education,0.05967250388048609,Relative,DV4,Up 40 pp,Up,40,Random Forest,1
SHAP,Demographics,0.14161530816226067,Relative,DV4,Up 40 pp,Up,40,Random Forest,1
SHAP,Family / employment,0.04562723798255875,Relative,DV4,Up 40 pp,Up,40,Random Forest,1
SHAP,Occupation,0.07256096165521651,Relative,DV4,Up 40 pp,Up,40,Random Forest,1
SHAP,Industry,0.04194145949496012,Relative,DV4,Up 40 pp,Up,40,Random Forest,1
SHAP,Geography,0.029937195376751404,Relative,DV4,Up 40 pp,Up,40,Random Forest,1
Impurity,Income,0.267796144639683,Relative,DV4,Up 40 pp,Up,40,Random Forest,2
Impurity,Wealth,0.18453971388672394,Relative,DV4,Up 40 pp,Up,40,Random Forest,2
Impurity,Education,0.06584178976278059,Relative,DV4,Up 40 pp,Up,40,Random Forest,2
Impurity,Demographics,0.16786174974435686,Relative,DV4,Up 40 pp,Up,40,Random Forest,2
Impurity,Family / employment,0.05470510503839392,Relative,DV4,Up 40 pp,Up,40,Random Forest,2
Impurity,Occupation,0.11023984101974502,Relative,DV4,Up 40 pp,Up,40,Random Forest,2
Impurity,Industry,0.0836633581268073,Relative,DV4,Up 40 pp,Up,40,Random Forest,2
Impurity,Geography,0.06535229778150961,Relative,DV4,Up 40 pp,Up,40,Random Forest,2
Permutation,Income,0.15862025609945962,Relative,DV4,Up 40 pp,Up,40,Random Forest,2
Permutation,Wealth,0.021928744036215714,Relative,DV4,Up 40 pp,Up,40,Random Forest,2
Permutation,Education,0.0017955975107048772,Relative,DV4,Up 40 pp,Up,40,Random Forest,2
Permutation,Demographics,-0.004958206375898411,Relative,DV4,Up 40 pp,Up,40,Random Forest,2
Permutation,Family / employment,0.012792081354449553,Relative,DV4,Up 40 pp,Up,40,Random Forest,2
Permutation,Occupation,-0.007306313504515366,Relative,DV4,Up 40 pp,Up,40,Random Forest,2
Permutation,Industry,-0.006676597185392619,Relative,DV4,Up 40 pp,Up,40,Random Forest,2
Permutation,Geography,-0.015605022699242504,Relative,DV4,Up 40 pp,Up,40,Random Forest,2
SHAP,Income,0.26616017839738226,Relative,DV4,Up 40 pp,Up,40,Random Forest,2
SHAP,Wealth,0.1914949561984709,Relative,DV4,Up 40 pp,Up,40,Random Forest,2
SHAP,Education,0.07397512227664862,Relative,DV4,Up 40 pp,Up,40,Random Forest,2
SHAP,Demographics,0.09899478511151483,Relative,DV4,Up 40 pp,Up,40,Random Forest,2
SHAP,Family / employment,0.10448365684687959,Relative,DV4,Up 40 pp,Up,40,Random Forest,2
SHAP,Occupation,0.11233443082233299,Relative,DV4,Up 40 pp,Up,40,Random Forest,2
SHAP,Industry,0.08358843201345678,Relative,DV4,Up 40 pp,Up,40,Random Forest,2
SHAP,Geography,0.06896843833331393,Relative,DV4,Up 40 pp,Up,40,Random Forest,2
Impurity,Income,0.3890388481410973,Relative,DV4,Up 40 pp,Up,40,Random Forest,3
Impurity,Wealth,0.21836824751568237,Relative,DV4,Up 40 pp,Up,40,Random Forest,3
Impurity,Education,0.05402161971694163,Relative,DV4,Up 40 pp,Up,40,Random Forest,3
Impurity,Demographics,0.17370977049023928,Relative,DV4,Up 40 pp,Up,40,Random Forest,3
Impurity,Family / employment,0.031661091449574866,Relative,DV4,Up 40 pp,Up,40,Random Forest,3
Impurity,Occupation,0.05018679302879991,Relative,DV4,Up 40 pp,Up,40,Random Forest,3
Impurity,Industry,0.029614930408266432,Relative,DV4,Up 40 pp,Up,40,Random Forest,3
Impurity,Geography,0.05339869924939818,Relative,DV4,Up 40 pp,Up,40,Random Forest,3
Permutation,Income,0.14366438602015602,Relative,DV4,Up 40 pp,Up,40,Random Forest,3
Permutation,Wealth,0.12771272469788894,Relative,DV4,Up 40 pp,Up,40,Random Forest,3
Permutation,Education,0.008949204766490337,Relative,DV4,Up 40 pp,Up,40,Random Forest,3
Permutation,Demographics,0.06347292568442088,Relative,DV4,Up 40 pp,Up,40,Random Forest,3
Permutation,Family / employment,0.006739137137527063,Relative,DV4,Up 40 pp,Up,40,Random Forest,3
Permutation,Occupation,0.011560630719760273,Relative,DV4,Up 40 pp,Up,40,Random Forest,3
Permutation,Industry,0.006947129061120721,Relative,DV4,Up 40 pp,Up,40,Random Forest,3
Permutation,Geography,-0.005518284647119421,Relative,DV4,Up 40 pp,Up,40,Random Forest,3
SHAP,Income,0.39740456146008474,Relative,DV4,Up 40 pp,Up,40,Random Forest,3
SHAP,Wealth,0.22721569215699083,Relative,DV4,Up 40 pp,Up,40,Random Forest,3
SHAP,Education,0.06443251576740266,Relative,DV4,Up 40 pp,Up,40,Random Forest,3
SHAP,Demographics,0.13350670613946475,Relative,DV4,Up 40 pp,Up,40,Random Forest,3
SHAP,Family / employment,0.038730103243419786,Relative,DV4,Up 40 pp,Up,40,Random Forest,3
SHAP,Occupation,0.057364130476113086,Relative,DV4,Up 40 pp,Up,40,Random Forest,3
SHAP,Industry,0.03297522138991942,Relative,DV4,Up 40 pp,Up,40,Random Forest,3
SHAP,Geography,0.048371069366604735,Relative,DV4,Up 40 pp,Up,40,Random Forest,3
Impurity,Income,0.26093759920731646,Relative,DV4,Up 40 pp,Up,40,Random Forest,4
Impurity,Wealth,0.18931182859976967,Relative,DV4,Up 40 pp,Up,40,Random Forest,4
Impurity,Education,0.07351096809497114,Relative,DV4,Up 40 pp,Up,40,Random Forest,4
Impurity,Demographics,0.16741678938169843,Relative,DV4,Up 40 pp,Up,40,Random Forest,4
Impurity,Family / employment,0.0676451152816404,Relative,DV4,Up 40 pp,Up,40,Random Forest,4
Impurity,Occupation,0.09092892558919712,Relative,DV4,Up 40 pp,Up,40,Random Forest,4
Impurity,Industry,0.08329761567760469,Relative,DV4,Up 40 pp,Up,40,Random Forest,4
Impurity,Geography,0.06695115816780202,Relative,DV4,Up 40 pp,Up,40,Random Forest,4
Permutation,Income,0.12841829089315485,Relative,DV4,Up 40 pp,Up,40,Random Forest,4
Permutation,Wealth,0.024091420137464764,Relative,DV4,Up 40 pp,Up,40,Random Forest,4
Permutation,Education,-0.002364491610417685,Relative,DV4,Up 40 pp,Up,40,Random Forest,4
Permutation,Demographics,-0.015983688356123477,Relative,DV4,Up 40 pp,Up,40,Random Forest,4
Permutation,Family / employment,-0.007469167557954665,Relative,DV4,Up 40 pp,Up,40,Random Forest,4
Permutation,Occupation,-0.015288600426273124,Relative,DV4,Up 40 pp,Up,40,Random Forest,4
Permutation,Industry,-0.005598342108065218,Relative,DV4,Up 40 pp,Up,40,Random Forest,4
Permutation,Geography,-0.007344746446686529,Relative,DV4,Up 40 pp,Up,40,Random Forest,4
SHAP,Income,0.28059706837781734,Relative,DV4,Up 40 pp,Up,40,Random Forest,4
SHAP,Wealth,0.18553791660537453,Relative,DV4,Up 40 pp,Up,40,Random Forest,4
SHAP,Education,0.09368724621871963,Relative,DV4,Up 40 pp,Up,40,Random Forest,4
SHAP,Demographics,0.14162805417299357,Relative,DV4,Up 40 pp,Up,40,Random Forest,4
SHAP,Family / employment,0.11401760995436554,Relative,DV4,Up 40 pp,Up,40,Random Forest,4
SHAP,Occupation,0.07490974901827525,Relative,DV4,Up 40 pp,Up,40,Random Forest,4
SHAP,Industry,0.06757547898779671,Relative,DV4,Up 40 pp,Up,40,Random Forest,4
SHAP,Geography,0.042046876664657416,Relative,DV4,Up 40 pp,Up,40,Random Forest,4
Impurity,Income,0.26258838741228796,Relative,DV4,Up 40 pp,Up,40,Random Forest,5
Impurity,Wealth,0.17844226501190966,Relative,DV4,Up 40 pp,Up,40,Random Forest,5
Impurity,Education,0.0834870580316535,Relative,DV4,Up 40 pp,Up,40,Random Forest,5
Impurity,Demographics,0.17905370045209054,Relative,DV4,Up 40 pp,Up,40,Random Forest,5
Impurity,Family / employment,0.05675527155035835,Relative,DV4,Up 40 pp,Up,40,Random Forest,5
Impurity,Occupation,0.0879497928913043,Relative,DV4,Up 40 pp,Up,40,Random Forest,5
Impurity,Industry,0.08184870587105572,Relative,DV4,Up 40 pp,Up,40,Random Forest,5
Impurity,Geography,0.06987481877933992,Relative,DV4,Up 40 pp,Up,40,Random Forest,5
Permutation,Income,0.14556947151020755,Relative,DV4,Up 40 pp,Up,40,Random Forest,5
Permutation,Wealth,0.005452968455668733,Relative,DV4,Up 40 pp,Up,40,Random Forest,5
Permutation,Education,-0.031128198607683,Relative,DV4,Up 40 pp,Up,40,Random Forest,5
Permutation,Demographics,-0.01765828813761418,Relative,DV4,Up 40 pp,Up,40,Random Forest,5
Permutation,Family / employment,0.007647685954654521,Relative,DV4,Up 40 pp,Up,40,Random Forest,5
Permutation,Occupation,0.0010646754865196117,Relative,DV4,Up 40 pp,Up,40,Random Forest,5
Permutation,Industry,-0.0023333118423081558,Relative,DV4,Up 40 pp,Up,40,Random Forest,5
Permutation,Geography,-0.014422328510375115,Relative,DV4,Up 40 pp,Up,40,Random Forest,5
SHAP,Income,0.2581954082167658,Relative,DV4,Up 40 pp,Up,40,Random Forest,5
SHAP,Wealth,0.18506373078931057,Relative,DV4,Up 40 pp,Up,40,Random Forest,5
SHAP,Education,0.12659827739777735,Relative,DV4,Up 40 pp,Up,40,Random Forest,5
SHAP,Demographics,0.14865759887689753,Relative,DV4,Up 40 pp,Up,40,Random Forest,5
SHAP,Family / employment,0.08599310660100803,Relative,DV4,Up 40 pp,Up,40,Random Forest,5
SHAP,Occupation,0.060654355827924306,Relative,DV4,Up 40 pp,Up,40,Random Forest,5
SHAP,Industry,0.06618044250545954,Relative,DV4,Up 40 pp,Up,40,Random Forest,5
SHAP,Geography,0.06865707978485704,Relative,DV4,Up 40 pp,Up,40,Random Forest,5
Impurity,Income,0.3802948930825498,Relative,DV4,Up 40 pp,Up,40,Gradient Boosting,1
Impurity,Wealth,0.2543534376369505,Relative,DV4,Up 40 pp,Up,40,Gradient Boosting,1
Impurity,Education,0.03179704535699822,Relative,DV4,Up 40 pp,Up,40,Gradient Boosting,1
Impurity,Demographics,0.153769049594309,Relative,DV4,Up 40 pp,Up,40,Gradient Boosting,1
Impurity,Family / employment,0.019367997235994285,Relative,DV4,Up 40 pp,Up,40,Gradient Boosting,1
Impurity,Occupation,0.09331856428625952,Relative,DV4,Up 40 pp,Up,40,Gradient Boosting,1
Impurity,Industry,0.03773079178212689,Relative,DV4,Up 40 pp,Up,40,Gradient Boosting,1
Impurity,Geography,0.02936822102481142,Relative,DV4,Up 40 pp,Up,40,Gradient Boosting,1
Permutation,Income,0.14099706387782895,Relative,DV4,Up 40 pp,Up,40,Gradient Boosting,1
Permutation,Wealth,0.08994643483684304,Relative,DV4,Up 40 pp,Up,40,Gradient Boosting,1
Permutation,Education,0.025742507309085234,Relative,DV4,Up 40 pp,Up,40,Gradient Boosting,1
Permutation,Demographics,0.039216157401901416,Relative,DV4,Up 40 pp,Up,40,Gradient Boosting,1
Permutation,Family / employment,0.0054664274213467815,Relative,DV4,Up 40 pp,Up,40,Gradient Boosting,1
Permutation,Occupation,-0.004456794362237532,Relative,DV4,Up 40 pp,Up,40,Gradient Boosting,1
Permutation,Industry,-0.0043746082051978885,Relative,DV4,Up 40 pp,Up,40,Gradient Boosting,1
Permutation,Geography,0.004407344463559065,Relative,DV4,Up 40 pp,Up,40,Gradient Boosting,1
SHAP,Income,0.350175232119285,Relative,DV4,Up 40 pp,Up,40,Gradient Boosting,1
SHAP,Wealth,0.21113120683007966,Relative,DV4,Up 40 pp,Up,40,Gradient Boosting,1
SHAP,Education,0.09382672315369334,Relative,DV4,Up 40 pp,Up,40,Gradient Boosting,1
SHAP,Demographics,0.15341494043233453,Relative,DV4,Up 40 pp,Up,40,Gradient Boosting,1
SHAP,Family / employment,0.014208004121646106,Relative,DV4,Up 40 pp,Up,40,Gradient Boosting,1
SHAP,Occupation,0.08222222835985012,Relative,DV4,Up 40 pp,Up,40,Gradient Boosting,1
SHAP,Industry,0.061400682284941804,Relative,DV4,Up 40 pp,Up,40,Gradient Boosting,1
SHAP,Geography,0.03362098269816962,Relative,DV4,Up 40 pp,Up,40,Gradient Boosting,1
Impurity,Income,0.33815469704366846,Relative,DV4,Up 40 pp,Up,40,Gradient Boosting,2
Impurity,Wealth,0.23865598237627256,Relative,DV4,Up 40 pp,Up,40,Gradient Boosting,2
Impurity,Education,0.03892247211520988,Relative,DV4,Up 40 pp,Up,40,Gradient Boosting,2
Impurity,Demographics,0.12773260901263728,Relative,DV4,Up 40 pp,Up,40,Gradient Boosting,2
Impurity,Family / employment,0.06172521096327662,Relative,DV4,Up 40 pp,Up,40,Gradient Boosting,2
Impurity,Occupation,0.10945987532022125,Relative,DV4,Up 40 pp,Up,40,Gradient Boosting,2
Impurity,Industry,0.05935100056417408,Relative,DV4,Up 40 pp,Up,40,Gradient Boosting,2
Impurity,Geography,0.025998152604539797,Relative,DV4,Up 40 pp,Up,40,Gradient Boosting,2
Permutation,Income,0.1541005955870288,Relative,DV4,Up 40 pp,Up,40,Gradient Boosting,2
Permutation,Wealth,0.04317714777422686,Relative,DV4,Up 40 pp,Up,40,Gradient Boosting,2
Permutation,Education,0.0042315970266832035,Relative,DV4,Up 40 pp,Up,40,Gradient Boosting,2
Permutation,Demographics,-0.013990061685167943,Relative,DV4,Up 40 pp,Up,40,Gradient Boosting,2
Permutation,Family / employment,0.007330304948522592,Relative,DV4,Up 40 pp,Up,40,Gradient Boosting,2
Permutation,Occupation,-0.009093822166869936,Relative,DV4,Up 40 pp,Up,40,Gradient Boosting,2
Permutation,Industry,-0.01668040985923857,Relative,DV4,Up 40 pp,Up,40,Gradient Boosting,2
Permutation,Geography,-0.0064680075810488345,Relative,DV4,Up 40 pp,Up,40,Gradient Boosting,2
SHAP,Income,0.33879132152742214,Relative,DV4,Up 40 pp,Up,40,Gradient Boosting,2
SHAP,Wealth,0.17933404131620995,Relative,DV4,Up 40 pp,Up,40,Gradient Boosting,2
SHAP,Education,0.06349536502300906,Relative,DV4,Up 40 pp,Up,40,Gradient Boosting,2
SHAP,Demographics,0.1356579730496153,Relative,DV4,Up 40 pp,Up,40,Gradient Boosting,2
SHAP,Family / employment,0.08067448662681827,Relative,DV4,Up 40 pp,Up,40,Gradient Boosting,2
SHAP,Occupation,0.08069303240104565,Relative,DV4,Up 40 pp,Up,40,Gradient Boosting,2
SHAP,Industry,0.07758706896319298,Relative,DV4,Up 40 pp,Up,40,Gradient Boosting,2
SHAP,Geography,0.04376671109268683,Relative,DV4,Up 40 pp,Up,40,Gradient Boosting,2
Impurity,Income,0.3924982266555787,Relative,DV4,Up 40 pp,Up,40,Gradient Boosting,3
Impurity,Wealth,0.24784357091271697,Relative,DV4,Up 40 pp,Up,40,Gradient Boosting,3
Impurity,Education,0.03835845015785805,Relative,DV4,Up 40 pp,Up,40,Gradient Boosting,3
Impurity,Demographics,0.1774732352605436,Relative,DV4,Up 40 pp,Up,40,Gradient Boosting,3
Impurity,Family / employment,0.014809157287644113,Relative,DV4,Up 40 pp,Up,40,Gradient Boosting,3
Impurity,Occupation,0.06611378260350705,Relative,DV4,Up 40 pp,Up,40,Gradient Boosting,3
Impurity,Industry,0.028970198166834174,Relative,DV4,Up 40 pp,Up,40,Gradient Boosting,3
Impurity,Geography,0.0339333789553174,Relative,DV4,Up 40 pp,Up,40,Gradient Boosting,3
Permutation,Income,0.12431733183201037,Relative,DV4,Up 40 pp,Up,40,Gradient Boosting,3
Permutation,Wealth,0.0930205414575893,Relative,DV4,Up 40 pp,Up,40,Gradient Boosting,3
Permutation,Education,0.0005511789468185535,Relative,DV4,Up 40 pp,Up,40,Gradient Boosting,3
Permutation,Demographics,0.039215189842868106,Relative,DV4,Up 40 pp,Up,40,Gradient Boosting,3
Permutation,Family / employment,0.0038884385622742768,Relative,DV4,Up 40 pp,Up,40,Gradient Boosting,3
Permutation,Occupation,0.0013908975123526068,Relative,DV4,Up 40 pp,Up,40,Gradient Boosting,3
Permutation,Industry,-0.0038293653101343305,Relative,DV4,Up 40 pp,Up,40,Gradient Boosting,3
Permutation,Geography,-0.006628743684274974,Relative,DV4,Up 40 pp,Up,40,Gradient Boosting,3
SHAP,Income,0.40252434689753325,Relative,DV4,Up 40 pp,Up,40,Gradient Boosting,3
SHAP,Wealth,0.1670626058884038,Relative,DV4,Up 40 pp,Up,40,Gradient Boosting,3
SHAP,Education,0.0956072276504317,Relative,DV4,Up 40 pp,Up,40,Gradient Boosting,3
SHAP,Demographics,0.14985483259159474,Relative,DV4,Up 40 pp,Up,40,Gradient Boosting,3
SHAP,Family / employment,0.02091472306638452,Relative,DV4,Up 40 pp,Up,40,Gradient Boosting,3
SHAP,Occupation,0.071748137283138,Relative,DV4,Up 40 pp,Up,40,Gradient Boosting,3
SHAP,Industry,0.041773667453623785,Relative,DV4,Up 40 pp,Up,40,Gradient Boosting,3
SHAP,Geography,0.0505144591688902,Relative,DV4,Up 40 pp,Up,40,Gradient Boosting,3
Impurity,Income,0.38736090594526323,Relative,DV4,Up 40 pp,Up,40,Gradient Boosting,4
Impurity,Wealth,0.2559688068605831,Relative,DV4,Up 40 pp,Up,40,Gradient Boosting,4
Impurity,Education,0.03840834001542895,Relative,DV4,Up 40 pp,Up,40,Gradient Boosting,4
Impurity,Demographics,0.1725430771372914,Relative,DV4,Up 40 pp,Up,40,Gradient Boosting,4
Impurity,Family / employment,0.03200278638621262,Relative,DV4,Up 40 pp,Up,40,Gradient Boosting,4
Impurity,Occupation,0.05690799792437646,Relative,DV4,Up 40 pp,Up,40,Gradient Boosting,4
Impurity,Industry,0.02835406934964495,Relative,DV4,Up 40 pp,Up,40,Gradient Boosting,4
Impurity,Geography,0.028454016381199224,Relative,DV4,Up 40 pp,Up,40,Gradient Boosting,4
Permutation,Income,0.16151238586999211,Relative,DV4,Up 40 pp,Up,40,Gradient Boosting,4
Permutation,Wealth,0.03145125654592236,Relative,DV4,Up 40 pp,Up,40,Gradient Boosting,4
Permutation,Education,0.0045795860146427055,Relative,DV4,Up 40 pp,Up,40,Gradient Boosting,4
Permutation,Demographics,0.027274681416502494,Relative,DV4,Up 40 pp,Up,40,Gradient Boosting,4
Permutation,Family / employment,-0.005882609939466194,Relative,DV4,Up 40 pp,Up,40,Gradient Boosting,4
Permutation,Occupation,-0.0012570896827729494,Relative,DV4,Up 40 pp,Up,40,Gradient Boosting,4
Permutation,Industry,-0.0005955257002664638,Relative,DV4,Up 40 pp,Up,40,Gradient Boosting,4
Permutation,Geography,-0.0027198285290401135,Relative,DV4,Up 40 pp,Up,40,Gradient Boosting,4
SHAP,Income,0.40402637699234745,Relative,DV4,Up 40 pp,Up,40,Gradient Boosting,4
SHAP,Wealth,0.20219051225999046,Relative,DV4,Up 40 pp,Up,40,Gradient Boosting,4
SHAP,Education,0.09795808098007644,Relative,DV4,Up 40 pp,Up,40,Gradient Boosting,4
SHAP,Demographics,0.10727994763530709,Relative,DV4,Up 40 pp,Up,40,Gradient Boosting,4
SHAP,Family / employment,0.04075339375432464,Relative,DV4,Up 40 pp,Up,40,Gradient Boosting,4
SHAP,Occupation,0.05347233201446487,Relative,DV4,Up 40 pp,Up,40,Gradient Boosting,4
SHAP,Industry,0.055440547394497254,Relative,DV4,Up 40 pp,Up,40,Gradient Boosting,4
SHAP,Geography,0.038878808968991894,Relative,DV4,Up 40 pp,Up,40,Gradient Boosting,4
Impurity,Income,0.38064931366188764,Relative,DV4,Up 40 pp,Up,40,Gradient Boosting,5
Impurity,Wealth,0.2416211613826568,Relative,DV4,Up 40 pp,Up,40,Gradient Boosting,5
Impurity,Education,0.0847638948857809,Relative,DV4,Up 40 pp,Up,40,Gradient Boosting,5
Impurity,Demographics,0.11000460484170796,Relative,DV4,Up 40 pp,Up,40,Gradient Boosting,5
Impurity,Family / employment,0.06457852749278792,Relative,DV4,Up 40 pp,Up,40,Gradient Boosting,5
Impurity,Occupation,0.05153324125268885,Relative,DV4,Up 40 pp,Up,40,Gradient Boosting,5
Impurity,Industry,0.035998696497018326,Relative,DV4,Up 40 pp,Up,40,Gradient Boosting,5
Impurity,Geography,0.0308505599854716,Relative,DV4,Up 40 pp,Up,40,Gradient Boosting,5
Permutation,Income,0.1715950630403084,Relative,DV4,Up 40 pp,Up,40,Gradient Boosting,5
Permutation,Wealth,-0.009730783111242753,Relative,DV4,Up 40 pp,Up,40,Gradient Boosting,5
Permutation,Education,-0.029508907695757276,Relative,DV4,Up 40 pp,Up,40,Gradient Boosting,5
Permutation,Demographics,-0.0031997869808601974,Relative,DV4,Up 40 pp,Up,40,Gradient Boosting,5
Permutation,Family / employment,0.003968548759878715,Relative,DV4,Up 40 pp,Up,40,Gradient Boosting,5
Permutation,Occupation,-0.002665496787086974,Relative,DV4,Up 40 pp,Up,40,Gradient Boosting,5
Permutation,Industry,-0.00761911830150605,Relative,DV4,Up 40 pp,Up,40,Gradient Boosting,5
Permutation,Geography,-0.014351928349681997,Relative,DV4,Up 40 pp,Up,40,Gradient Boosting,5
SHAP,Income,0.34347942155747363,Relative,DV4,Up 40 pp,Up,40,Gradient Boosting,5
SHAP,Wealth,0.18984516331466827,Relative,DV4,Up 40 pp,Up,40,Gradient Boosting,5
SHAP,Education,0.1392627594748355,Relative,DV4,Up 40 pp,Up,40,Gradient Boosting,5
SHAP,Demographics,0.10689808718312727,Relative,DV4,Up 40 pp,Up,40,Gradient Boosting,5
SHAP,Family / employment,0.052850489523102805,Relative,DV4,Up 40 pp,Up,40,Gradient Boosting,5
SHAP,Occupation,0.0521502473631382,Relative,DV4,Up 40 pp,Up,40,Gradient Boosting,5
SHAP,Industry,0.056605312747106125,Relative,DV4,Up 40 pp,Up,40,Gradient Boosting,5
SHAP,Geography,0.05890851883654793,Relative,DV4,Up 40 pp,Up,40,Gradient Boosting,5
Impurity,Income,0.4170479830577646,Relative,DV5,Down 10 pp,Down,10,Random Forest,1
Impurity,Wealth,0.18321631232077493,Relative,DV5,Down 10 pp,Down,10,Random Forest,1
Impurity,Education,0.05071487423317628,Relative,DV5,Down 10 pp,Down,10,Random Forest,1
Impurity,Demographics,0.17702763295236357,Relative,DV5,Down 10 pp,Down,10,Random Forest,1
Impurity,Family / employment,0.020479594533216572,Relative,DV5,Down 10 pp,Down,10,Random Forest,1
Impurity,Occupation,0.0479183958117944,Relative,DV5,Down 10 pp,Down,10,Random Forest,1
Impurity,Industry,0.050004830053045714,Relative,DV5,Down 10 pp,Down,10,Random Forest,1
Impurity,Geography,0.05359037703786396,Relative,DV5,Down 10 pp,Down,10,Random Forest,1
Permutation,Income,0.2184094523461161,Relative,DV5,Down 10 pp,Down,10,Random Forest,1
Permutation,Wealth,0.013083907916289782,Relative,DV5,Down 10 pp,Down,10,Random Forest,1
Permutation,Education,0.0024011106303799268,Relative,DV5,Down 10 pp,Down,10,Random Forest,1
Permutation,Demographics,0.03771128908478308,Relative,DV5,Down 10 pp,Down,10,Random Forest,1
Permutation,Family / employment,0.0025715943974062017,Relative,DV5,Down 10 pp,Down,10,Random Forest,1
Permutation,Occupation,0.0006342976188627059,Relative,DV5,Down 10 pp,Down,10,Random Forest,1
Permutation,Industry,-0.0025110710887443154,Relative,DV5,Down 10 pp,Down,10,Random Forest,1
Permutation,Geography,-0.008355668473960288,Relative,DV5,Down 10 pp,Down,10,Random Forest,1
SHAP,Income,0.4394466036988645,Relative,DV5,Down 10 pp,Down,10,Random Forest,1
SHAP,Wealth,0.09425802122705257,Relative,DV5,Down 10 pp,Down,10,Random Forest,1
SHAP,Education,0.07320452396299015,Relative,DV5,Down 10 pp,Down,10,Random Forest,1
SHAP,Demographics,0.17960115984141317,Relative,DV5,Down 10 pp,Down,10,Random Forest,1
SHAP,Family / employment,0.02826119764628287,Relative,DV5,Down 10 pp,Down,10,Random Forest,1
SHAP,Occupation,0.042899219260867455,Relative,DV5,Down 10 pp,Down,10,Random Forest,1
SHAP,Industry,0.0693122217173579,Relative,DV5,Down 10 pp,Down,10,Random Forest,1
SHAP,Geography,0.07301705264517136,Relative,DV5,Down 10 pp,Down,10,Random Forest,1
Impurity,Income,0.4231890048908311,Relative,DV5,Down 10 pp,Down,10,Random Forest,2
Impurity,Wealth,0.17787912998060645,Relative,DV5,Down 10 pp,Down,10,Random Forest,2
Impurity,Education,0.046847113044908684,Relative,DV5,Down 10 pp,Down,10,Random Forest,2
Impurity,Demographics,0.1919244150816616,Relative,DV5,Down 10 pp,Down,10,Random Forest,2
Impurity,Family / employment,0.017779005559583616,Relative,DV5,Down 10 pp,Down,10,Random Forest,2
Impurity,Occupation,0.047951081390140364,Relative,DV5,Down 10 pp,Down,10,Random Forest,2
Impurity,Industry,0.04234011318167857,Relative,DV5,Down 10 pp,Down,10,Random Forest,2
Impurity,Geography,0.05209013687058953,Relative,DV5,Down 10 pp,Down,10,Random Forest,2
Permutation,Income,0.19465502115767086,Relative,DV5,Down 10 pp,Down,10,Random Forest,2
Permutation,Wealth,0.004582342822943941,Relative,DV5,Down 10 pp,Down,10,Random Forest,2
Permutation,Education,-0.005213375173164114,Relative,DV5,Down 10 pp,Down,10,Random Forest,2
Permutation,Demographics,0.00899202251791783,Relative,DV5,Down 10 pp,Down,10,Random Forest,2
Permutation,Family / employment,-0.0013125536762223888,Relative,DV5,Down 10 pp,Down,10,Random Forest,2
Permutation,Occupation,0.00297334551734737,Relative,DV5,Down 10 pp,Down,10,Random Forest,2
Permutation,Industry,-0.0022349396493714425,Relative,DV5,Down 10 pp,Down,10,Random Forest,2
Permutation,Geography,-0.0035629863522315063,Relative,DV5,Down 10 pp,Down,10,Random Forest,2
SHAP,Income,0.46988060946951365,Relative,DV5,Down 10 pp,Down,10,Random Forest,2
SHAP,Wealth,0.10148110964341885,Relative,DV5,Down 10 pp,Down,10,Random Forest,2
SHAP,Education,0.062496331701067984,Relative,DV5,Down 10 pp,Down,10,Random Forest,2
SHAP,Demographics,0.1936795610453351,Relative,DV5,Down 10 pp,Down,10,Random Forest,2
SHAP,Family / employment,0.02518252894191878,Relative,DV5,Down 10 pp,Down,10,Random Forest,2
SHAP,Occupation,0.046406309810935215,Relative,DV5,Down 10 pp,Down,10,Random Forest,2
SHAP,Industry,0.0475119770363522,Relative,DV5,Down 10 pp,Down,10,Random Forest,2
SHAP,Geography,0.05336157235145823,Relative,DV5,Down 10 pp,Down,10,Random Forest,2
Impurity,Income,0.42639855832945606,Relative,DV5,Down 10 pp,Down,10,Random Forest,3
Impurity,Wealth,0.17884273621499433,Relative,DV5,Down 10 pp,Down,10,Random Forest,3
Impurity,Education,0.04902632203607398,Relative,DV5,Down 10 pp,Down,10,Random Forest,3
Impurity,Demographics,0.1825612102200947,Relative,DV5,Down 10 pp,Down,10,Random Forest,3
Impurity,Family / employment,0.017982874108057257,Relative,DV5,Down 10 pp,Down,10,Random Forest,3
Impurity,Occupation,0.04746568853008837,Relative,DV5,Down 10 pp,Down,10,Random Forest,3
Impurity,Industry,0.04835944477968991,Relative,DV5,Down 10 pp,Down,10,Random Forest,3
Impurity,Geography,0.04936316578154559,Relative,DV5,Down 10 pp,Down,10,Random Forest,3
Permutation,Income,0.14995045518008526,Relative,DV5,Down 10 pp,Down,10,Random Forest,3
Permutation,Wealth,-0.0007753016086685272,Relative,DV5,Down 10 pp,Down,10,Random Forest,3
Permutation,Education,-0.006186485221367383,Relative,DV5,Down 10 pp,Down,10,Random Forest,3
Permutation,Demographics,0.0032481470556638805,Relative,DV5,Down 10 pp,Down,10,Random Forest,3
Permutation,Family / employment,-0.0038348543959807525,Relative,DV5,Down 10 pp,Down,10,Random Forest,3
Permutation,Occupation,-0.0054068567092913355,Relative,DV5,Down 10 pp,Down,10,Random Forest,3
Permutation,Industry,-0.0024989265528840175,Relative,DV5,Down 10 pp,Down,10,Random Forest,3
Permutation,Geography,-0.012246647088315427,Relative,DV5,Down 10 pp,Down,10,Random Forest,3
SHAP,Income,0.4469566428335351,Relative,DV5,Down 10 pp,Down,10,Random Forest,3
SHAP,Wealth,0.11347151440754412,Relative,DV5,Down 10 pp,Down,10,Random Forest,3
SHAP,Education,0.06589368068624035,Relative,DV5,Down 10 pp,Down,10,Random Forest,3
SHAP,Demographics,0.17467063627532348,Relative,DV5,Down 10 pp,Down,10,Random Forest,3
SHAP,Family / employment,0.021304542014509,Relative,DV5,Down 10 pp,Down,10,Random Forest,3
SHAP,Occupation,0.054977803597537026,Relative,DV5,Down 10 pp,Down,10,Random Forest,3
SHAP,Industry,0.06401952052108759,Relative,DV5,Down 10 pp,Down,10,Random Forest,3
SHAP,Geography,0.05870565966422328,Relative,DV5,Down 10 pp,Down,10,Random Forest,3
Impurity,Income,0.4109970530256216,Relative,DV5,Down 10 pp,Down,10,Random Forest,4
Impurity,Wealth,0.17968384419261216,Relative,DV5,Down 10 pp,Down,10,Random Forest,4
Impurity,Education,0.04657477086809129,Relative,DV5,Down 10 pp,Down,10,Random Forest,4
Impurity,Demographics,0.17850078480162881,Relative,DV5,Down 10 pp,Down,10,Random Forest,4
Impurity,Family / employment,0.026561224486792434,Relative,DV5,Down 10 pp,Down,10,Random Forest,4
Impurity,Occupation,0.0521513443326786,Relative,DV5,Down 10 pp,Down,10,Random Forest,4
Impurity,Industry,0.05612720377304244,Relative,DV5,Down 10 pp,Down,10,Random Forest,4
Impurity,Geography,0.049403774519532616,Relative,DV5,Down 10 pp,Down,10,Random Forest,4
Permutation,Income,0.2165280271987549,Relative,DV5,Down 10 pp,Down,10,Random Forest,4
Permutation,Wealth,0.0111381297329533,Relative,DV5,Down 10 pp,Down,10,Random Forest,4
Permutation,Education,-0.001122436149110495,Relative,DV5,Down 10 pp,Down,10,Random Forest,4
Permutation,Demographics,0.02352499958617451,Relative,DV5,Down 10 pp,Down,10,Random Forest,4
Permutation,Family / employment,-0.007079747845999551,Relative,DV5,Down 10 pp,Down,10,Random Forest,4
Permutation,Occupation,-0.00018192790868130083,Relative,DV5,Down 10 pp,Down,10,Random Forest,4
Permutation,Industry,-0.002884883694057927,Relative,DV5,Down 10 pp,Down,10,Random Forest,4
Permutation,Geography,-0.0017183297366283878,Relative,DV5,Down 10 pp,Down,10,Random Forest,4
SHAP,Income,0.46114704639308957,Relative,DV5,Down 10 pp,Down,10,Random Forest,4
SHAP,Wealth,0.08278432484788549,Relative,DV5,Down 10 pp,Down,10,Random Forest,4
SHAP,Education,0.04321716236408943,Relative,DV5,Down 10 pp,Down,10,Random Forest,4
SHAP,Demographics,0.190333343669352,Relative,DV5,Down 10 pp,Down,10,Random Forest,4
SHAP,Family / employment,0.048462957580508406,Relative,DV5,Down 10 pp,Down,10,Random Forest,4
SHAP,Occupation,0.04669492141855646,Relative,DV5,Down 10 pp,Down,10,Random Forest,4
SHAP,Industry,0.07446915239747656,Relative,DV5,Down 10 pp,Down,10,Random Forest,4
SHAP,Geography,0.05289109132904185,Relative,DV5,Down 10 pp,Down,10,Random Forest,4
Impurity,Income,0.41369774331898723,Relative,DV5,Down 10 pp,Down,10,Random Forest,5
Impurity,Wealth,0.19488696038611794,Relative,DV5,Down 10 pp,Down,10,Random Forest,5
Impurity,Education,0.048836923091194515,Relative,DV5,Down 10 pp,Down,10,Random Forest,5
Impurity,Demographics,0.17654267908557272,Relative,DV5,Down 10 pp,Down,10,Random Forest,5
Impurity,Family / employment,0.01729430824524372,Relative,DV5,Down 10 pp,Down,10,Random Forest,5
Impurity,Occupation,0.053186683548857715,Relative,DV5,Down 10 pp,Down,10,Random Forest,5
Impurity,Industry,0.04935388580953307,Relative,DV5,Down 10 pp,Down,10,Random Forest,5
Impurity,Geography,0.04620081651449301,Relative,DV5,Down 10 pp,Down,10,Random Forest,5
Permutation,Income,0.2039728741178392,Relative,DV5,Down 10 pp,Down,10,Random Forest,5
Permutation,Wealth,-0.0021367885860190893,Relative,DV5,Down 10 pp,Down,10,Random Forest,5
Permutation,Education,0.00037959297695190907,Relative,DV5,Down 10 pp,Down,10,Random Forest,5
Permutation,Demographics,0.027426531946076416,Relative,DV5,Down 10 pp,Down,10,Random Forest,5
Permutation,Family / employment,0.0015659930422888047,Relative,DV5,Down 10 pp,Down,10,Random Forest,5
Permutation,Occupation,0.003748482359237909,Relative,DV5,Down 10 pp,Down,10,Random Forest,5
Permutation,Industry,-0.00032934073896568884,Relative,DV5,Down 10 pp,Down,10,Random Forest,5
Permutation,Geography,-0.0016692159311429088,Relative,DV5,Down 10 pp,Down,10,Random Forest,5
SHAP,Income,0.4710251806757715,Relative,DV5,Down 10 pp,Down,10,Random Forest,5
SHAP,Wealth,0.14834901082861301,Relative,DV5,Down 10 pp,Down,10,Random Forest,5
SHAP,Education,0.053868112765858685,Relative,DV5,Down 10 pp,Down,10,Random Forest,5
SHAP,Demographics,0.17029640595515078,Relative,DV5,Down 10 pp,Down,10,Random Forest,5
SHAP,Family / employment,0.01937053632178113,Relative,DV5,Down 10 pp,Down,10,Random Forest,5
SHAP,Occupation,0.059618332024605133,Relative,DV5,Down 10 pp,Down,10,Random Forest,5
SHAP,Industry,0.04972735605773634,Relative,DV5,Down 10 pp,Down,10,Random Forest,5
SHAP,Geography,0.027745065370483605,Relative,DV5,Down 10 pp,Down,10,Random Forest,5
Impurity,Income,0.5156975850164518,Relative,DV5,Down 10 pp,Down,10,Gradient Boosting,1
Impurity,Wealth,0.15721424185831534,Relative,DV5,Down 10 pp,Down,10,Gradient Boosting,1
Impurity,Education,0.033271142431069226,Relative,DV5,Down 10 pp,Down,10,Gradient Boosting,1
Impurity,Demographics,0.15973442670735094,Relative,DV5,Down 10 pp,Down,10,Gradient Boosting,1
Impurity,Family / employment,0.0058097052316431474,Relative,DV5,Down 10 pp,Down,10,Gradient Boosting,1
Impurity,Occupation,0.04261507302112178,Relative,DV5,Down 10 pp,Down,10,Gradient Boosting,1
Impurity,Industry,0.05352821790677684,Relative,DV5,Down 10 pp,Down,10,Gradient Boosting,1
Impurity,Geography,0.032129607827271,Relative,DV5,Down 10 pp,Down,10,Gradient Boosting,1
Permutation,Income,0.21676273931706946,Relative,DV5,Down 10 pp,Down,10,Gradient Boosting,1
Permutation,Wealth,0.010130076046129232,Relative,DV5,Down 10 pp,Down,10,Gradient Boosting,1
Permutation,Education,-0.007480527481547478,Relative,DV5,Down 10 pp,Down,10,Gradient Boosting,1
Permutation,Demographics,0.03161048210565881,Relative,DV5,Down 10 pp,Down,10,Gradient Boosting,1
Permutation,Family / employment,-0.00017553228858230852,Relative,DV5,Down 10 pp,Down,10,Gradient Boosting,1
Permutation,Occupation,-0.004615069375723558,Relative,DV5,Down 10 pp,Down,10,Gradient Boosting,1
Permutation,Industry,-0.002489306442694239,Relative,DV5,Down 10 pp,Down,10,Gradient Boosting,1
Permutation,Geography,-0.006085556992497254,Relative,DV5,Down 10 pp,Down,10,Gradient Boosting,1
SHAP,Income,0.46268029769620084,Relative,DV5,Down 10 pp,Down,10,Gradient Boosting,1
SHAP,Wealth,0.09831603373556966,Relative,DV5,Down 10 pp,Down,10,Gradient Boosting,1
SHAP,Education,0.07575094848288386,Relative,DV5,Down 10 pp,Down,10,Gradient Boosting,1
SHAP,Demographics,0.15995672289908106,Relative,DV5,Down 10 pp,Down,10,Gradient Boosting,1
SHAP,Family / employment,0.010428254953593251,Relative,DV5,Down 10 pp,Down,10,Gradient Boosting,1
SHAP,Occupation,0.04400584530420375,Relative,DV5,Down 10 pp,Down,10,Gradient Boosting,1
SHAP,Industry,0.08175919180998807,Relative,DV5,Down 10 pp,Down,10,Gradient Boosting,1
SHAP,Geography,0.0671027051184796,Relative,DV5,Down 10 pp,Down,10,Gradient Boosting,1
Impurity,Income,0.5651981660036387,Relative,DV5,Down 10 pp,Down,10,Gradient Boosting,2
Impurity,Wealth,0.08336658278772183,Relative,DV5,Down 10 pp,Down,10,Gradient Boosting,2
Impurity,Education,0.05312272789861842,Relative,DV5,Down 10 pp,Down,10,Gradient Boosting,2
Impurity,Demographics,0.15388360159053552,Relative,DV5,Down 10 pp,Down,10,Gradient Boosting,2
Impurity,Family / employment,0.03990212331199426,Relative,DV5,Down 10 pp,Down,10,Gradient Boosting,2
Impurity,Occupation,0.03524187538102615,Relative,DV5,Down 10 pp,Down,10,Gradient Boosting,2
Impurity,Industry,0.054105133559595106,Relative,DV5,Down 10 pp,Down,10,Gradient Boosting,2
Impurity,Geography,0.015179789466869868,Relative,DV5,Down 10 pp,Down,10,Gradient Boosting,2
Permutation,Income,0.18505950265917961,Relative,DV5,Down 10 pp,Down,10,Gradient Boosting,2
Permutation,Wealth,0.011838428618340047,Relative,DV5,Down 10 pp,Down,10,Gradient Boosting,2
Permutation,Education,-0.0011042160361366348,Relative,DV5,Down 10 pp,Down,10,Gradient Boosting,2
Permutation,Demographics,0.011540702308371693,Relative,DV5,Down 10 pp,Down,10,Gradient Boosting,2
Permutation,Family / employment,0.004000884504689078,Relative,DV5,Down 10 pp,Down,10,Gradient Boosting,2
Permutation,Occupation,0.006331980957370609,Relative,DV5,Down 10 pp,Down,10,Gradient Boosting,2
Permutation,Industry,0.0029141755943321635,Relative,DV5,Down 10 pp,Down,10,Gradient Boosting,2
Permutation,Geography,0.003386751252737896,Relative,DV5,Down 10 pp,Down,10,Gradient Boosting,2
SHAP,Income,0.3741667760104962,Relative,DV5,Down 10 pp,Down,10,Gradient Boosting,2
SHAP,Wealth,0.05578925796025571,Relative,DV5,Down 10 pp,Down,10,Gradient Boosting,2
SHAP,Education,0.12956652941322533,Relative,DV5,Down 10 pp,Down,10,Gradient Boosting,2
SHAP,Demographics,0.17909991610074183,Relative,DV5,Down 10 pp,Down,10,Gradient Boosting,2
SHAP,Family / employment,0.07929601303789671,Relative,DV5,Down 10 pp,Down,10,Gradient Boosting,2
SHAP,Occupation,0.04746290141651239,Relative,DV5,Down 10 pp,Down,10,Gradient Boosting,2
SHAP,Industry,0.09956078507488217,Relative,DV5,Down 10 pp,Down,10,Gradient Boosting,2
SHAP,Geography,0.03505782098598941,Relative,DV5,Down 10 pp,Down,10,Gradient Boosting,2
Impurity,Income,0.5014191886035289,Relative,DV5,Down 10 pp,Down,10,Gradient Boosting,3
Impurity,Wealth,0.17033737699619378,Relative,DV5,Down 10 pp,Down,10,Gradient Boosting,3
Impurity,Education,0.02849360857567538,Relative,DV5,Down 10 pp,Down,10,Gradient Boosting,3
Impurity,Demographics,0.16727238243419107,Relative,DV5,Down 10 pp,Down,10,Gradient Boosting,3
Impurity,Family / employment,0.010142367100639798,Relative,DV5,Down 10 pp,Down,10,Gradient Boosting,3
Impurity,Occupation,0.03708165783464747,Relative,DV5,Down 10 pp,Down,10,Gradient Boosting,3
Impurity,Industry,0.05644071970962712,Relative,DV5,Down 10 pp,Down,10,Gradient Boosting,3
Impurity,Geography,0.028812698745496704,Relative,DV5,Down 10 pp,Down,10,Gradient Boosting,3
Permutation,Income,0.15761599068875773,Relative,DV5,Down 10 pp,Down,10,Gradient Boosting,3
Permutation,Wealth,0.001399698602369298,Relative,DV5,Down 10 pp,Down,10,Gradient Boosting,3
Permutation,Education,-0.0012414113571691976,Relative,DV5,Down 10 pp,Down,10,Gradient Boosting,3
Permutation,Demographics,0.009956991057675718,Relative,DV5,Down 10 pp,Down,10,Gradient Boosting,3
Permutation,Family / employment,-0.0004676351696149161,Relative,DV5,Down 10 pp,Down,10,Gradient Boosting,3
Permutation,Occupation,-0.004325415661434745,Relative,DV5,Down 10 pp,Down,10,Gradient Boosting,3
Permutation,Industry,-0.005841484052934248,Relative,DV5,Down 10 pp,Down,10,Gradient Boosting,3
Permutation,Geography,-0.0027961394542920792,Relative,DV5,Down 10 pp,Down,10,Gradient Boosting,3
SHAP,Income,0.44315308336152687,Relative,DV5,Down 10 pp,Down,10,Gradient Boosting,3
SHAP,Wealth,0.12264098867707507,Relative,DV5,Down 10 pp,Down,10,Gradient Boosting,3
SHAP,Education,0.06381019711325467,Relative,DV5,Down 10 pp,Down,10,Gradient Boosting,3
SHAP,Demographics,0.13741798629965055,Relative,DV5,Down 10 pp,Down,10,Gradient Boosting,3
SHAP,Family / employment,0.02784907063868666,Relative,DV5,Down 10 pp,Down,10,Gradient Boosting,3
SHAP,Occupation,0.049925946182881244,Relative,DV5,Down 10 pp,Down,10,Gradient Boosting,3
SHAP,Industry,0.09409105799085085,Relative,DV5,Down 10 pp,Down,10,Gradient Boosting,3
SHAP,Geography,0.06111166973607417,Relative,DV5,Down 10 pp,Down,10,Gradient Boosting,3
Impurity,Income,0.555796840322483,Relative,DV5,Down 10 pp,Down,10,Gradient Boosting,4
Impurity,Wealth,0.08315835988446175,Relative,DV5,Down 10 pp,Down,10,Gradient Boosting,4
Impurity,Education,0.019328768836201847,Relative,DV5,Down 10 pp,Down,10,Gradient Boosting,4
Impurity,Demographics,0.14700289617347978,Relative,DV5,Down 10 pp,Down,10,Gradient Boosting,4
Impurity,Family / employment,0.04122328908016683,Relative,DV5,Down 10 pp,Down,10,Gradient Boosting,4
Impurity,Occupation,0.04220172560613852,Relative,DV5,Down 10 pp,Down,10,Gradient Boosting,4
Impurity,Industry,0.09167156195834013,Relative,DV5,Down 10 pp,Down,10,Gradient Boosting,4
Impurity,Geography,0.019616558138728018,Relative,DV5,Down 10 pp,Down,10,Gradient Boosting,4
Permutation,Income,0.16795022895482017,Relative,DV5,Down 10 pp,Down,10,Gradient Boosting,4
Permutation,Wealth,0.00702701950877172,Relative,DV5,Down 10 pp,Down,10,Gradient Boosting,4
Permutation,Education,0.0017303593093762892,Relative,DV5,Down 10 pp,Down,10,Gradient Boosting,4
Permutation,Demographics,0.01739772108730873,Relative,DV5,Down 10 pp,Down,10,Gradient Boosting,4
Permutation,Family / employment,-0.002525326004237377,Relative,DV5,Down 10 pp,Down,10,Gradient Boosting,4
Permutation,Occupation,-0.0017712259273325425,Relative,DV5,Down 10 pp,Down,10,Gradient Boosting,4
Permutation,Industry,-0.006482005236142202,Relative,DV5,Down 10 pp,Down,10,Gradient Boosting,4
Permutation,Geography,0.0020239709550319285,Relative,DV5,Down 10 pp,Down,10,Gradient Boosting,4
SHAP,Income,0.38921265887188966,Relative,DV5,Down 10 pp,Down,10,Gradient Boosting,4
SHAP,Wealth,0.0495194845465239,Relative,DV5,Down 10 pp,Down,10,Gradient Boosting,4
SHAP,Education,0.03722046413901618,Relative,DV5,Down 10 pp,Down,10,Gradient Boosting,4
SHAP,Demographics,0.2077500624227062,Relative,DV5,Down 10 pp,Down,10,Gradient Boosting,4
SHAP,Family / employment,0.07095681776813968,Relative,DV5,Down 10 pp,Down,10,Gradient Boosting,4
SHAP,Occupation,0.05025134108884176,Relative,DV5,Down 10 pp,Down,10,Gradient Boosting,4
SHAP,Industry,0.1597516037795077,Relative,DV5,Down 10 pp,Down,10,Gradient Boosting,4
SHAP,Geography,0.03533756738337498,Relative,DV5,Down 10 pp,Down,10,Gradient Boosting,4
Impurity,Income,0.510200131531342,Relative,DV5,Down 10 pp,Down,10,Gradient Boosting,5
Impurity,Wealth,0.17432458082497884,Relative,DV5,Down 10 pp,Down,10,Gradient Boosting,5
Impurity,Education,0.03014058469211668,Relative,DV5,Down 10 pp,Down,10,Gradient Boosting,5
Impurity,Demographics,0.16998085940309174,Relative,DV5,Down 10 pp,Down,10,Gradient Boosting,5
Impurity,Family / employment,0.009019108796502057,Relative,DV5,Down 10 pp,Down,10,Gradient Boosting,5
Impurity,Occupation,0.043218128757626886,Relative,DV5,Down 10 pp,Down,10,Gradient Boosting,5
Impurity,Industry,0.04523677832328377,Relative,DV5,Down 10 pp,Down,10,Gradient Boosting,5
Impurity,Geography,0.01787982767105827,Relative,DV5,Down 10 pp,Down,10,Gradient Boosting,5
Permutation,Income,0.18832098720423576,Relative,DV5,Down 10 pp,Down,10,Gradient Boosting,5
Permutation,Wealth,-0.012884823581699895,Relative,DV5,Down 10 pp,Down,10,Gradient Boosting,5
Permutation,Education,0.0006494553506363576,Relative,DV5,Down 10 pp,Down,10,Gradient Boosting,5
Permutation,Demographics,0.01677187105586847,Relative,DV5,Down 10 pp,Down,10,Gradient Boosting,5
Permutation,Family / employment,-9.893366047175611e-06,Relative,DV5,Down 10 pp,Down,10,Gradient Boosting,5
Permutation,Occupation,-0.0005830569524217455,Relative,DV5,Down 10 pp,Down,10,Gradient Boosting,5
Permutation,Industry,-0.002151141578013749,Relative,DV5,Down 10 pp,Down,10,Gradient Boosting,5
Permutation,Geography,-0.0019042150671554237,Relative,DV5,Down 10 pp,Down,10,Gradient Boosting,5
SHAP,Income,0.4810192406548656,Relative,DV5,Down 10 pp,Down,10,Gradient Boosting,5
SHAP,Wealth,0.16011052119300548,Relative,DV5,Down 10 pp,Down,10,Gradient Boosting,5
SHAP,Education,0.07515741170695961,Relative,DV5,Down 10 pp,Down,10,Gradient Boosting,5
SHAP,Demographics,0.13172655153140045,Relative,DV5,Down 10 pp,Down,10,Gradient Boosting,5
SHAP,Family / employment,0.014528872499681099,Relative,DV5,Down 10 pp,Down,10,Gradient Boosting,5
SHAP,Occupation,0.05246380241038605,Relative,DV5,Down 10 pp,Down,10,Gradient Boosting,5
SHAP,Industry,0.06389223544752078,Relative,DV5,Down 10 pp,Down,10,Gradient Boosting,5
SHAP,Geography,0.021101364556180748,Relative,DV5,Down 10 pp,Down,10,Gradient Boosting,5
Impurity,Income,0.4170264323117975,Relative,DV6,Down 20 pp,Down,20,Random Forest,1
Impurity,Wealth,0.18264736686964894,Relative,DV6,Down 20 pp,Down,20,Random Forest,1
Impurity,Education,0.05294811769150923,Relative,DV6,Down 20 pp,Down,20,Random Forest,1
Impurity,Demographics,0.17354881759656798,Relative,DV6,Down 20 pp,Down,20,Random Forest,1
Impurity,Family / employment,0.023205475292104785,Relative,DV6,Down 20 pp,Down,20,Random Forest,1
Impurity,Occupation,0.052903144743570725,Relative,DV6,Down 20 pp,Down,20,Random Forest,1
Impurity,Industry,0.04736850044805143,Relative,DV6,Down 20 pp,Down,20,Random Forest,1
Impurity,Geography,0.05035214504674933,Relative,DV6,Down 20 pp,Down,20,Random Forest,1
Permutation,Income,0.17062396168726568,Relative,DV6,Down 20 pp,Down,20,Random Forest,1
Permutation,Wealth,0.038666557929983955,Relative,DV6,Down 20 pp,Down,20,Random Forest,1
Permutation,Education,0.008149139770103892,Relative,DV6,Down 20 pp,Down,20,Random Forest,1
Permutation,Demographics,0.008630021907402575,Relative,DV6,Down 20 pp,Down,20,Random Forest,1
Permutation,Family / employment,-0.005086100719499087,Relative,DV6,Down 20 pp,Down,20,Random Forest,1
Permutation,Occupation,0.002328352637821668,Relative,DV6,Down 20 pp,Down,20,Random Forest,1
Permutation,Industry,-0.0016425560287162467,Relative,DV6,Down 20 pp,Down,20,Random Forest,1
Permutation,Geography,0.010593185170295139,Relative,DV6,Down 20 pp,Down,20,Random Forest,1
SHAP,Income,0.44084999627089677,Relative,DV6,Down 20 pp,Down,20,Random Forest,1
SHAP,Wealth,0.1077562412427596,Relative,DV6,Down 20 pp,Down,20,Random Forest,1
SHAP,Education,0.07111054120014411,Relative,DV6,Down 20 pp,Down,20,Random Forest,1
SHAP,Demographics,0.1670148444495777,Relative,DV6,Down 20 pp,Down,20,Random Forest,1
SHAP,Family / employment,0.036426141768539214,Relative,DV6,Down 20 pp,Down,20,Random Forest,1
SHAP,Occupation,0.04916577378072035,Relative,DV6,Down 20 pp,Down,20,Random Forest,1
SHAP,Industry,0.0688232326587888,Relative,DV6,Down 20 pp,Down,20,Random Forest,1
SHAP,Geography,0.05885322862857345,Relative,DV6,Down 20 pp,Down,20,Random Forest,1
Impurity,Income,0.39046841892072265,Relative,DV6,Down 20 pp,Down,20,Random Forest,2
Impurity,Wealth,0.2063127903760572,Relative,DV6,Down 20 pp,Down,20,Random Forest,2
Impurity,Education,0.05583924908053405,Relative,DV6,Down 20 pp,Down,20,Random Forest,2
Impurity,Demographics,0.16443029031036985,Relative,DV6,Down 20 pp,Down,20,Random Forest,2
Impurity,Family / employment,0.013841517066739684,Relative,DV6,Down 20 pp,Down,20,Random Forest,2
Impurity,Occupation,0.05625185249891274,Relative,DV6,Down 20 pp,Down,20,Random Forest,2
Impurity,Industry,0.052352084643475,Relative,DV6,Down 20 pp,Down,20,Random Forest,2
Impurity,Geography,0.06050379710318864,Relative,DV6,Down 20 pp,Down,20,Random Forest,2
Permutation,Income,0.26200079542281396,Relative,DV6,Down 20 pp,Down,20,Random Forest,2
Permutation,Wealth,0.021682536914882707,Relative,DV6,Down 20 pp,Down,20,Random Forest,2
Permutation,Education,-0.002771890516536829,Relative,DV6,Down 20 pp,Down,20,Random Forest,2
Permutation,Demographics,0.020013282697769946,Relative,DV6,Down 20 pp,Down,20,Random Forest,2
Permutation,Family / employment,-0.0011606910299578332,Relative,DV6,Down 20 pp,Down,20,Random Forest,2
Permutation,Occupation,0.0031429861483854237,Relative,DV6,Down 20 pp,Down,20,Random Forest,2
Permutation,Industry,-0.0028137943085794702,Relative,DV6,Down 20 pp,Down,20,Random Forest,2
Permutation,Geography,0.0047141097929538685,Relative,DV6,Down 20 pp,Down,20,Random Forest,2
SHAP,Income,0.4423393721436417,Relative,DV6,Down 20 pp,Down,20,Random Forest,2
SHAP,Wealth,0.15320865820355495,Relative,DV6,Down 20 pp,Down,20,Random Forest,2
SHAP,Education,0.08781601316781396,Relative,DV6,Down 20 pp,Down,20,Random Forest,2
SHAP,Demographics,0.12852252946207227,Relative,DV6,Down 20 pp,Down,20,Random Forest,2
SHAP,Family / employment,0.013784964405671795,Relative,DV6,Down 20 pp,Down,20,Random Forest,2
SHAP,Occupation,0.05182670762951145,Relative,DV6,Down 20 pp,Down,20,Random Forest,2
SHAP,Industry,0.06266875084492848,Relative,DV6,Down 20 pp,Down,20,Random Forest,2
SHAP,Geography,0.05983300414280539,Relative,DV6,Down 20 pp,Down,20,Random Forest,2
Impurity,Income,0.4162349636192842,Relative,DV6,Down 20 pp,Down,20,Random Forest,3
Impurity,Wealth,0.19749178594024844,Relative,DV6,Down 20 pp,Down,20,Random Forest,3
Impurity,Education,0.051282125551830614,Relative,DV6,Down 20 pp,Down,20,Random Forest,3
Impurity,Demographics,0.159982618840396,Relative,DV6,Down 20 pp,Down,20,Random Forest,3
Impurity,Family / employment,0.013200210535174974,Relative,DV6,Down 20 pp,Down,20,Random Forest,3
Impurity,Occupation,0.052982265306023374,Relative,DV6,Down 20 pp,Down,20,Random Forest,3
Impurity,Industry,0.050606560388503946,Relative,DV6,Down 20 pp,Down,20,Random Forest,3
Impurity,Geography,0.058219469818538525,Relative,DV6,Down 20 pp,Down,20,Random Forest,3
Permutation,Income,0.20416041085855072,Relative,DV6,Down 20 pp,Down,20,Random Forest,3
Permutation,Wealth,0.025829297857651895,Relative,DV6,Down 20 pp,Down,20,Random Forest,3
Permutation,Education,-0.0019258109567548143,Relative,DV6,Down 20 pp,Down,20,Random Forest,3
Permutation,Demographics,0.021880694966138852,Relative,DV6,Down 20 pp,Down,20,Random Forest,3
Permutation,Family / employment,-0.0017486770893502812,Relative,DV6,Down 20 pp,Down,20,Random Forest,3
Permutation,Occupation,-0.004840566885901482,Relative,DV6,Down 20 pp,Down,20,Random Forest,3
Permutation,Industry,0.002908958304471759,Relative,DV6,Down 20 pp,Down,20,Random Forest,3
Permutation,Geography,-0.006965112042579736,Relative,DV6,Down 20 pp,Down,20,Random Forest,3
SHAP,Income,0.43005395368457816,Relative,DV6,Down 20 pp,Down,20,Random Forest,3
SHAP,Wealth,0.15010174186739136,Relative,DV6,Down 20 pp,Down,20,Random Forest,3
SHAP,Education,0.06695696886667664,Relative,DV6,Down 20 pp,Down,20,Random Forest,3
SHAP,Demographics,0.117496158831453,Relative,DV6,Down 20 pp,Down,20,Random Forest,3
SHAP,Family / employment,0.010605170528921026,Relative,DV6,Down 20 pp,Down,20,Random Forest,3
SHAP,Occupation,0.05215932833103012,Relative,DV6,Down 20 pp,Down,20,Random Forest,3
SHAP,Industry,0.07379322273691122,Relative,DV6,Down 20 pp,Down,20,Random Forest,3
SHAP,Geography,0.0988334551530387,Relative,DV6,Down 20 pp,Down,20,Random Forest,3
Impurity,Income,0.4082743579542856,Relative,DV6,Down 20 pp,Down,20,Random Forest,4
Impurity,Wealth,0.200466691788909,Relative,DV6,Down 20 pp,Down,20,Random Forest,4
Impurity,Education,0.04707866499300072,Relative,DV6,Down 20 pp,Down,20,Random Forest,4
Impurity,Demographics,0.16837112853117345,Relative,DV6,Down 20 pp,Down,20,Random Forest,4
Impurity,Family / employment,0.015287375679559331,Relative,DV6,Down 20 pp,Down,20,Random Forest,4
Impurity,Occupation,0.047599732987600264,Relative,DV6,Down 20 pp,Down,20,Random Forest,4
Impurity,Industry,0.05112780549514612,Relative,DV6,Down 20 pp,Down,20,Random Forest,4
Impurity,Geography,0.061794242570325696,Relative,DV6,Down 20 pp,Down,20,Random Forest,4
Permutation,Income,0.1880759497334629,Relative,DV6,Down 20 pp,Down,20,Random Forest,4
Permutation,Wealth,0.0013882871919225271,Relative,DV6,Down 20 pp,Down,20,Random Forest,4
Permutation,Education,-0.0009811566190020605,Relative,DV6,Down 20 pp,Down,20,Random Forest,4
Permutation,Demographics,0.006591239586378683,Relative,DV6,Down 20 pp,Down,20,Random Forest,4
Permutation,Family / employment,-0.002937519205176453,Relative,DV6,Down 20 pp,Down,20,Random Forest,4
Permutation,Occupation,-0.0022291229247788703,Relative,DV6,Down 20 pp,Down,20,Random Forest,4
Permutation,Industry,-0.013247446996561113,Relative,DV6,Down 20 pp,Down,20,Random Forest,4
Permutation,Geography,-0.005709270970454488,Relative,DV6,Down 20 pp,Down,20,Random Forest,4
SHAP,Income,0.4498693799411303,Relative,DV6,Down 20 pp,Down,20,Random Forest,4
SHAP,Wealth,0.15909970862790684,Relative,DV6,Down 20 pp,Down,20,Random Forest,4
SHAP,Education,0.0530489428915002,Relative,DV6,Down 20 pp,Down,20,Random Forest,4
SHAP,Demographics,0.12319132137044642,Relative,DV6,Down 20 pp,Down,20,Random Forest,4
SHAP,Family / employment,0.013205874232841534,Relative,DV6,Down 20 pp,Down,20,Random Forest,4
SHAP,Occupation,0.05038873646698003,Relative,DV6,Down 20 pp,Down,20,Random Forest,4
SHAP,Industry,0.07630580532942607,Relative,DV6,Down 20 pp,Down,20,Random Forest,4
SHAP,Geography,0.07489023113976861,Relative,DV6,Down 20 pp,Down,20,Random Forest,4
Impurity,Income,0.3982144608754302,Relative,DV6,Down 20 pp,Down,20,Random Forest,5
Impurity,Wealth,0.19829132119066364,Relative,DV6,Down 20 pp,Down,20,Random Forest,5
Impurity,Education,0.04845693414756683,Relative,DV6,Down 20 pp,Down,20,Random Forest,5
Impurity,Demographics,0.1799009105687237,Relative,DV6,Down 20 pp,Down,20,Random Forest,5
Impurity,Family / employment,0.01722512301610619,Relative,DV6,Down 20 pp,Down,20,Random Forest,5
Impurity,Occupation,0.053049756760923085,Relative,DV6,Down 20 pp,Down,20,Random Forest,5
Impurity,Industry,0.052715796895010984,Relative,DV6,Down 20 pp,Down,20,Random Forest,5
Impurity,Geography,0.05214569654557517,Relative,DV6,Down 20 pp,Down,20,Random Forest,5
Permutation,Income,0.2208099817166632,Relative,DV6,Down 20 pp,Down,20,Random Forest,5
Permutation,Wealth,0.025560116525128324,Relative,DV6,Down 20 pp,Down,20,Random Forest,5
Permutation,Education,0.002679278142896113,Relative,DV6,Down 20 pp,Down,20,Random Forest,5
Permutation,Demographics,0.013210825768310463,Relative,DV6,Down 20 pp,Down,20,Random Forest,5
Permutation,Family / employment,4.0452585940597974e-05,Relative,DV6,Down 20 pp,Down,20,Random Forest,5
Permutation,Occupation,0.003091980726421595,Relative,DV6,Down 20 pp,Down,20,Random Forest,5
Permutation,Industry,0.0005883738995978383,Relative,DV6,Down 20 pp,Down,20,Random Forest,5
Permutation,Geography,0.0060629519086505875,Relative,DV6,Down 20 pp,Down,20,Random Forest,5
SHAP,Income,0.44419865401952807,Relative,DV6,Down 20 pp,Down,20,Random Forest,5
SHAP,Wealth,0.14228691520788023,Relative,DV6,Down 20 pp,Down,20,Random Forest,5
SHAP,Education,0.05826472881742403,Relative,DV6,Down 20 pp,Down,20,Random Forest,5
SHAP,Demographics,0.15361425058102224,Relative,DV6,Down 20 pp,Down,20,Random Forest,5
SHAP,Family / employment,0.02330280458873938,Relative,DV6,Down 20 pp,Down,20,Random Forest,5
SHAP,Occupation,0.0510962494466807,Relative,DV6,Down 20 pp,Down,20,Random Forest,5
SHAP,Industry,0.06687390628050105,Relative,DV6,Down 20 pp,Down,20,Random Forest,5
SHAP,Geography,0.060362491058224166,Relative,DV6,Down 20 pp,Down,20,Random Forest,5
Impurity,Income,0.49375099951998125,Relative,DV6,Down 20 pp,Down,20,Gradient Boosting,1
Impurity,Wealth,0.1673168344183405,Relative,DV6,Down 20 pp,Down,20,Gradient Boosting,1
Impurity,Education,0.03857212619963114,Relative,DV6,Down 20 pp,Down,20,Gradient Boosting,1
Impurity,Demographics,0.15781274899646522,Relative,DV6,Down 20 pp,Down,20,Gradient Boosting,1
Impurity,Family / employment,0.00857746125339262,Relative,DV6,Down 20 pp,Down,20,Gradient Boosting,1
Impurity,Occupation,0.05023564949338035,Relative,DV6,Down 20 pp,Down,20,Gradient Boosting,1
Impurity,Industry,0.05971367129558944,Relative,DV6,Down 20 pp,Down,20,Gradient Boosting,1
Impurity,Geography,0.024020508823219506,Relative,DV6,Down 20 pp,Down,20,Gradient Boosting,1
Permutation,Income,0.18064161489749558,Relative,DV6,Down 20 pp,Down,20,Gradient Boosting,1
Permutation,Wealth,0.01631028006117599,Relative,DV6,Down 20 pp,Down,20,Gradient Boosting,1
Permutation,Education,0.011963105376700112,Relative,DV6,Down 20 pp,Down,20,Gradient Boosting,1
Permutation,Demographics,0.018526630487288958,Relative,DV6,Down 20 pp,Down,20,Gradient Boosting,1
Permutation,Family / employment,-0.006293604177022854,Relative,DV6,Down 20 pp,Down,20,Gradient Boosting,1
Permutation,Occupation,-0.0026635104540523257,Relative,DV6,Down 20 pp,Down,20,Gradient Boosting,1
Permutation,Industry,-0.003760077636483017,Relative,DV6,Down 20 pp,Down,20,Gradient Boosting,1
Permutation,Geography,0.003168348208963739,Relative,DV6,Down 20 pp,Down,20,Gradient Boosting,1
SHAP,Income,0.4365507374047958,Relative,DV6,Down 20 pp,Down,20,Gradient Boosting,1
SHAP,Wealth,0.1038630444007238,Relative,DV6,Down 20 pp,Down,20,Gradient Boosting,1
SHAP,Education,0.07282214431408826,Relative,DV6,Down 20 pp,Down,20,Gradient Boosting,1
SHAP,Demographics,0.14385002944091646,Relative,DV6,Down 20 pp,Down,20,Gradient Boosting,1
SHAP,Family / employment,0.01880858557743082,Relative,DV6,Down 20 pp,Down,20,Gradient Boosting,1
SHAP,Occupation,0.07602697090836781,Relative,DV6,Down 20 pp,Down,20,Gradient Boosting,1
SHAP,Industry,0.09071233703822594,Relative,DV6,Down 20 pp,Down,20,Gradient Boosting,1
SHAP,Geography,0.057366150915451095,Relative,DV6,Down 20 pp,Down,20,Gradient Boosting,1
Impurity,Income,0.37061443559379037,Relative,DV6,Down 20 pp,Down,20,Gradient Boosting,2
Impurity,Wealth,0.1586622567246722,Relative,DV6,Down 20 pp,Down,20,Gradient Boosting,2
Impurity,Education,0.07866485065016071,Relative,DV6,Down 20 pp,Down,20,Gradient Boosting,2
Impurity,Demographics,0.11417034739950668,Relative,DV6,Down 20 pp,Down,20,Gradient Boosting,2
Impurity,Family / employment,0.021029633598581194,Relative,DV6,Down 20 pp,Down,20,Gradient Boosting,2
Impurity,Occupation,0.0920713579302157,Relative,DV6,Down 20 pp,Down,20,Gradient Boosting,2
Impurity,Industry,0.11617420761885101,Relative,DV6,Down 20 pp,Down,20,Gradient Boosting,2
Impurity,Geography,0.048612910484222054,Relative,DV6,Down 20 pp,Down,20,Gradient Boosting,2
Permutation,Income,0.22929500139340311,Relative,DV6,Down 20 pp,Down,20,Gradient Boosting,2
Permutation,Wealth,0.019869228442852445,Relative,DV6,Down 20 pp,Down,20,Gradient Boosting,2
Permutation,Education,0.0025124799330943416,Relative,DV6,Down 20 pp,Down,20,Gradient Boosting,2
Permutation,Demographics,0.012894628139138515,Relative,DV6,Down 20 pp,Down,20,Gradient Boosting,2
Permutation,Family / employment,0.002315022351072493,Relative,DV6,Down 20 pp,Down,20,Gradient Boosting,2
Permutation,Occupation,0.0018264090965914525,Relative,DV6,Down 20 pp,Down,20,Gradient Boosting,2
Permutation,Industry,-0.002892365314275236,Relative,DV6,Down 20 pp,Down,20,Gradient Boosting,2
Permutation,Geography,-0.007413273704587953,Relative,DV6,Down 20 pp,Down,20,Gradient Boosting,2
SHAP,Income,0.3471858674943116,Relative,DV6,Down 20 pp,Down,20,Gradient Boosting,2
SHAP,Wealth,0.09817907789272207,Relative,DV6,Down 20 pp,Down,20,Gradient Boosting,2
SHAP,Education,0.14427138007565984,Relative,DV6,Down 20 pp,Down,20,Gradient Boosting,2
SHAP,Demographics,0.1082542014644236,Relative,DV6,Down 20 pp,Down,20,Gradient Boosting,2
SHAP,Family / employment,0.029511009669622792,Relative,DV6,Down 20 pp,Down,20,Gradient Boosting,2
SHAP,Occupation,0.0802688630533482,Relative,DV6,Down 20 pp,Down,20,Gradient Boosting,2
SHAP,Industry,0.15608784248625335,Relative,DV6,Down 20 pp,Down,20,Gradient Boosting,2
SHAP,Geography,0.036241757863658505,Relative,DV6,Down 20 pp,Down,20,Gradient Boosting,2
Impurity,Income,0.469060924542101,Relative,DV6,Down 20 pp,Down,20,Gradient Boosting,3
Impurity,Wealth,0.1889312733717805,Relative,DV6,Down 20 pp,Down,20,Gradient Boosting,3
Impurity,Education,0.033784800458558584,Relative,DV6,Down 20 pp,Down,20,Gradient Boosting,3
Impurity,Demographics,0.1533981779788322,Relative,DV6,Down 20 pp,Down,20,Gradient Boosting,3
Impurity,Family / employment,0.00892645065741525,Relative,DV6,Down 20 pp,Down,20,Gradient Boosting,3
Impurity,Occupation,0.05539517461627485,Relative,DV6,Down 20 pp,Down,20,Gradient Boosting,3
Impurity,Industry,0.05552984302825962,Relative,DV6,Down 20 pp,Down,20,Gradient Boosting,3
Impurity,Geography,0.034973355346778076,Relative,DV6,Down 20 pp,Down,20,Gradient Boosting,3
Permutation,Income,0.20940342747621324,Relative,DV6,Down 20 pp,Down,20,Gradient Boosting,3
Permutation,Wealth,0.014216576270594361,Relative,DV6,Down 20 pp,Down,20,Gradient Boosting,3
Permutation,Education,-0.0019627882821947216,Relative,DV6,Down 20 pp,Down,20,Gradient Boosting,3
Permutation,Demographics,0.02474937666843659,Relative,DV6,Down 20 pp,Down,20,Gradient Boosting,3
Permutation,Family / employment,-0.0031258402916684858,Relative,DV6,Down 20 pp,Down,20,Gradient Boosting,3
Permutation,Occupation,-0.0039506551393573616,Relative,DV6,Down 20 pp,Down,20,Gradient Boosting,3
Permutation,Industry,-0.003850248523572836,Relative,DV6,Down 20 pp,Down,20,Gradient Boosting,3
Permutation,Geography,-0.009466022556430975,Relative,DV6,Down 20 pp,Down,20,Gradient Boosting,3
SHAP,Income,0.45370482064270085,Relative,DV6,Down 20 pp,Down,20,Gradient Boosting,3
SHAP,Wealth,0.12318102268960476,Relative,DV6,Down 20 pp,Down,20,Gradient Boosting,3
SHAP,Education,0.07398863821553132,Relative,DV6,Down 20 pp,Down,20,Gradient Boosting,3
SHAP,Demographics,0.1127740046914378,Relative,DV6,Down 20 pp,Down,20,Gradient Boosting,3
SHAP,Family / employment,0.011754824249193132,Relative,DV6,Down 20 pp,Down,20,Gradient Boosting,3
SHAP,Occupation,0.0626074354485438,Relative,DV6,Down 20 pp,Down,20,Gradient Boosting,3
SHAP,Industry,0.07674229865421181,Relative,DV6,Down 20 pp,Down,20,Gradient Boosting,3
SHAP,Geography,0.08524695540877678,Relative,DV6,Down 20 pp,Down,20,Gradient Boosting,3
Impurity,Income,0.5727641352668504,Relative,DV6,Down 20 pp,Down,20,Gradient Boosting,4
Impurity,Wealth,0.1463346096408511,Relative,DV6,Down 20 pp,Down,20,Gradient Boosting,4
Impurity,Education,0.026247974854178447,Relative,DV6,Down 20 pp,Down,20,Gradient Boosting,4
Impurity,Demographics,0.10828611334973932,Relative,DV6,Down 20 pp,Down,20,Gradient Boosting,4
Impurity,Family / employment,0.012906017681424957,Relative,DV6,Down 20 pp,Down,20,Gradient Boosting,4
Impurity,Occupation,0.041038915935239215,Relative,DV6,Down 20 pp,Down,20,Gradient Boosting,4
Impurity,Industry,0.07311109402194688,Relative,DV6,Down 20 pp,Down,20,Gradient Boosting,4
Impurity,Geography,0.01931113924976943,Relative,DV6,Down 20 pp,Down,20,Gradient Boosting,4
Permutation,Income,0.16604011380479128,Relative,DV6,Down 20 pp,Down,20,Gradient Boosting,4
Permutation,Wealth,0.00510460564434635,Relative,DV6,Down 20 pp,Down,20,Gradient Boosting,4
Permutation,Education,0.007496667584226546,Relative,DV6,Down 20 pp,Down,20,Gradient Boosting,4
Permutation,Demographics,0.005824783304466697,Relative,DV6,Down 20 pp,Down,20,Gradient Boosting,4
Permutation,Family / employment,-0.0010350885355636442,Relative,DV6,Down 20 pp,Down,20,Gradient Boosting,4
Permutation,Occupation,-0.0016498080482652445,Relative,DV6,Down 20 pp,Down,20,Gradient Boosting,4
Permutation,Industry,-0.002690193721689321,Relative,DV6,Down 20 pp,Down,20,Gradient Boosting,4
Permutation,Geography,0.001993962403425814,Relative,DV6,Down 20 pp,Down,20,Gradient Boosting,4
SHAP,Income,0.44715310570613376,Relative,DV6,Down 20 pp,Down,20,Gradient Boosting,4
SHAP,Wealth,0.09279453268331316,Relative,DV6,Down 20 pp,Down,20,Gradient Boosting,4
SHAP,Education,0.07127500303779857,Relative,DV6,Down 20 pp,Down,20,Gradient Boosting,4
SHAP,Demographics,0.1362085584966104,Relative,DV6,Down 20 pp,Down,20,Gradient Boosting,4
SHAP,Family / employment,0.007769183090173717,Relative,DV6,Down 20 pp,Down,20,Gradient Boosting,4
SHAP,Occupation,0.06432467296469203,Relative,DV6,Down 20 pp,Down,20,Gradient Boosting,4
SHAP,Industry,0.15086422916554687,Relative,DV6,Down 20 pp,Down,20,Gradient Boosting,4
SHAP,Geography,0.029610714855731163,Relative,DV6,Down 20 pp,Down,20,Gradient Boosting,4
Impurity,Income,0.4593315068683938,Relative,DV6,Down 20 pp,Down,20,Gradient Boosting,5
Impurity,Wealth,0.19388611506414102,Relative,DV6,Down 20 pp,Down,20,Gradient Boosting,5
Impurity,Education,0.041309348545709966,Relative,DV6,Down 20 pp,Down,20,Gradient Boosting,5
Impurity,Demographics,0.1475540577864243,Relative,DV6,Down 20 pp,Down,20,Gradient Boosting,5
Impurity,Family / employment,0.008541006960052146,Relative,DV6,Down 20 pp,Down,20,Gradient Boosting,5
Impurity,Occupation,0.0546305409409763,Relative,DV6,Down 20 pp,Down,20,Gradient Boosting,5
Impurity,Industry,0.07062311410944462,Relative,DV6,Down 20 pp,Down,20,Gradient Boosting,5
Impurity,Geography,0.02412430972485783,Relative,DV6,Down 20 pp,Down,20,Gradient Boosting,5
Permutation,Income,0.2134777537027211,Relative,DV6,Down 20 pp,Down,20,Gradient Boosting,5
Permutation,Wealth,0.011481616964787056,Relative,DV6,Down 20 pp,Down,20,Gradient Boosting,5
Permutation,Education,-0.0009018368632426055,Relative,DV6,Down 20 pp,Down,20,Gradient Boosting,5
Permutation,Demographics,0.005785701174157226,Relative,DV6,Down 20 pp,Down,20,Gradient Boosting,5
Permutation,Family / employment,-0.0031333726795977346,Relative,DV6,Down 20 pp,Down,20,Gradient Boosting,5
Permutation,Occupation,0.002153526463875677,Relative,DV6,Down 20 pp,Down,20,Gradient Boosting,5
Permutation,Industry,0.0013637798406832768,Relative,DV6,Down 20 pp,Down,20,Gradient Boosting,5
Permutation,Geography,-0.00455740551910686,Relative,DV6,Down 20 pp,Down,20,Gradient Boosting,5
SHAP,Income,0.44821201756776974,Relative,DV6,Down 20 pp,Down,20,Gradient Boosting,5
SHAP,Wealth,0.1192730096695614,Relative,DV6,Down 20 pp,Down,20,Gradient Boosting,5
SHAP,Education,0.069693501380554,Relative,DV6,Down 20 pp,Down,20,Gradient Boosting,5
SHAP,Demographics,0.14193007576190536,Relative,DV6,Down 20 pp,Down,20,Gradient Boosting,5
SHAP,Family / employment,0.016374796679761685,Relative,DV6,Down 20 pp,Down,20,Gradient Boosting,5
SHAP,Occupation,0.07202457880307074,Relative,DV6,Down 20 pp,Down,20,Gradient Boosting,5
SHAP,Industry,0.08377630329092912,Relative,DV6,Down 20 pp,Down,20,Gradient Boosting,5
SHAP,Geography,0.04871571684644779,Relative,DV6,Down 20 pp,Down,20,Gradient Boosting,5
Impurity,Income,0.4260290609542009,Relative,DV7,Down 30 pp,Down,30,Random Forest,1
Impurity,Wealth,0.19925195613421282,Relative,DV7,Down 30 pp,Down,30,Random Forest,1
Impurity,Education,0.04450182488665326,Relative,DV7,Down 30 pp,Down,30,Random Forest,1
Impurity,Demographics,0.14289274589009035,Relative,DV7,Down 30 pp,Down,30,Random Forest,1
Impurity,Family / employment,0.008651871518223182,Relative,DV7,Down 30 pp,Down,30,Random Forest,1
Impurity,Occupation,0.06109081311305006,Relative,DV7,Down 30 pp,Down,30,Random Forest,1
Impurity,Industry,0.06350695439043205,Relative,DV7,Down 30 pp,Down,30,Random Forest,1
Impurity,Geography,0.05407477311313744,Relative,DV7,Down 30 pp,Down,30,Random Forest,1
Permutation,Income,0.18106150778294605,Relative,DV7,Down 30 pp,Down,30,Random Forest,1
Permutation,Wealth,0.018408878611455404,Relative,DV7,Down 30 pp,Down,30,Random Forest,1
Permutation,Education,-0.0022012220261609537,Relative,DV7,Down 30 pp,Down,30,Random Forest,1
Permutation,Demographics,0.01877029122368411,Relative,DV7,Down 30 pp,Down,30,Random Forest,1
Permutation,Family / employment,0.0006445621197612494,Relative,DV7,Down 30 pp,Down,30,Random Forest,1
Permutation,Occupation,-0.00403367633756394,Relative,DV7,Down 30 pp,Down,30,Random Forest,1
Permutation,Industry,0.003499728993595741,Relative,DV7,Down 30 pp,Down,30,Random Forest,1
Permutation,Geography,0.001287384229740235,Relative,DV7,Down 30 pp,Down,30,Random Forest,1
SHAP,Income,0.4685280146288142,Relative,DV7,Down 30 pp,Down,30,Random Forest,1
SHAP,Wealth,0.1012602799983099,Relative,DV7,Down 30 pp,Down,30,Random Forest,1
SHAP,Education,0.05454484830881202,Relative,DV7,Down 30 pp,Down,30,Random Forest,1
SHAP,Demographics,0.10638972331036245,Relative,DV7,Down 30 pp,Down,30,Random Forest,1
SHAP,Family / employment,0.01134066874842202,Relative,DV7,Down 30 pp,Down,30,Random Forest,1
SHAP,Occupation,0.06956236313501456,Relative,DV7,Down 30 pp,Down,30,Random Forest,1
SHAP,Industry,0.10189434695346257,Relative,DV7,Down 30 pp,Down,30,Random Forest,1
SHAP,Geography,0.08647975491680215,Relative,DV7,Down 30 pp,Down,30,Random Forest,1
Impurity,Income,0.41121368089055627,Relative,DV7,Down 30 pp,Down,30,Random Forest,2
Impurity,Wealth,0.184188113439123,Relative,DV7,Down 30 pp,Down,30,Random Forest,2
Impurity,Education,0.04901794407938065,Relative,DV7,Down 30 pp,Down,30,Random Forest,2
Impurity,Demographics,0.15553676530491314,Relative,DV7,Down 30 pp,Down,30,Random Forest,2
Impurity,Family / employment,0.015088410966646149,Relative,DV7,Down 30 pp,Down,30,Random Forest,2
Impurity,Occupation,0.06282966073734188,Relative,DV7,Down 30 pp,Down,30,Random Forest,2
Impurity,Industry,0.06583531257041339,Relative,DV7,Down 30 pp,Down,30,Random Forest,2
Impurity,Geography,0.05629011201162554,Relative,DV7,Down 30 pp,Down,30,Random Forest,2
Permutation,Income,0.12927322372786296,Relative,DV7,Down 30 pp,Down,30,Random Forest,2
Permutation,Wealth,0.012523869789265951,Relative,DV7,Down 30 pp,Down,30,Random Forest,2
Permutation,Education,0.005374541042570314,Relative,DV7,Down 30 pp,Down,30,Random Forest,2
Permutation,Demographics,0.017169243163104107,Relative,DV7,Down 30 pp,Down,30,Random Forest,2
Permutation,Family / employment,-0.00275665400215519,Relative,DV7,Down 30 pp,Down,30,Random Forest,2
Permutation,Occupation,-0.014461725173622797,Relative,DV7,Down 30 pp,Down,30,Random Forest,2
Permutation,Industry,-0.00025797386159709943,Relative,DV7,Down 30 pp,Down,30,Random Forest,2
Permutation,Geography,0.0015755178685027515,Relative,DV7,Down 30 pp,Down,30,Random Forest,2
SHAP,Income,0.3866590287998564,Relative,DV7,Down 30 pp,Down,30,Random Forest,2
SHAP,Wealth,0.12658043679359296,Relative,DV7,Down 30 pp,Down,30,Random Forest,2
SHAP,Education,0.0717968540077075,Relative,DV7,Down 30 pp,Down,30,Random Forest,2
SHAP,Demographics,0.11388923577059328,Relative,DV7,Down 30 pp,Down,30,Random Forest,2
SHAP,Family / employment,0.032357762479163756,Relative,DV7,Down 30 pp,Down,30,Random Forest,2
SHAP,Occupation,0.09203745630453587,Relative,DV7,Down 30 pp,Down,30,Random Forest,2
SHAP,Industry,0.08123215373870803,Relative,DV7,Down 30 pp,Down,30,Random Forest,2
SHAP,Geography,0.09544707210584219,Relative,DV7,Down 30 pp,Down,30,Random Forest,2
Impurity,Income,0.34694683956500644,Relative,DV7,Down 30 pp,Down,30,Random Forest,3
Impurity,Wealth,0.17333555429967562,Relative,DV7,Down 30 pp,Down,30,Random Forest,3
Impurity,Education,0.06111816734084846,Relative,DV7,Down 30 pp,Down,30,Random Forest,3
Impurity,Demographics,0.14243510568178053,Relative,DV7,Down 30 pp,Down,30,Random Forest,3
Impurity,Family / employment,0.02431463624371167,Relative,DV7,Down 30 pp,Down,30,Random Forest,3
Impurity,Occupation,0.08451420416381573,Relative,DV7,Down 30 pp,Down,30,Random Forest,3
Impurity,Industry,0.09704584143739262,Relative,DV7,Down 30 pp,Down,30,Random Forest,3
Impurity,Geography,0.07028965126776895,Relative,DV7,Down 30 pp,Down,30,Random Forest,3
Permutation,Income,0.15178100407838008,Relative,DV7,Down 30 pp,Down,30,Random Forest,3
Permutation,Wealth,0.00476417828433619,Relative,DV7,Down 30 pp,Down,30,Random Forest,3
Permutation,Education,-0.007917988656492852,Relative,DV7,Down 30 pp,Down,30,Random Forest,3
Permutation,Demographics,0.0075002671044373855,Relative,DV7,Down 30 pp,Down,30,Random Forest,3
Permutation,Family / employment,-0.0015087803904973828,Relative,DV7,Down 30 pp,Down,30,Random Forest,3
Permutation,Occupation,-0.017481192942676554,Relative,DV7,Down 30 pp,Down,30,Random Forest,3
Permutation,Industry,0.004194390407053711,Relative,DV7,Down 30 pp,Down,30,Random Forest,3
Permutation,Geography,0.00786100379445126,Relative,DV7,Down 30 pp,Down,30,Random Forest,3
SHAP,Income,0.3749501104191257,Relative,DV7,Down 30 pp,Down,30,Random Forest,3
SHAP,Wealth,0.0843227296150788,Relative,DV7,Down 30 pp,Down,30,Random Forest,3
SHAP,Education,0.06678481889767417,Relative,DV7,Down 30 pp,Down,30,Random Forest,3
SHAP,Demographics,0.10929359299159613,Relative,DV7,Down 30 pp,Down,30,Random Forest,3
SHAP,Family / employment,0.0330064058845643,Relative,DV7,Down 30 pp,Down,30,Random Forest,3
SHAP,Occupation,0.08582385700287534,Relative,DV7,Down 30 pp,Down,30,Random Forest,3
SHAP,Industry,0.1358536601828688,Relative,DV7,Down 30 pp,Down,30,Random Forest,3
SHAP,Geography,0.10996482500621672,Relative,DV7,Down 30 pp,Down,30,Random Forest,3
Impurity,Income,0.3994630934627922,Relative,DV7,Down 30 pp,Down,30,Random Forest,4
Impurity,Wealth,0.20119424571745873,Relative,DV7,Down 30 pp,Down,30,Random Forest,4
Impurity,Education,0.05108802813884637,Relative,DV7,Down 30 pp,Down,30,Random Forest,4
Impurity,Demographics,0.1651896575249916,Relative,DV7,Down 30 pp,Down,30,Random Forest,4
Impurity,Family / employment,0.010676095740811048,Relative,DV7,Down 30 pp,Down,30,Random Forest,4
Impurity,Occupation,0.05089906696124905,Relative,DV7,Down 30 pp,Down,30,Random Forest,4
Impurity,Industry,0.06770924418853005,Relative,DV7,Down 30 pp,Down,30,Random Forest,4
Impurity,Geography,0.053780568265320995,Relative,DV7,Down 30 pp,Down,30,Random Forest,4
Permutation,Income,0.20928977762874137,Relative,DV7,Down 30 pp,Down,30,Random Forest,4
Permutation,Wealth,0.011666766695868091,Relative,DV7,Down 30 pp,Down,30,Random Forest,4
Permutation,Education,0.0005918924468501008,Relative,DV7,Down 30 pp,Down,30,Random Forest,4
Permutation,Demographics,-0.018215511469749236,Relative,DV7,Down 30 pp,Down,30,Random Forest,4
Permutation,Family / employment,0.0009464049877216552,Relative,DV7,Down 30 pp,Down,30,Random Forest,4
Permutation,Occupation,-0.0006775407492041862,Relative,DV7,Down 30 pp,Down,30,Random Forest,4
Permutation,Industry,0.005407953935296361,Relative,DV7,Down 30 pp,Down,30,Random Forest,4
Permutation,Geography,-0.0031898299693089104,Relative,DV7,Down 30 pp,Down,30,Random Forest,4
SHAP,Income,0.41920141054428994,Relative,DV7,Down 30 pp,Down,30,Random Forest,4
SHAP,Wealth,0.16919410885196426,Relative,DV7,Down 30 pp,Down,30,Random Forest,4
SHAP,Education,0.05875410535511465,Relative,DV7,Down 30 pp,Down,30,Random Forest,4
SHAP,Demographics,0.11544135083535748,Relative,DV7,Down 30 pp,Down,30,Random Forest,4
SHAP,Family / employment,0.01425480837957491,Relative,DV7,Down 30 pp,Down,30,Random Forest,4
SHAP,Occupation,0.046195522566206446,Relative,DV7,Down 30 pp,Down,30,Random Forest,4
SHAP,Industry,0.09147695151314408,Relative,DV7,Down 30 pp,Down,30,Random Forest,4
SHAP,Geography,0.08548174195434818,Relative,DV7,Down 30 pp,Down,30,Random Forest,4
Impurity,Income,0.40746651622588853,Relative,DV7,Down 30 pp,Down,30,Random Forest,5
Impurity,Wealth,0.20930282278320955,Relative,DV7,Down 30 pp,Down,30,Random Forest,5
Impurity,Education,0.05384031132876063,Relative,DV7,Down 30 pp,Down,30,Random Forest,5
Impurity,Demographics,0.1440505352065042,Relative,DV7,Down 30 pp,Down,30,Random Forest,5
Impurity,Family / employment,0.014146142754327086,Relative,DV7,Down 30 pp,Down,30,Random Forest,5
Impurity,Occupation,0.05616684488599352,Relative,DV7,Down 30 pp,Down,30,Random Forest,5
Impurity,Industry,0.06025989552709541,Relative,DV7,Down 30 pp,Down,30,Random Forest,5
Impurity,Geography,0.05476693128822108,Relative,DV7,Down 30 pp,Down,30,Random Forest,5
Permutation,Income,0.1860694808494306,Relative,DV7,Down 30 pp,Down,30,Random Forest,5
Permutation,Wealth,0.01001733656890863,Relative,DV7,Down 30 pp,Down,30,Random Forest,5
Permutation,Education,-0.006677492504778076,Relative,DV7,Down 30 pp,Down,30,Random Forest,5
Permutation,Demographics,0.04119176139366164,Relative,DV7,Down 30 pp,Down,30,Random Forest,5
Permutation,Family / employment,-0.010841460533909459,Relative,DV7,Down 30 pp,Down,30,Random Forest,5
Permutation,Occupation,-0.004141368586045524,Relative,DV7,Down 30 pp,Down,30,Random Forest,5
Permutation,Industry,0.01951527716212114,Relative,DV7,Down 30 pp,Down,30,Random Forest,5
Permutation,Geography,0.004301064452343189,Relative,DV7,Down 30 pp,Down,30,Random Forest,5
SHAP,Income,0.4092956985900416,Relative,DV7,Down 30 pp,Down,30,Random Forest,5
SHAP,Wealth,0.13552884483851796,Relative,DV7,Down 30 pp,Down,30,Random Forest,5
SHAP,Education,0.10394265426050195,Relative,DV7,Down 30 pp,Down,30,Random Forest,5
SHAP,Demographics,0.09313587727003723,Relative,DV7,Down 30 pp,Down,30,Random Forest,5
SHAP,Family / employment,0.029236291181045336,Relative,DV7,Down 30 pp,Down,30,Random Forest,5
SHAP,Occupation,0.055569119057835833,Relative,DV7,Down 30 pp,Down,30,Random Forest,5
SHAP,Industry,0.0696427365279961,Relative,DV7,Down 30 pp,Down,30,Random Forest,5
SHAP,Geography,0.10364877827402406,Relative,DV7,Down 30 pp,Down,30,Random Forest,5
Impurity,Income,0.45051045402317136,Relative,DV7,Down 30 pp,Down,30,Gradient Boosting,1
Impurity,Wealth,0.2316773146685514,Relative,DV7,Down 30 pp,Down,30,Gradient Boosting,1
Impurity,Education,0.025956773248976817,Relative,DV7,Down 30 pp,Down,30,Gradient Boosting,1
Impurity,Demographics,0.13283854423572503,Relative,DV7,Down 30 pp,Down,30,Gradient Boosting,1
Impurity,Family / employment,0.009887734021380325,Relative,DV7,Down 30 pp,Down,30,Gradient Boosting,1
Impurity,Occupation,0.06367500734705607,Relative,DV7,Down 30 pp,Down,30,Gradient Boosting,1
Impurity,Industry,0.05572190977590269,Relative,DV7,Down 30 pp,Down,30,Gradient Boosting,1
Impurity,Geography,0.029732262679236544,Relative,DV7,Down 30 pp,Down,30,Gradient Boosting,1
Permutation,Income,0.18074819489328806,Relative,DV7,Down 30 pp,Down,30,Gradient Boosting,1
Permutation,Wealth,-0.005356556345276808,Relative,DV7,Down 30 pp,Down,30,Gradient Boosting,1
Permutation,Education,0.0006173613382484177,Relative,DV7,Down 30 pp,Down,30,Gradient Boosting,1
Permutation,Demographics,0.006401624649664,Relative,DV7,Down 30 pp,Down,30,Gradient Boosting,1
Permutation,Family / employment,0.0007140898848236932,Relative,DV7,Down 30 pp,Down,30,Gradient Boosting,1
Permutation,Occupation,-0.0033023652443170013,Relative,DV7,Down 30 pp,Down,30,Gradient Boosting,1
Permutation,Industry,-0.0005806526329576233,Relative,DV7,Down 30 pp,Down,30,Gradient Boosting,1
Permutation,Geography,0.006473211888528191,Relative,DV7,Down 30 pp,Down,30,Gradient Boosting,1
SHAP,Income,0.4775797483746192,Relative,DV7,Down 30 pp,Down,30,Gradient Boosting,1
SHAP,Wealth,0.10749079633521434,Relative,DV7,Down 30 pp,Down,30,Gradient Boosting,1
SHAP,Education,0.06571284954742676,Relative,DV7,Down 30 pp,Down,30,Gradient Boosting,1
SHAP,Demographics,0.09650323562476298,Relative,DV7,Down 30 pp,Down,30,Gradient Boosting,1
SHAP,Family / employment,0.011977614292506968,Relative,DV7,Down 30 pp,Down,30,Gradient Boosting,1
SHAP,Occupation,0.06538740596738137,Relative,DV7,Down 30 pp,Down,30,Gradient Boosting,1
SHAP,Industry,0.11123530473936702,Relative,DV7,Down 30 pp,Down,30,Gradient Boosting,1
SHAP,Geography,0.06411304511872119,Relative,DV7,Down 30 pp,Down,30,Gradient Boosting,1
Impurity,Income,0.43268940090025365,Relative,DV7,Down 30 pp,Down,30,Gradient Boosting,2
Impurity,Wealth,0.21388472804704006,Relative,DV7,Down 30 pp,Down,30,Gradient Boosting,2
Impurity,Education,0.031392429290852494,Relative,DV7,Down 30 pp,Down,30,Gradient Boosting,2
Impurity,Demographics,0.1456391471902226,Relative,DV7,Down 30 pp,Down,30,Gradient Boosting,2
Impurity,Family / employment,0.004018004371974958,Relative,DV7,Down 30 pp,Down,30,Gradient Boosting,2
Impurity,Occupation,0.06477713674342526,Relative,DV7,Down 30 pp,Down,30,Gradient Boosting,2
Impurity,Industry,0.06800227790141912,Relative,DV7,Down 30 pp,Down,30,Gradient Boosting,2
Impurity,Geography,0.039596875554811804,Relative,DV7,Down 30 pp,Down,30,Gradient Boosting,2
Permutation,Income,0.11858528890607914,Relative,DV7,Down 30 pp,Down,30,Gradient Boosting,2
Permutation,Wealth,0.01786109800470736,Relative,DV7,Down 30 pp,Down,30,Gradient Boosting,2
Permutation,Education,0.003512538626437689,Relative,DV7,Down 30 pp,Down,30,Gradient Boosting,2
Permutation,Demographics,0.008845392932023216,Relative,DV7,Down 30 pp,Down,30,Gradient Boosting,2
Permutation,Family / employment,-0.0017616299171657856,Relative,DV7,Down 30 pp,Down,30,Gradient Boosting,2
Permutation,Occupation,-0.01753895945795376,Relative,DV7,Down 30 pp,Down,30,Gradient Boosting,2
Permutation,Industry,-0.0015764180881961075,Relative,DV7,Down 30 pp,Down,30,Gradient Boosting,2
Permutation,Geography,0.007377127337816996,Relative,DV7,Down 30 pp,Down,30,Gradient Boosting,2
SHAP,Income,0.39875967659532957,Relative,DV7,Down 30 pp,Down,30,Gradient Boosting,2
SHAP,Wealth,0.0980568842088411,Relative,DV7,Down 30 pp,Down,30,Gradient Boosting,2
SHAP,Education,0.0690224237847554,Relative,DV7,Down 30 pp,Down,30,Gradient Boosting,2
SHAP,Demographics,0.13196814213321864,Relative,DV7,Down 30 pp,Down,30,Gradient Boosting,2
SHAP,Family / employment,0.008899506889544856,Relative,DV7,Down 30 pp,Down,30,Gradient Boosting,2
SHAP,Occupation,0.09553718147945821,Relative,DV7,Down 30 pp,Down,30,Gradient Boosting,2
SHAP,Industry,0.1048090977408312,Relative,DV7,Down 30 pp,Down,30,Gradient Boosting,2
SHAP,Geography,0.09294708716802112,Relative,DV7,Down 30 pp,Down,30,Gradient Boosting,2
Impurity,Income,0.4552210397934714,Relative,DV7,Down 30 pp,Down,30,Gradient Boosting,3
Impurity,Wealth,0.20905690142622177,Relative,DV7,Down 30 pp,Down,30,Gradient Boosting,3
Impurity,Education,0.02589156194176529,Relative,DV7,Down 30 pp,Down,30,Gradient Boosting,3
Impurity,Demographics,0.15771539677626006,Relative,DV7,Down 30 pp,Down,30,Gradient Boosting,3
Impurity,Family / employment,0.008949248806050553,Relative,DV7,Down 30 pp,Down,30,Gradient Boosting,3
Impurity,Occupation,0.04310869861305511,Relative,DV7,Down 30 pp,Down,30,Gradient Boosting,3
Impurity,Industry,0.06585646187617344,Relative,DV7,Down 30 pp,Down,30,Gradient Boosting,3
Impurity,Geography,0.034200690767002336,Relative,DV7,Down 30 pp,Down,30,Gradient Boosting,3
Permutation,Income,0.17330934147851704,Relative,DV7,Down 30 pp,Down,30,Gradient Boosting,3
Permutation,Wealth,0.007500152587145492,Relative,DV7,Down 30 pp,Down,30,Gradient Boosting,3
Permutation,Education,0.006587545374679088,Relative,DV7,Down 30 pp,Down,30,Gradient Boosting,3
Permutation,Demographics,0.014319536585738053,Relative,DV7,Down 30 pp,Down,30,Gradient Boosting,3
Permutation,Family / employment,0.0006147147673190856,Relative,DV7,Down 30 pp,Down,30,Gradient Boosting,3
Permutation,Occupation,-0.0017215882721769936,Relative,DV7,Down 30 pp,Down,30,Gradient Boosting,3
Permutation,Industry,0.006301637328082849,Relative,DV7,Down 30 pp,Down,30,Gradient Boosting,3
Permutation,Geography,0.003929299597642022,Relative,DV7,Down 30 pp,Down,30,Gradient Boosting,3
SHAP,Income,0.47752534830470084,Relative,DV7,Down 30 pp,Down,30,Gradient Boosting,3
SHAP,Wealth,0.14001598081599123,Relative,DV7,Down 30 pp,Down,30,Gradient Boosting,3
SHAP,Education,0.0477252877443107,Relative,DV7,Down 30 pp,Down,30,Gradient Boosting,3
SHAP,Demographics,0.1073733810132996,Relative,DV7,Down 30 pp,Down,30,Gradient Boosting,3
SHAP,Family / employment,0.008732130249423554,Relative,DV7,Down 30 pp,Down,30,Gradient Boosting,3
SHAP,Occupation,0.05559110016538865,Relative,DV7,Down 30 pp,Down,30,Gradient Boosting,3
SHAP,Industry,0.09187128148754609,Relative,DV7,Down 30 pp,Down,30,Gradient Boosting,3
SHAP,Geography,0.07116549021933935,Relative,DV7,Down 30 pp,Down,30,Gradient Boosting,3
Impurity,Income,0.4185466753168873,Relative,DV7,Down 30 pp,Down,30,Gradient Boosting,4
Impurity,Wealth,0.2216099473178976,Relative,DV7,Down 30 pp,Down,30,Gradient Boosting,4
Impurity,Education,0.03173781454646256,Relative,DV7,Down 30 pp,Down,30,Gradient Boosting,4
Impurity,Demographics,0.1664767970980502,Relative,DV7,Down 30 pp,Down,30,Gradient Boosting,4
Impurity,Family / employment,0.008604800342744873,Relative,DV7,Down 30 pp,Down,30,Gradient Boosting,4
Impurity,Occupation,0.043214700365178785,Relative,DV7,Down 30 pp,Down,30,Gradient Boosting,4
Impurity,Industry,0.07009507754630304,Relative,DV7,Down 30 pp,Down,30,Gradient Boosting,4
Impurity,Geography,0.039714187466475516,Relative,DV7,Down 30 pp,Down,30,Gradient Boosting,4
Permutation,Income,0.20251732199303593,Relative,DV7,Down 30 pp,Down,30,Gradient Boosting,4
Permutation,Wealth,0.037470038352446965,Relative,DV7,Down 30 pp,Down,30,Gradient Boosting,4
Permutation,Education,0.0033060148615781547,Relative,DV7,Down 30 pp,Down,30,Gradient Boosting,4
Permutation,Demographics,-0.01148915812569326,Relative,DV7,Down 30 pp,Down,30,Gradient Boosting,4
Permutation,Family / employment,-0.00046935892951162627,Relative,DV7,Down 30 pp,Down,30,Gradient Boosting,4
Permutation,Occupation,0.0033793400461196834,Relative,DV7,Down 30 pp,Down,30,Gradient Boosting,4
Permutation,Industry,0.005981348452178637,Relative,DV7,Down 30 pp,Down,30,Gradient Boosting,4
Permutation,Geography,-0.003379333880488089,Relative,DV7,Down 30 pp,Down,30,Gradient Boosting,4
SHAP,Income,0.43388580524984516,Relative,DV7,Down 30 pp,Down,30,Gradient Boosting,4
SHAP,Wealth,0.16148251930833063,Relative,DV7,Down 30 pp,Down,30,Gradient Boosting,4
SHAP,Education,0.06255134963499895,Relative,DV7,Down 30 pp,Down,30,Gradient Boosting,4
SHAP,Demographics,0.12580984558919,Relative,DV7,Down 30 pp,Down,30,Gradient Boosting,4
SHAP,Family / employment,0.010353795978356181,Relative,DV7,Down 30 pp,Down,30,Gradient Boosting,4
SHAP,Occupation,0.0421331305307634,Relative,DV7,Down 30 pp,Down,30,Gradient Boosting,4
SHAP,Industry,0.09430157655204907,Relative,DV7,Down 30 pp,Down,30,Gradient Boosting,4
SHAP,Geography,0.06948197715646667,Relative,DV7,Down 30 pp,Down,30,Gradient Boosting,4
Impurity,Income,0.5307387914947171,Relative,DV7,Down 30 pp,Down,30,Gradient Boosting,5
Impurity,Wealth,0.18059751788143297,Relative,DV7,Down 30 pp,Down,30,Gradient Boosting,5
Impurity,Education,0.04958467490627048,Relative,DV7,Down 30 pp,Down,30,Gradient Boosting,5
Impurity,Demographics,0.07623695425271287,Relative,DV7,Down 30 pp,Down,30,Gradient Boosting,5
Impurity,Family / employment,0.021789177339638248,Relative,DV7,Down 30 pp,Down,30,Gradient Boosting,5
Impurity,Occupation,0.0379632334165107,Relative,DV7,Down 30 pp,Down,30,Gradient Boosting,5
Impurity,Industry,0.05857986383327006,Relative,DV7,Down 30 pp,Down,30,Gradient Boosting,5
Impurity,Geography,0.04450978687544767,Relative,DV7,Down 30 pp,Down,30,Gradient Boosting,5
Permutation,Income,0.1487070483327136,Relative,DV7,Down 30 pp,Down,30,Gradient Boosting,5
Permutation,Wealth,0.008828487072740015,Relative,DV7,Down 30 pp,Down,30,Gradient Boosting,5
Permutation,Education,-0.016627257165355798,Relative,DV7,Down 30 pp,Down,30,Gradient Boosting,5
Permutation,Demographics,-0.0009442963155917861,Relative,DV7,Down 30 pp,Down,30,Gradient Boosting,5
Permutation,Family / employment,-0.008129498603023916,Relative,DV7,Down 30 pp,Down,30,Gradient Boosting,5
Permutation,Occupation,-0.002895231417698196,Relative,DV7,Down 30 pp,Down,30,Gradient Boosting,5
Permutation,Industry,0.008077974354101809,Relative,DV7,Down 30 pp,Down,30,Gradient Boosting,5
Permutation,Geography,-0.009491905155608748,Relative,DV7,Down 30 pp,Down,30,Gradient Boosting,5
SHAP,Income,0.44638828148885856,Relative,DV7,Down 30 pp,Down,30,Gradient Boosting,5
SHAP,Wealth,0.07045113512692906,Relative,DV7,Down 30 pp,Down,30,Gradient Boosting,5
SHAP,Education,0.13708744103360446,Relative,DV7,Down 30 pp,Down,30,Gradient Boosting,5
SHAP,Demographics,0.05473402851115146,Relative,DV7,Down 30 pp,Down,30,Gradient Boosting,5
SHAP,Family / employment,0.03089689590448641,Relative,DV7,Down 30 pp,Down,30,Gradient Boosting,5
SHAP,Occupation,0.0364908151065559,Relative,DV7,Down 30 pp,Down,30,Gradient Boosting,5
SHAP,Industry,0.09725754275919206,Relative,DV7,Down 30 pp,Down,30,Gradient Boosting,5
SHAP,Geography,0.12669386006922193,Relative,DV7,Down 30 pp,Down,30,Gradient Boosting,5
Impurity,Income,0.3483889083252866,Relative,DV8,Down 40 pp,Down,40,Random Forest,1
Impurity,Wealth,0.2082462609664654,Relative,DV8,Down 40 pp,Down,40,Random Forest,1
Impurity,Education,0.04839725642538662,Relative,DV8,Down 40 pp,Down,40,Random Forest,1
Impurity,Demographics,0.1676434842910286,Relative,DV8,Down 40 pp,Down,40,Random Forest,1
Impurity,Family / employment,0.014044405892347404,Relative,DV8,Down 40 pp,Down,40,Random Forest,1
Impurity,Occupation,0.06668175395472328,Relative,DV8,Down 40 pp,Down,40,Random Forest,1
Impurity,Industry,0.07931442520503203,Relative,DV8,Down 40 pp,Down,40,Random Forest,1
Impurity,Geography,0.06728350493972995,Relative,DV8,Down 40 pp,Down,40,Random Forest,1
Permutation,Income,0.19465712378349206,Relative,DV8,Down 40 pp,Down,40,Random Forest,1
Permutation,Wealth,-0.0038307776431333483,Relative,DV8,Down 40 pp,Down,40,Random Forest,1
Permutation,Education,0.0038523814718297855,Relative,DV8,Down 40 pp,Down,40,Random Forest,1
Permutation,Demographics,-0.0011973426660101705,Relative,DV8,Down 40 pp,Down,40,Random Forest,1
Permutation,Family / employment,-0.006154271589316867,Relative,DV8,Down 40 pp,Down,40,Random Forest,1
Permutation,Occupation,-0.006006854196172867,Relative,DV8,Down 40 pp,Down,40,Random Forest,1
Permutation,Industry,0.02931147878207349,Relative,DV8,Down 40 pp,Down,40,Random Forest,1
Permutation,Geography,0.010613366280528225,Relative,DV8,Down 40 pp,Down,40,Random Forest,1
SHAP,Income,0.3897621838259364,Relative,DV8,Down 40 pp,Down,40,Random Forest,1
SHAP,Wealth,0.1480315090952524,Relative,DV8,Down 40 pp,Down,40,Random Forest,1
SHAP,Education,0.048743046900917596,Relative,DV8,Down 40 pp,Down,40,Random Forest,1
SHAP,Demographics,0.0924139660961768,Relative,DV8,Down 40 pp,Down,40,Random Forest,1
SHAP,Family / employment,0.019600338274941793,Relative,DV8,Down 40 pp,Down,40,Random Forest,1
SHAP,Occupation,0.06465425371851555,Relative,DV8,Down 40 pp,Down,40,Random Forest,1
SHAP,Industry,0.1173222978306695,Relative,DV8,Down 40 pp,Down,40,Random Forest,1
SHAP,Geography,0.11947240425758979,Relative,DV8,Down 40 pp,Down,40,Random Forest,1
Impurity,Income,0.3691999674833538,Relative,DV8,Down 40 pp,Down,40,Random Forest,2
Impurity,Wealth,0.18421631341471292,Relative,DV8,Down 40 pp,Down,40,Random Forest,2
Impurity,Education,0.05087190105040687,Relative,DV8,Down 40 pp,Down,40,Random Forest,2
Impurity,Demographics,0.17771924955972607,Relative,DV8,Down 40 pp,Down,40,Random Forest,2
Impurity,Family / employment,0.007874246166969521,Relative,DV8,Down 40 pp,Down,40,Random Forest,2
Impurity,Occupation,0.05989069254766511,Relative,DV8,Down 40 pp,Down,40,Random Forest,2
Impurity,Industry,0.08611256581450416,Relative,DV8,Down 40 pp,Down,40,Random Forest,2
Impurity,Geography,0.06411506396266156,Relative,DV8,Down 40 pp,Down,40,Random Forest,2
Permutation,Income,0.12223048636959519,Relative,DV8,Down 40 pp,Down,40,Random Forest,2
Permutation,Wealth,0.009817303428653256,Relative,DV8,Down 40 pp,Down,40,Random Forest,2
Permutation,Education,-0.001432257110239288,Relative,DV8,Down 40 pp,Down,40,Random Forest,2
Permutation,Demographics,0.02465331224944307,Relative,DV8,Down 40 pp,Down,40,Random Forest,2
Permutation,Family / employment,-0.003313564874039443,Relative,DV8,Down 40 pp,Down,40,Random Forest,2
Permutation,Occupation,-0.0030155627020057307,Relative,DV8,Down 40 pp,Down,40,Random Forest,2
Permutation,Industry,0.016695607174232536,Relative,DV8,Down 40 pp,Down,40,Random Forest,2
Permutation,Geography,0.011656721927476067,Relative,DV8,Down 40 pp,Down,40,Random Forest,2
SHAP,Income,0.4026978064799977,Relative,DV8,Down 40 pp,Down,40,Random Forest,2
SHAP,Wealth,0.0971520897012298,Relative,DV8,Down 40 pp,Down,40,Random Forest,2
SHAP,Education,0.06294250002925895,Relative,DV8,Down 40 pp,Down,40,Random Forest,2
SHAP,Demographics,0.12609048330270975,Relative,DV8,Down 40 pp,Down,40,Random Forest,2
SHAP,Family / employment,0.006643675056991365,Relative,DV8,Down 40 pp,Down,40,Random Forest,2
SHAP,Occupation,0.05415380578284362,Relative,DV8,Down 40 pp,Down,40,Random Forest,2
SHAP,Industry,0.14530668663564658,Relative,DV8,Down 40 pp,Down,40,Random Forest,2
SHAP,Geography,0.10501295301132232,Relative,DV8,Down 40 pp,Down,40,Random Forest,2
Impurity,Income,0.2747182195176743,Relative,DV8,Down 40 pp,Down,40,Random Forest,3
Impurity,Wealth,0.18616213942212625,Relative,DV8,Down 40 pp,Down,40,Random Forest,3
Impurity,Education,0.06601754345354746,Relative,DV8,Down 40 pp,Down,40,Random Forest,3
Impurity,Demographics,0.14693868339450503,Relative,DV8,Down 40 pp,Down,40,Random Forest,3
Impurity,Family / employment,0.020655720147500268,Relative,DV8,Down 40 pp,Down,40,Random Forest,3
Impurity,Occupation,0.08042827772064066,Relative,DV8,Down 40 pp,Down,40,Random Forest,3
Impurity,Industry,0.12989967073308592,Relative,DV8,Down 40 pp,Down,40,Random Forest,3
Impurity,Geography,0.0951797456109201,Relative,DV8,Down 40 pp,Down,40,Random Forest,3
Permutation,Income,0.1430137432624797,Relative,DV8,Down 40 pp,Down,40,Random Forest,3
Permutation,Wealth,-0.007440847478819535,Relative,DV8,Down 40 pp,Down,40,Random Forest,3
Permutation,Education,-0.007607762241711303,Relative,DV8,Down 40 pp,Down,40,Random Forest,3
Permutation,Demographics,0.0010334893229360653,Relative,DV8,Down 40 pp,Down,40,Random Forest,3
Permutation,Family / employment,-0.0013942790818105622,Relative,DV8,Down 40 pp,Down,40,Random Forest,3
Permutation,Occupation,0.0003288419159124256,Relative,DV8,Down 40 pp,Down,40,Random Forest,3
Permutation,Industry,0.015373872140080302,Relative,DV8,Down 40 pp,Down,40,Random Forest,3
Permutation,Geography,-0.010009845566885328,Relative,DV8,Down 40 pp,Down,40,Random Forest,3
SHAP,Income,0.2694742820554752,Relative,DV8,Down 40 pp,Down,40,Random Forest,3
SHAP,Wealth,0.10151892799868979,Relative,DV8,Down 40 pp,Down,40,Random Forest,3
SHAP,Education,0.05057545798594647,Relative,DV8,Down 40 pp,Down,40,Random Forest,3
SHAP,Demographics,0.07450654837350859,Relative,DV8,Down 40 pp,Down,40,Random Forest,3
SHAP,Family / employment,0.021763271346703285,Relative,DV8,Down 40 pp,Down,40,Random Forest,3
SHAP,Occupation,0.08402939931826074,Relative,DV8,Down 40 pp,Down,40,Random Forest,3
SHAP,Industry,0.1990937710421073,Relative,DV8,Down 40 pp,Down,40,Random Forest,3
SHAP,Geography,0.19903834187930858,Relative,DV8,Down 40 pp,Down,40,Random Forest,3
Impurity,Income,0.3630597719441265,Relative,DV8,Down 40 pp,Down,40,Random Forest,4
Impurity,Wealth,0.19467647249662626,Relative,DV8,Down 40 pp,Down,40,Random Forest,4
Impurity,Education,0.05676194069891785,Relative,DV8,Down 40 pp,Down,40,Random Forest,4
Impurity,Demographics,0.1597373335927107,Relative,DV8,Down 40 pp,Down,40,Random Forest,4
Impurity,Family / employment,0.008990465013437834,Relative,DV8,Down 40 pp,Down,40,Random Forest,4
Impurity,Occupation,0.06023408319169629,Relative,DV8,Down 40 pp,Down,40,Random Forest,4
Impurity,Industry,0.07925324661599113,Relative,DV8,Down 40 pp,Down,40,Random Forest,4
Impurity,Geography,0.07728668644649343,Relative,DV8,Down 40 pp,Down,40,Random Forest,4
Permutation,Income,0.2086178654162291,Relative,DV8,Down 40 pp,Down,40,Random Forest,4
Permutation,Wealth,0.03877358289948415,Relative,DV8,Down 40 pp,Down,40,Random Forest,4
Permutation,Education,-0.0017698913634735746,Relative,DV8,Down 40 pp,Down,40,Random Forest,4
Permutation,Demographics,0.029673198669306382,Relative,DV8,Down 40 pp,Down,40,Random Forest,4
Permutation,Family / employment,0.00449202770419121,Relative,DV8,Down 40 pp,Down,40,Random Forest,4
Permutation,Occupation,0.006865809690131392,Relative,DV8,Down 40 pp,Down,40,Random Forest,4
Permutation,Industry,0.023501025186870993,Relative,DV8,Down 40 pp,Down,40,Random Forest,4
Permutation,Geography,0.013801993809921958,Relative,DV8,Down 40 pp,Down,40,Random Forest,4
SHAP,Income,0.3595748745189141,Relative,DV8,Down 40 pp,Down,40,Random Forest,4
SHAP,Wealth,0.11743245701301912,Relative,DV8,Down 40 pp,Down,40,Random Forest,4
SHAP,Education,0.0644742411349128,Relative,DV8,Down 40 pp,Down,40,Random Forest,4
SHAP,Demographics,0.11709387587834708,Relative,DV8,Down 40 pp,Down,40,Random Forest,4
SHAP,Family / employment,0.008412554487636874,Relative,DV8,Down 40 pp,Down,40,Random Forest,4
SHAP,Occupation,0.08088924001821551,Relative,DV8,Down 40 pp,Down,40,Random Forest,4
SHAP,Industry,0.11797847885473668,Relative,DV8,Down 40 pp,Down,40,Random Forest,4
SHAP,Geography,0.13414427809421797,Relative,DV8,Down 40 pp,Down,40,Random Forest,4
Impurity,Income,0.37034182939885935,Relative,DV8,Down 40 pp,Down,40,Random Forest,5
Impurity,Wealth,0.22589180874639772,Relative,DV8,Down 40 pp,Down,40,Random Forest,5
Impurity,Education,0.043689545981315005,Relative,DV8,Down 40 pp,Down,40,Random Forest,5
Impurity,Demographics,0.14462044335323557,Relative,DV8,Down 40 pp,Down,40,Random Forest,5
Impurity,Family / employment,0.012540035181784957,Relative,DV8,Down 40 pp,Down,40,Random Forest,5
Impurity,Occupation,0.06585131771299205,Relative,DV8,Down 40 pp,Down,40,Random Forest,5
Impurity,Industry,0.07194719906123946,Relative,DV8,Down 40 pp,Down,40,Random Forest,5
Impurity,Geography,0.06511782056417585,Relative,DV8,Down 40 pp,Down,40,Random Forest,5
Permutation,Income,0.07852943028042207,Relative,DV8,Down 40 pp,Down,40,Random Forest,5
Permutation,Wealth,-0.010338568412614236,Relative,DV8,Down 40 pp,Down,40,Random Forest,5
Permutation,Education,-0.0017357285917162847,Relative,DV8,Down 40 pp,Down,40,Random Forest,5
Permutation,Demographics,0.004762644419252449,Relative,DV8,Down 40 pp,Down,40,Random Forest,5
Permutation,Family / employment,-0.0038131698243538737,Relative,DV8,Down 40 pp,Down,40,Random Forest,5
Permutation,Occupation,-0.008593435932181315,Relative,DV8,Down 40 pp,Down,40,Random Forest,5
Permutation,Industry,0.012953419899243734,Relative,DV8,Down 40 pp,Down,40,Random Forest,5
Permutation,Geography,0.0019764015359665875,Relative,DV8,Down 40 pp,Down,40,Random Forest,5
SHAP,Income,0.41461710536457147,Relative,DV8,Down 40 pp,Down,40,Random Forest,5
SHAP,Wealth,0.19095817674052862,Relative,DV8,Down 40 pp,Down,40,Random Forest,5
SHAP,Education,0.03550431117566476,Relative,DV8,Down 40 pp,Down,40,Random Forest,5
SHAP,Demographics,0.08590759333001106,Relative,DV8,Down 40 pp,Down,40,Random Forest,5
SHAP,Family / employment,0.013377352381236975,Relative,DV8,Down 40 pp,Down,40,Random Forest,5
SHAP,Occupation,0.07333181864639139,Relative,DV8,Down 40 pp,Down,40,Random Forest,5
SHAP,Industry,0.08803336766001217,Relative,DV8,Down 40 pp,Down,40,Random Forest,5
SHAP,Geography,0.0982702747015836,Relative,DV8,Down 40 pp,Down,40,Random Forest,5
Impurity,Income,0.3888905631104505,Relative,DV8,Down 40 pp,Down,40,Gradient Boosting,1
Impurity,Wealth,0.26656353171850544,Relative,DV8,Down 40 pp,Down,40,Gradient Boosting,1
Impurity,Education,0.02932394424074379,Relative,DV8,Down 40 pp,Down,40,Gradient Boosting,1
Impurity,Demographics,0.12595142393115438,Relative,DV8,Down 40 pp,Down,40,Gradient Boosting,1
Impurity,Family / employment,0.005907814975939165,Relative,DV8,Down 40 pp,Down,40,Gradient Boosting,1
Impurity,Occupation,0.05475538136985064,Relative,DV8,Down 40 pp,Down,40,Gradient Boosting,1
Impurity,Industry,0.08204317128277541,Relative,DV8,Down 40 pp,Down,40,Gradient Boosting,1
Impurity,Geography,0.04656416937058051,Relative,DV8,Down 40 pp,Down,40,Gradient Boosting,1
Permutation,Income,0.18334376789510964,Relative,DV8,Down 40 pp,Down,40,Gradient Boosting,1
Permutation,Wealth,0.0005610277652914108,Relative,DV8,Down 40 pp,Down,40,Gradient Boosting,1
Permutation,Education,0.0048188262689491,Relative,DV8,Down 40 pp,Down,40,Gradient Boosting,1
Permutation,Demographics,0.009066443885036052,Relative,DV8,Down 40 pp,Down,40,Gradient Boosting,1
Permutation,Family / employment,-0.0032748112136333552,Relative,DV8,Down 40 pp,Down,40,Gradient Boosting,1
Permutation,Occupation,-0.0020132927687613487,Relative,DV8,Down 40 pp,Down,40,Gradient Boosting,1
Permutation,Industry,0.03707632595511734,Relative,DV8,Down 40 pp,Down,40,Gradient Boosting,1
Permutation,Geography,-0.0006740005189479536,Relative,DV8,Down 40 pp,Down,40,Gradient Boosting,1
SHAP,Income,0.3698447359548013,Relative,DV8,Down 40 pp,Down,40,Gradient Boosting,1
SHAP,Wealth,0.14062034856606948,Relative,DV8,Down 40 pp,Down,40,Gradient Boosting,1
SHAP,Education,0.044175361184073565,Relative,DV8,Down 40 pp,Down,40,Gradient Boosting,1
SHAP,Demographics,0.09801430560475924,Relative,DV8,Down 40 pp,Down,40,Gradient Boosting,1
SHAP,Family / employment,0.007950796970638694,Relative,DV8,Down 40 pp,Down,40,Gradient Boosting,1
SHAP,Occupation,0.07569346949128891,Relative,DV8,Down 40 pp,Down,40,Gradient Boosting,1
SHAP,Industry,0.1551221901841959,Relative,DV8,Down 40 pp,Down,40,Gradient Boosting,1
SHAP,Geography,0.10857879204417283,Relative,DV8,Down 40 pp,Down,40,Gradient Boosting,1
Impurity,Income,0.3803393996254888,Relative,DV8,Down 40 pp,Down,40,Gradient Boosting,2
Impurity,Wealth,0.1943132248741865,Relative,DV8,Down 40 pp,Down,40,Gradient Boosting,2
Impurity,Education,0.04532116531315597,Relative,DV8,Down 40 pp,Down,40,Gradient Boosting,2
Impurity,Demographics,0.15666399899028016,Relative,DV8,Down 40 pp,Down,40,Gradient Boosting,2
Impurity,Family / employment,0.012118709620499588,Relative,DV8,Down 40 pp,Down,40,Gradient Boosting,2
Impurity,Occupation,0.058427888629491435,Relative,DV8,Down 40 pp,Down,40,Gradient Boosting,2
Impurity,Industry,0.10976281602312814,Relative,DV8,Down 40 pp,Down,40,Gradient Boosting,2
Impurity,Geography,0.04305279692376965,Relative,DV8,Down 40 pp,Down,40,Gradient Boosting,2
Permutation,Income,0.11934775033951747,Relative,DV8,Down 40 pp,Down,40,Gradient Boosting,2
Permutation,Wealth,0.0014232785937868032,Relative,DV8,Down 40 pp,Down,40,Gradient Boosting,2
Permutation,Education,-0.003352653267628597,Relative,DV8,Down 40 pp,Down,40,Gradient Boosting,2
Permutation,Demographics,0.021545764787371375,Relative,DV8,Down 40 pp,Down,40,Gradient Boosting,2
Permutation,Family / employment,-0.002616029553988192,Relative,DV8,Down 40 pp,Down,40,Gradient Boosting,2
Permutation,Occupation,-0.012568276526587907,Relative,DV8,Down 40 pp,Down,40,Gradient Boosting,2
Permutation,Industry,0.04206436103192558,Relative,DV8,Down 40 pp,Down,40,Gradient Boosting,2
Permutation,Geography,0.011520193282457254,Relative,DV8,Down 40 pp,Down,40,Gradient Boosting,2
SHAP,Income,0.3731813343981834,Relative,DV8,Down 40 pp,Down,40,Gradient Boosting,2
SHAP,Wealth,0.08457393808618188,Relative,DV8,Down 40 pp,Down,40,Gradient Boosting,2
SHAP,Education,0.06961154285021082,Relative,DV8,Down 40 pp,Down,40,Gradient Boosting,2
SHAP,Demographics,0.09890678187139482,Relative,DV8,Down 40 pp,Down,40,Gradient Boosting,2
SHAP,Family / employment,0.007383261088915782,Relative,DV8,Down 40 pp,Down,40,Gradient Boosting,2
SHAP,Occupation,0.06762912979426647,Relative,DV8,Down 40 pp,Down,40,Gradient Boosting,2
SHAP,Industry,0.184997598142043,Relative,DV8,Down 40 pp,Down,40,Gradient Boosting,2
SHAP,Geography,0.11371641376880377,Relative,DV8,Down 40 pp,Down,40,Gradient Boosting,2
Impurity,Income,0.35356680295797127,Relative,DV8,Down 40 pp,Down,40,Gradient Boosting,3
Impurity,Wealth,0.23625129332464423,Relative,DV8,Down 40 pp,Down,40,Gradient Boosting,3
Impurity,Education,0.02744174533783529,Relative,DV8,Down 40 pp,Down,40,Gradient Boosting,3
Impurity,Demographics,0.15435758439647168,Relative,DV8,Down 40 pp,Down,40,Gradient Boosting,3
Impurity,Family / employment,0.00578894402651783,Relative,DV8,Down 40 pp,Down,40,Gradient Boosting,3
Impurity,Occupation,0.03489421026498002,Relative,DV8,Down 40 pp,Down,40,Gradient Boosting,3
Impurity,Industry,0.11891497420009987,Relative,DV8,Down 40 pp,Down,40,Gradient Boosting,3
Impurity,Geography,0.06878444549147977,Relative,DV8,Down 40 pp,Down,40,Gradient Boosting,3
Permutation,Income,0.154502525535231,Relative,DV8,Down 40 pp,Down,40,Gradient Boosting,3
Permutation,Wealth,-0.006081617263083599,Relative,DV8,Down 40 pp,Down,40,Gradient Boosting,3
Permutation,Education,0.002932274321938627,Relative,DV8,Down 40 pp,Down,40,Gradient Boosting,3
Permutation,Demographics,-0.0028005493023907702,Relative,DV8,Down 40 pp,Down,40,Gradient Boosting,3
Permutation,Family / employment,0.0006779656355320962,Relative,DV8,Down 40 pp,Down,40,Gradient Boosting,3
Permutation,Occupation,0.0008677602759032121,Relative,DV8,Down 40 pp,Down,40,Gradient Boosting,3
Permutation,Industry,0.007222744731626751,Relative,DV8,Down 40 pp,Down,40,Gradient Boosting,3
Permutation,Geography,-0.010898193665873745,Relative,DV8,Down 40 pp,Down,40,Gradient Boosting,3
SHAP,Income,0.3130315334867381,Relative,DV8,Down 40 pp,Down,40,Gradient Boosting,3
SHAP,Wealth,0.1488004088671974,Relative,DV8,Down 40 pp,Down,40,Gradient Boosting,3
SHAP,Education,0.04902623822597382,Relative,DV8,Down 40 pp,Down,40,Gradient Boosting,3
SHAP,Demographics,0.09506091442499673,Relative,DV8,Down 40 pp,Down,40,Gradient Boosting,3
SHAP,Family / employment,0.007041424662263443,Relative,DV8,Down 40 pp,Down,40,Gradient Boosting,3
SHAP,Occupation,0.057299148958832535,Relative,DV8,Down 40 pp,Down,40,Gradient Boosting,3
SHAP,Industry,0.18623379803600557,Relative,DV8,Down 40 pp,Down,40,Gradient Boosting,3
SHAP,Geography,0.14350653333799263,Relative,DV8,Down 40 pp,Down,40,Gradient Boosting,3
Impurity,Income,0.3959129941730276,Relative,DV8,Down 40 pp,Down,40,Gradient Boosting,4
Impurity,Wealth,0.21024577557102145,Relative,DV8,Down 40 pp,Down,40,Gradient Boosting,4
Impurity,Education,0.0387759013957914,Relative,DV8,Down 40 pp,Down,40,Gradient Boosting,4
Impurity,Demographics,0.1462048357775222,Relative,DV8,Down 40 pp,Down,40,Gradient Boosting,4
Impurity,Family / employment,0.010944876134482013,Relative,DV8,Down 40 pp,Down,40,Gradient Boosting,4
Impurity,Occupation,0.04222382057749959,Relative,DV8,Down 40 pp,Down,40,Gradient Boosting,4
Impurity,Industry,0.09623183309443463,Relative,DV8,Down 40 pp,Down,40,Gradient Boosting,4
Impurity,Geography,0.05945996327622109,Relative,DV8,Down 40 pp,Down,40,Gradient Boosting,4
Permutation,Income,0.2164603298398177,Relative,DV8,Down 40 pp,Down,40,Gradient Boosting,4
Permutation,Wealth,0.030144322285963466,Relative,DV8,Down 40 pp,Down,40,Gradient Boosting,4
Permutation,Education,-0.0018435172941114574,Relative,DV8,Down 40 pp,Down,40,Gradient Boosting,4
Permutation,Demographics,0.02073374208539395,Relative,DV8,Down 40 pp,Down,40,Gradient Boosting,4
Permutation,Family / employment,0.0014801625117571216,Relative,DV8,Down 40 pp,Down,40,Gradient Boosting,4
Permutation,Occupation,-0.004578307992659014,Relative,DV8,Down 40 pp,Down,40,Gradient Boosting,4
Permutation,Industry,0.024571561841039147,Relative,DV8,Down 40 pp,Down,40,Gradient Boosting,4
Permutation,Geography,0.005087138370844152,Relative,DV8,Down 40 pp,Down,40,Gradient Boosting,4
SHAP,Income,0.350066247099914,Relative,DV8,Down 40 pp,Down,40,Gradient Boosting,4
SHAP,Wealth,0.10645354251912534,Relative,DV8,Down 40 pp,Down,40,Gradient Boosting,4
SHAP,Education,0.0592025965467674,Relative,DV8,Down 40 pp,Down,40,Gradient Boosting,4
SHAP,Demographics,0.1105281921457038,Relative,DV8,Down 40 pp,Down,40,Gradient Boosting,4
SHAP,Family / employment,0.01268425235996972,Relative,DV8,Down 40 pp,Down,40,Gradient Boosting,4
SHAP,Occupation,0.0728309733086793,Relative,DV8,Down 40 pp,Down,40,Gradient Boosting,4
SHAP,Industry,0.13637355751974325,Relative,DV8,Down 40 pp,Down,40,Gradient Boosting,4
SHAP,Geography,0.15186063850009704,Relative,DV8,Down 40 pp,Down,40,Gradient Boosting,4
Impurity,Income,0.39927495016020415,Relative,DV8,Down 40 pp,Down,40,Gradient Boosting,5
Impurity,Wealth,0.28999896757077026,Relative,DV8,Down 40 pp,Down,40,Gradient Boosting,5
Impurity,Education,0.018854562502049525,Relative,DV8,Down 40 pp,Down,40,Gradient Boosting,5
Impurity,Demographics,0.10176320985527704,Relative,DV8,Down 40 pp,Down,40,Gradient Boosting,5
Impurity,Family / employment,0.0059318934426206005,Relative,DV8,Down 40 pp,Down,40,Gradient Boosting,5
Impurity,Occupation,0.058981007019739226,Relative,DV8,Down 40 pp,Down,40,Gradient Boosting,5
Impurity,Industry,0.0846813449099981,Relative,DV8,Down 40 pp,Down,40,Gradient Boosting,5
Impurity,Geography,0.04051406453934123,Relative,DV8,Down 40 pp,Down,40,Gradient Boosting,5
Permutation,Income,0.08308977315995117,Relative,DV8,Down 40 pp,Down,40,Gradient Boosting,5
Permutation,Wealth,0.005167820355192199,Relative,DV8,Down 40 pp,Down,40,Gradient Boosting,5
Permutation,Education,0.0037922867568479512,Relative,DV8,Down 40 pp,Down,40,Gradient Boosting,5
Permutation,Demographics,0.012442823297642435,Relative,DV8,Down 40 pp,Down,40,Gradient Boosting,5
Permutation,Family / employment,0.0012073215823297568,Relative,DV8,Down 40 pp,Down,40,Gradient Boosting,5
Permutation,Occupation,0.002603936811293639,Relative,DV8,Down 40 pp,Down,40,Gradient Boosting,5
Permutation,Industry,0.03431206889565744,Relative,DV8,Down 40 pp,Down,40,Gradient Boosting,5
Permutation,Geography,0.0064871603987746605,Relative,DV8,Down 40 pp,Down,40,Gradient Boosting,5
SHAP,Income,0.37288411306142205,Relative,DV8,Down 40 pp,Down,40,Gradient Boosting,5
SHAP,Wealth,0.18856792649898713,Relative,DV8,Down 40 pp,Down,40,Gradient Boosting,5
SHAP,Education,0.03902949139755929,Relative,DV8,Down 40 pp,Down,40,Gradient Boosting,5
SHAP,Demographics,0.08420970207784124,Relative,DV8,Down 40 pp,Down,40,Gradient Boosting,5
SHAP,Family / employment,0.005514280513148644,Relative,DV8,Down 40 pp,Down,40,Gradient Boosting,5
SHAP,Occupation,0.09605530257005179,Relative,DV8,Down 40 pp,Down,40,Gradient Boosting,5
SHAP,Industry,0.12064053596779813,Relative,DV8,Down 40 pp,Down,40,Gradient Boosting,5
SHAP,Geography,0.09309864791319161,Relative,DV8,Down 40 pp,Down,40,Gradient Boosting,5
Impurity,Income,0.4385800528959708,Parent-child absolute,I1,Up $5k,Up,5000,Random Forest,1
Impurity,Wealth,0.14468764057433703,Parent-child absolute,I1,Up $5k,Up,5000,Random Forest,1
Impurity,Education,0.053987062706357426,Parent-child absolute,I1,Up $5k,Up,5000,Random Forest,1
Impurity,Demographics,0.182000100221696,Parent-child absolute,I1,Up $5k,Up,5000,Random Forest,1
Impurity,Family / employment,0.035493833751196774,Parent-child absolute,I1,Up $5k,Up,5000,Random Forest,1
Impurity,Occupation,0.04498106347292349,Parent-child absolute,I1,Up $5k,Up,5000,Random Forest,1
Impurity,Industry,0.05411720972319698,Parent-child absolute,I1,Up $5k,Up,5000,Random Forest,1
Impurity,Geography,0.046153036654321404,Parent-child absolute,I1,Up $5k,Up,5000,Random Forest,1
Permutation,Income,0.18352713567212067,Parent-child absolute,I1,Up $5k,Up,5000,Random Forest,1
Permutation,Wealth,-0.00017557070185311718,Parent-child absolute,I1,Up $5k,Up,5000,Random Forest,1
Permutation,Education,-0.004806472615280594,Parent-child absolute,I1,Up $5k,Up,5000,Random Forest,1
Permutation,Demographics,0.027270738937798446,Parent-child absolute,I1,Up $5k,Up,5000,Random Forest,1
Permutation,Family / employment,0.0010176698243200722,Parent-child absolute,I1,Up $5k,Up,5000,Random Forest,1
Permutation,Occupation,-0.0029702351315270383,Parent-child absolute,I1,Up $5k,Up,5000,Random Forest,1
Permutation,Industry,0.00034961315507183734,Parent-child absolute,I1,Up $5k,Up,5000,Random Forest,1
Permutation,Geography,0.0006760875596051319,Parent-child absolute,I1,Up $5k,Up,5000,Random Forest,1
SHAP,Income,0.4684571874668089,Parent-child absolute,I1,Up $5k,Up,5000,Random Forest,1
SHAP,Wealth,0.06540664023794811,Parent-child absolute,I1,Up $5k,Up,5000,Random Forest,1
SHAP,Education,0.0638638883865196,Parent-child absolute,I1,Up $5k,Up,5000,Random Forest,1
SHAP,Demographics,0.16927233009879122,Parent-child absolute,I1,Up $5k,Up,5000,Random Forest,1
SHAP,Family / employment,0.06532973630098249,Parent-child absolute,I1,Up $5k,Up,5000,Random Forest,1
SHAP,Occupation,0.04040316080939305,Parent-child absolute,I1,Up $5k,Up,5000,Random Forest,1
SHAP,Industry,0.08385817115605569,Parent-child absolute,I1,Up $5k,Up,5000,Random Forest,1
SHAP,Geography,0.043408885543500766,Parent-child absolute,I1,Up $5k,Up,5000,Random Forest,1
Impurity,Income,0.34018852720403153,Parent-child absolute,I1,Up $5k,Up,5000,Random Forest,2
Impurity,Wealth,0.13967854053677603,Parent-child absolute,I1,Up $5k,Up,5000,Random Forest,2
Impurity,Education,0.06256477889844624,Parent-child absolute,I1,Up $5k,Up,5000,Random Forest,2
Impurity,Demographics,0.17264881593514161,Parent-child absolute,I1,Up $5k,Up,5000,Random Forest,2
Impurity,Family / employment,0.048250118234480346,Parent-child absolute,I1,Up $5k,Up,5000,Random Forest,2
Impurity,Occupation,0.08162633640867929,Parent-child absolute,I1,Up $5k,Up,5000,Random Forest,2
Impurity,Industry,0.09107143151943176,Parent-child absolute,I1,Up $5k,Up,5000,Random Forest,2
Impurity,Geography,0.06397145126301314,Parent-child absolute,I1,Up $5k,Up,5000,Random Forest,2
Permutation,Income,0.192056575174608,Parent-child absolute,I1,Up $5k,Up,5000,Random Forest,2
Permutation,Wealth,-8.465878166202256e-05,Parent-child absolute,I1,Up $5k,Up,5000,Random Forest,2
Permutation,Education,0.0031180319909607235,Parent-child absolute,I1,Up $5k,Up,5000,Random Forest,2
Permutation,Demographics,0.010581318439807802,Parent-child absolute,I1,Up $5k,Up,5000,Random Forest,2
Permutation,Family / employment,0.007984081342253063,Parent-child absolute,I1,Up $5k,Up,5000,Random Forest,2
Permutation,Occupation,-0.0023239783110131475,Parent-child absolute,I1,Up $5k,Up,5000,Random Forest,2
Permutation,Industry,0.007637148377303715,Parent-child absolute,I1,Up $5k,Up,5000,Random Forest,2
Permutation,Geography,0.00432935012525828,Parent-child absolute,I1,Up $5k,Up,5000,Random Forest,2
SHAP,Income,0.37711012815761125,Parent-child absolute,I1,Up $5k,Up,5000,Random Forest,2
SHAP,Wealth,0.03924911438524195,Parent-child absolute,I1,Up $5k,Up,5000,Random Forest,2
SHAP,Education,0.051754932420429604,Parent-child absolute,I1,Up $5k,Up,5000,Random Forest,2
SHAP,Demographics,0.16914389591099707,Parent-child absolute,I1,Up $5k,Up,5000,Random Forest,2
SHAP,Family / employment,0.09572015279247749,Parent-child absolute,I1,Up $5k,Up,5000,Random Forest,2
SHAP,Occupation,0.08069741313821788,Parent-child absolute,I1,Up $5k,Up,5000,Random Forest,2
SHAP,Industry,0.13297296522883226,Parent-child absolute,I1,Up $5k,Up,5000,Random Forest,2
SHAP,Geography,0.05335139796619265,Parent-child absolute,I1,Up $5k,Up,5000,Random Forest,2
Impurity,Income,0.33937709682020134,Parent-child absolute,I1,Up $5k,Up,5000,Random Forest,3
Impurity,Wealth,0.12803731700992488,Parent-child absolute,I1,Up $5k,Up,5000,Random Forest,3
Impurity,Education,0.05862954026480579,Parent-child absolute,I1,Up $5k,Up,5000,Random Forest,3
Impurity,Demographics,0.155591226688985,Parent-child absolute,I1,Up $5k,Up,5000,Random Forest,3
Impurity,Family / employment,0.07037835790266819,Parent-child absolute,I1,Up $5k,Up,5000,Random Forest,3
Impurity,Occupation,0.07984518539948654,Parent-child absolute,I1,Up $5k,Up,5000,Random Forest,3
Impurity,Industry,0.09720110474134314,Parent-child absolute,I1,Up $5k,Up,5000,Random Forest,3
Impurity,Geography,0.07094017117258501,Parent-child absolute,I1,Up $5k,Up,5000,Random Forest,3
Permutation,Income,0.17212432174158984,Parent-child absolute,I1,Up $5k,Up,5000,Random Forest,3
Permutation,Wealth,0.004495094697160395,Parent-child absolute,I1,Up $5k,Up,5000,Random Forest,3
Permutation,Education,0.002738704311433876,Parent-child absolute,I1,Up $5k,Up,5000,Random Forest,3
Permutation,Demographics,0.011834549025513858,Parent-child absolute,I1,Up $5k,Up,5000,Random Forest,3
Permutation,Family / employment,-0.006678054722320354,Parent-child absolute,I1,Up $5k,Up,5000,Random Forest,3
Permutation,Occupation,0.004246083331329642,Parent-child absolute,I1,Up $5k,Up,5000,Random Forest,3
Permutation,Industry,-0.0011129982429115893,Parent-child absolute,I1,Up $5k,Up,5000,Random Forest,3
Permutation,Geography,-0.004172608690018259,Parent-child absolute,I1,Up $5k,Up,5000,Random Forest,3
SHAP,Income,0.3629613264280441,Parent-child absolute,I1,Up $5k,Up,5000,Random Forest,3
SHAP,Wealth,0.04272202546631502,Parent-child absolute,I1,Up $5k,Up,5000,Random Forest,3
SHAP,Education,0.048302422058472246,Parent-child absolute,I1,Up $5k,Up,5000,Random Forest,3
SHAP,Demographics,0.12899500199511565,Parent-child absolute,I1,Up $5k,Up,5000,Random Forest,3
SHAP,Family / employment,0.14186884533911095,Parent-child absolute,I1,Up $5k,Up,5000,Random Forest,3
SHAP,Occupation,0.06505909539483913,Parent-child absolute,I1,Up $5k,Up,5000,Random Forest,3
SHAP,Industry,0.12034613254569888,Parent-child absolute,I1,Up $5k,Up,5000,Random Forest,3
SHAP,Geography,0.08974515077240443,Parent-child absolute,I1,Up $5k,Up,5000,Random Forest,3
Impurity,Income,0.3374090355086994,Parent-child absolute,I1,Up $5k,Up,5000,Random Forest,4
Impurity,Wealth,0.13460229256795816,Parent-child absolute,I1,Up $5k,Up,5000,Random Forest,4
Impurity,Education,0.060199674957536684,Parent-child absolute,I1,Up $5k,Up,5000,Random Forest,4
Impurity,Demographics,0.16292922110979086,Parent-child absolute,I1,Up $5k,Up,5000,Random Forest,4
Impurity,Family / employment,0.05761937954455045,Parent-child absolute,I1,Up $5k,Up,5000,Random Forest,4
Impurity,Occupation,0.08022025803620578,Parent-child absolute,I1,Up $5k,Up,5000,Random Forest,4
Impurity,Industry,0.10207368437280376,Parent-child absolute,I1,Up $5k,Up,5000,Random Forest,4
Impurity,Geography,0.06494645390245457,Parent-child absolute,I1,Up $5k,Up,5000,Random Forest,4
Permutation,Income,0.19272640951165537,Parent-child absolute,I1,Up $5k,Up,5000,Random Forest,4
Permutation,Wealth,-0.004071886243578593,Parent-child absolute,I1,Up $5k,Up,5000,Random Forest,4
Permutation,Education,0.004208877443910764,Parent-child absolute,I1,Up $5k,Up,5000,Random Forest,4
Permutation,Demographics,0.015673746661992748,Parent-child absolute,I1,Up $5k,Up,5000,Random Forest,4
Permutation,Family / employment,0.0018193524330934018,Parent-child absolute,I1,Up $5k,Up,5000,Random Forest,4
Permutation,Occupation,-0.002221213717346626,Parent-child absolute,I1,Up $5k,Up,5000,Random Forest,4
Permutation,Industry,0.002064882880115038,Parent-child absolute,I1,Up $5k,Up,5000,Random Forest,4
Permutation,Geography,0.0021384173478802226,Parent-child absolute,I1,Up $5k,Up,5000,Random Forest,4
SHAP,Income,0.36329677272551514,Parent-child absolute,I1,Up $5k,Up,5000,Random Forest,4
SHAP,Wealth,0.05409050077076462,Parent-child absolute,I1,Up $5k,Up,5000,Random Forest,4
SHAP,Education,0.050893213359826134,Parent-child absolute,I1,Up $5k,Up,5000,Random Forest,4
SHAP,Demographics,0.13140129197887743,Parent-child absolute,I1,Up $5k,Up,5000,Random Forest,4
SHAP,Family / employment,0.12772752827712897,Parent-child absolute,I1,Up $5k,Up,5000,Random Forest,4
SHAP,Occupation,0.0637982812686271,Parent-child absolute,I1,Up $5k,Up,5000,Random Forest,4
SHAP,Industry,0.15766801032382413,Parent-child absolute,I1,Up $5k,Up,5000,Random Forest,4
SHAP,Geography,0.05112440129543671,Parent-child absolute,I1,Up $5k,Up,5000,Random Forest,4
Impurity,Income,0.36583252196335475,Parent-child absolute,I1,Up $5k,Up,5000,Random Forest,5
Impurity,Wealth,0.12872556633568313,Parent-child absolute,I1,Up $5k,Up,5000,Random Forest,5
Impurity,Education,0.06486834983883705,Parent-child absolute,I1,Up $5k,Up,5000,Random Forest,5
Impurity,Demographics,0.1497467762351931,Parent-child absolute,I1,Up $5k,Up,5000,Random Forest,5
Impurity,Family / employment,0.05875501523036763,Parent-child absolute,I1,Up $5k,Up,5000,Random Forest,5
Impurity,Occupation,0.07565533404861913,Parent-child absolute,I1,Up $5k,Up,5000,Random Forest,5
Impurity,Industry,0.09522992839162511,Parent-child absolute,I1,Up $5k,Up,5000,Random Forest,5
Impurity,Geography,0.06118650795632012,Parent-child absolute,I1,Up $5k,Up,5000,Random Forest,5
Permutation,Income,0.16217246105744332,Parent-child absolute,I1,Up $5k,Up,5000,Random Forest,5
Permutation,Wealth,0.0029764924560106653,Parent-child absolute,I1,Up $5k,Up,5000,Random Forest,5
Permutation,Education,0.0036817252912840657,Parent-child absolute,I1,Up $5k,Up,5000,Random Forest,5
Permutation,Demographics,0.02291393918294053,Parent-child absolute,I1,Up $5k,Up,5000,Random Forest,5
Permutation,Family / employment,0.010460280196235683,Parent-child absolute,I1,Up $5k,Up,5000,Random Forest,5
Permutation,Occupation,0.00470839759433569,Parent-child absolute,I1,Up $5k,Up,5000,Random Forest,5
Permutation,Industry,0.0031011818663961577,Parent-child absolute,I1,Up $5k,Up,5000,Random Forest,5
Permutation,Geography,0.005891303912239648,Parent-child absolute,I1,Up $5k,Up,5000,Random Forest,5
SHAP,Income,0.39225378289880725,Parent-child absolute,I1,Up $5k,Up,5000,Random Forest,5
SHAP,Wealth,0.04465121569249807,Parent-child absolute,I1,Up $5k,Up,5000,Random Forest,5
SHAP,Education,0.05769070283962499,Parent-child absolute,I1,Up $5k,Up,5000,Random Forest,5
SHAP,Demographics,0.11634411021418338,Parent-child absolute,I1,Up $5k,Up,5000,Random Forest,5
SHAP,Family / employment,0.1174359983977541,Parent-child absolute,I1,Up $5k,Up,5000,Random Forest,5
SHAP,Occupation,0.05977329393869169,Parent-child absolute,I1,Up $5k,Up,5000,Random Forest,5
SHAP,Industry,0.14400005310287206,Parent-child absolute,I1,Up $5k,Up,5000,Random Forest,5
SHAP,Geography,0.06785084291556842,Parent-child absolute,I1,Up $5k,Up,5000,Random Forest,5
Impurity,Income,0.5551601655694224,Parent-child absolute,I1,Up $5k,Up,5000,Gradient Boosting,1
Impurity,Wealth,0.10269697313941371,Parent-child absolute,I1,Up $5k,Up,5000,Gradient Boosting,1
Impurity,Education,0.04367120713211287,Parent-child absolute,I1,Up $5k,Up,5000,Gradient Boosting,1
Impurity,Demographics,0.163522229557586,Parent-child absolute,I1,Up $5k,Up,5000,Gradient Boosting,1
Impurity,Family / employment,0.021771961571796644,Parent-child absolute,I1,Up $5k,Up,5000,Gradient Boosting,1
Impurity,Occupation,0.03571461568163108,Parent-child absolute,I1,Up $5k,Up,5000,Gradient Boosting,1
Impurity,Industry,0.05699827577287819,Parent-child absolute,I1,Up $5k,Up,5000,Gradient Boosting,1
Impurity,Geography,0.02046457157515914,Parent-child absolute,I1,Up $5k,Up,5000,Gradient Boosting,1
Permutation,Income,0.20151470539406086,Parent-child absolute,I1,Up $5k,Up,5000,Gradient Boosting,1
Permutation,Wealth,0.014087314786440253,Parent-child absolute,I1,Up $5k,Up,5000,Gradient Boosting,1
Permutation,Education,-0.0005027648282684649,Parent-child absolute,I1,Up $5k,Up,5000,Gradient Boosting,1
Permutation,Demographics,0.026687340631141938,Parent-child absolute,I1,Up $5k,Up,5000,Gradient Boosting,1
Permutation,Family / employment,0.003791486875588146,Parent-child absolute,I1,Up $5k,Up,5000,Gradient Boosting,1
Permutation,Occupation,-0.0040800994781585555,Parent-child absolute,I1,Up $5k,Up,5000,Gradient Boosting,1
Permutation,Industry,0.005393491314105603,Parent-child absolute,I1,Up $5k,Up,5000,Gradient Boosting,1
Permutation,Geography,0.0061005659569709995,Parent-child absolute,I1,Up $5k,Up,5000,Gradient Boosting,1
SHAP,Income,0.46451836236900723,Parent-child absolute,I1,Up $5k,Up,5000,Gradient Boosting,1
SHAP,Wealth,0.06918556616954843,Parent-child absolute,I1,Up $5k,Up,5000,Gradient Boosting,1
SHAP,Education,0.07486072788135181,Parent-child absolute,I1,Up $5k,Up,5000,Gradient Boosting,1
SHAP,Demographics,0.1599045347893329,Parent-child absolute,I1,Up $5k,Up,5000,Gradient Boosting,1
SHAP,Family / employment,0.02791420907904595,Parent-child absolute,I1,Up $5k,Up,5000,Gradient Boosting,1
SHAP,Occupation,0.04093318678198339,Parent-child absolute,I1,Up $5k,Up,5000,Gradient Boosting,1
SHAP,Industry,0.11612484081406324,Parent-child absolute,I1,Up $5k,Up,5000,Gradient Boosting,1
SHAP,Geography,0.04655857211566693,Parent-child absolute,I1,Up $5k,Up,5000,Gradient Boosting,1
Impurity,Income,0.5419673015817453,Parent-child absolute,I1,Up $5k,Up,5000,Gradient Boosting,2
Impurity,Wealth,0.13194452449304583,Parent-child absolute,I1,Up $5k,Up,5000,Gradient Boosting,2
Impurity,Education,0.03590603399514432,Parent-child absolute,I1,Up $5k,Up,5000,Gradient Boosting,2
Impurity,Demographics,0.17064171581521084,Parent-child absolute,I1,Up $5k,Up,5000,Gradient Boosting,2
Impurity,Family / employment,0.010937687486499603,Parent-child absolute,I1,Up $5k,Up,5000,Gradient Boosting,2
Impurity,Occupation,0.03464002851159411,Parent-child absolute,I1,Up $5k,Up,5000,Gradient Boosting,2
Impurity,Industry,0.04952844833189189,Parent-child absolute,I1,Up $5k,Up,5000,Gradient Boosting,2
Impurity,Geography,0.024434259784867938,Parent-child absolute,I1,Up $5k,Up,5000,Gradient Boosting,2
Permutation,Income,0.24574710672148284,Parent-child absolute,I1,Up $5k,Up,5000,Gradient Boosting,2
Permutation,Wealth,-0.006024633865077672,Parent-child absolute,I1,Up $5k,Up,5000,Gradient Boosting,2
Permutation,Education,0.0017006467753173438,Parent-child absolute,I1,Up $5k,Up,5000,Gradient Boosting,2
Permutation,Demographics,0.014822988914014124,Parent-child absolute,I1,Up $5k,Up,5000,Gradient Boosting,2
Permutation,Family / employment,0.0012667971133096644,Parent-child absolute,I1,Up $5k,Up,5000,Gradient Boosting,2
Permutation,Occupation,-0.008277619364309579,Parent-child absolute,I1,Up $5k,Up,5000,Gradient Boosting,2
Permutation,Industry,0.001636795971108085,Parent-child absolute,I1,Up $5k,Up,5000,Gradient Boosting,2
Permutation,Geography,0.0017420893524587478,Parent-child absolute,I1,Up $5k,Up,5000,Gradient Boosting,2
SHAP,Income,0.4841902291684545,Parent-child absolute,I1,Up $5k,Up,5000,Gradient Boosting,2
SHAP,Wealth,0.09099799198589538,Parent-child absolute,I1,Up $5k,Up,5000,Gradient Boosting,2
SHAP,Education,0.0671151635641418,Parent-child absolute,I1,Up $5k,Up,5000,Gradient Boosting,2
SHAP,Demographics,0.15473406186838043,Parent-child absolute,I1,Up $5k,Up,5000,Gradient Boosting,2
SHAP,Family / employment,0.012727253854729873,Parent-child absolute,I1,Up $5k,Up,5000,Gradient Boosting,2
SHAP,Occupation,0.061795492456872866,Parent-child absolute,I1,Up $5k,Up,5000,Gradient Boosting,2
SHAP,Industry,0.08117163546937681,Parent-child absolute,I1,Up $5k,Up,5000,Gradient Boosting,2
SHAP,Geography,0.04726817163214834,Parent-child absolute,I1,Up $5k,Up,5000,Gradient Boosting,2
Impurity,Income,0.5448459465923883,Parent-child absolute,I1,Up $5k,Up,5000,Gradient Boosting,3
Impurity,Wealth,0.05306983373823947,Parent-child absolute,I1,Up $5k,Up,5000,Gradient Boosting,3
Impurity,Education,0.019785110686139477,Parent-child absolute,I1,Up $5k,Up,5000,Gradient Boosting,3
Impurity,Demographics,0.09246200128594582,Parent-child absolute,I1,Up $5k,Up,5000,Gradient Boosting,3
Impurity,Family / employment,0.1242969395922516,Parent-child absolute,I1,Up $5k,Up,5000,Gradient Boosting,3
Impurity,Occupation,0.03627413307571668,Parent-child absolute,I1,Up $5k,Up,5000,Gradient Boosting,3
Impurity,Industry,0.08128051489416588,Parent-child absolute,I1,Up $5k,Up,5000,Gradient Boosting,3
Impurity,Geography,0.04798552013515284,Parent-child absolute,I1,Up $5k,Up,5000,Gradient Boosting,3
Permutation,Income,0.14985575005690838,Parent-child absolute,I1,Up $5k,Up,5000,Gradient Boosting,3
Permutation,Wealth,0.006757997734912163,Parent-child absolute,I1,Up $5k,Up,5000,Gradient Boosting,3
Permutation,Education,0.0018976128595911024,Parent-child absolute,I1,Up $5k,Up,5000,Gradient Boosting,3
Permutation,Demographics,0.011523484798511802,Parent-child absolute,I1,Up $5k,Up,5000,Gradient Boosting,3
Permutation,Family / employment,-0.0005817307539034422,Parent-child absolute,I1,Up $5k,Up,5000,Gradient Boosting,3
Permutation,Occupation,0.0009081319441282987,Parent-child absolute,I1,Up $5k,Up,5000,Gradient Boosting,3
Permutation,Industry,0.010806809124694361,Parent-child absolute,I1,Up $5k,Up,5000,Gradient Boosting,3
Permutation,Geography,-0.0031379507601879963,Parent-child absolute,I1,Up $5k,Up,5000,Gradient Boosting,3
SHAP,Income,0.34167858538446017,Parent-child absolute,I1,Up $5k,Up,5000,Gradient Boosting,3
SHAP,Wealth,0.03431115391237608,Parent-child absolute,I1,Up $5k,Up,5000,Gradient Boosting,3
SHAP,Education,0.03279197982073655,Parent-child absolute,I1,Up $5k,Up,5000,Gradient Boosting,3
SHAP,Demographics,0.15247809140776322,Parent-child absolute,I1,Up $5k,Up,5000,Gradient Boosting,3
SHAP,Family / employment,0.16124576078700079,Parent-child absolute,I1,Up $5k,Up,5000,Gradient Boosting,3
SHAP,Occupation,0.049457040498779484,Parent-child absolute,I1,Up $5k,Up,5000,Gradient Boosting,3
SHAP,Industry,0.1287642913396318,Parent-child absolute,I1,Up $5k,Up,5000,Gradient Boosting,3
SHAP,Geography,0.09927309684925201,Parent-child absolute,I1,Up $5k,Up,5000,Gradient Boosting,3
Impurity,Income,0.5603407270479785,Parent-child absolute,I1,Up $5k,Up,5000,Gradient Boosting,4
Impurity,Wealth,0.0639115182212846,Parent-child absolute,I1,Up $5k,Up,5000,Gradient Boosting,4
Impurity,Education,0.021279179893958472,Parent-child absolute,I1,Up $5k,Up,5000,Gradient Boosting,4
Impurity,Demographics,0.1214686240519251,Parent-child absolute,I1,Up $5k,Up,5000,Gradient Boosting,4
Impurity,Family / employment,0.07172226075560263,Parent-child absolute,I1,Up $5k,Up,5000,Gradient Boosting,4
Impurity,Occupation,0.03909903514582048,Parent-child absolute,I1,Up $5k,Up,5000,Gradient Boosting,4
Impurity,Industry,0.0938274853415869,Parent-child absolute,I1,Up $5k,Up,5000,Gradient Boosting,4
Impurity,Geography,0.028351169541843347,Parent-child absolute,I1,Up $5k,Up,5000,Gradient Boosting,4
Permutation,Income,0.20416405816003008,Parent-child absolute,I1,Up $5k,Up,5000,Gradient Boosting,4
Permutation,Wealth,0.0005936507103122324,Parent-child absolute,I1,Up $5k,Up,5000,Gradient Boosting,4
Permutation,Education,-0.0019195140693772095,Parent-child absolute,I1,Up $5k,Up,5000,Gradient Boosting,4
Permutation,Demographics,0.02282306246689292,Parent-child absolute,I1,Up $5k,Up,5000,Gradient Boosting,4
Permutation,Family / employment,0.003993593658922412,Parent-child absolute,I1,Up $5k,Up,5000,Gradient Boosting,4
Permutation,Occupation,-0.004577723879874202,Parent-child absolute,I1,Up $5k,Up,5000,Gradient Boosting,4
Permutation,Industry,0.00638053494975222,Parent-child absolute,I1,Up $5k,Up,5000,Gradient Boosting,4
Permutation,Geography,0.006843050240679433,Parent-child absolute,I1,Up $5k,Up,5000,Gradient Boosting,4
SHAP,Income,0.3785211986249411,Parent-child absolute,I1,Up $5k,Up,5000,Gradient Boosting,4
SHAP,Wealth,0.043814662696715155,Parent-child absolute,I1,Up $5k,Up,5000,Gradient Boosting,4
SHAP,Education,0.03263167265368621,Parent-child absolute,I1,Up $5k,Up,5000,Gradient Boosting,4
SHAP,Demographics,0.13903353944091082,Parent-child absolute,I1,Up $5k,Up,5000,Gradient Boosting,4
SHAP,Family / employment,0.11407550995226147,Parent-child absolute,I1,Up $5k,Up,5000,Gradient Boosting,4
SHAP,Occupation,0.050784372753190296,Parent-child absolute,I1,Up $5k,Up,5000,Gradient Boosting,4
SHAP,Industry,0.18174329063016445,Parent-child absolute,I1,Up $5k,Up,5000,Gradient Boosting,4
SHAP,Geography,0.05939575324813055,Parent-child absolute,I1,Up $5k,Up,5000,Gradient Boosting,4
Impurity,Income,0.570152826354514,Parent-child absolute,I1,Up $5k,Up,5000,Gradient Boosting,5
Impurity,Wealth,0.117408661165735,Parent-child absolute,I1,Up $5k,Up,5000,Gradient Boosting,5
Impurity,Education,0.02729383030663932,Parent-child absolute,I1,Up $5k,Up,5000,Gradient Boosting,5
Impurity,Demographics,0.16224379061904434,Parent-child absolute,I1,Up $5k,Up,5000,Gradient Boosting,5
Impurity,Family / employment,0.017931391000199966,Parent-child absolute,I1,Up $5k,Up,5000,Gradient Boosting,5
Impurity,Occupation,0.02563331839641258,Parent-child absolute,I1,Up $5k,Up,5000,Gradient Boosting,5
Impurity,Industry,0.04611784627376891,Parent-child absolute,I1,Up $5k,Up,5000,Gradient Boosting,5
Impurity,Geography,0.03321833588368571,Parent-child absolute,I1,Up $5k,Up,5000,Gradient Boosting,5
Permutation,Income,0.2090916305972041,Parent-child absolute,I1,Up $5k,Up,5000,Gradient Boosting,5
Permutation,Wealth,-0.0005896889545233431,Parent-child absolute,I1,Up $5k,Up,5000,Gradient Boosting,5
Permutation,Education,0.0040255807197850605,Parent-child absolute,I1,Up $5k,Up,5000,Gradient Boosting,5
Permutation,Demographics,0.02571795028214786,Parent-child absolute,I1,Up $5k,Up,5000,Gradient Boosting,5
Permutation,Family / employment,0.0015774424884349102,Parent-child absolute,I1,Up $5k,Up,5000,Gradient Boosting,5
Permutation,Occupation,-0.0013071718464050363,Parent-child absolute,I1,Up $5k,Up,5000,Gradient Boosting,5
Permutation,Industry,0.002085335108560349,Parent-child absolute,I1,Up $5k,Up,5000,Gradient Boosting,5
Permutation,Geography,-0.0017901853515903954,Parent-child absolute,I1,Up $5k,Up,5000,Gradient Boosting,5
SHAP,Income,0.5147736081579177,Parent-child absolute,I1,Up $5k,Up,5000,Gradient Boosting,5
SHAP,Wealth,0.07074918383030777,Parent-child absolute,I1,Up $5k,Up,5000,Gradient Boosting,5
SHAP,Education,0.04978185070967114,Parent-child absolute,I1,Up $5k,Up,5000,Gradient Boosting,5
SHAP,Demographics,0.14935301349493862,Parent-child absolute,I1,Up $5k,Up,5000,Gradient Boosting,5
SHAP,Family / employment,0.03170850415226601,Parent-child absolute,I1,Up $5k,Up,5000,Gradient Boosting,5
SHAP,Occupation,0.020720821021704566,Parent-child absolute,I1,Up $5k,Up,5000,Gradient Boosting,5
SHAP,Industry,0.08044674805650733,Parent-child absolute,I1,Up $5k,Up,5000,Gradient Boosting,5
SHAP,Geography,0.08246627057668697,Parent-child absolute,I1,Up $5k,Up,5000,Gradient Boosting,5
Impurity,Income,0.4077646495193159,Parent-child absolute,I2,Up $10k,Up,10000,Random Forest,1
Impurity,Wealth,0.16833124694489376,Parent-child absolute,I2,Up $10k,Up,10000,Random Forest,1
Impurity,Education,0.04418659396707645,Parent-child absolute,I2,Up $10k,Up,10000,Random Forest,1
Impurity,Demographics,0.19067881371936687,Parent-child absolute,I2,Up $10k,Up,10000,Random Forest,1
Impurity,Family / employment,0.037621557855630504,Parent-child absolute,I2,Up $10k,Up,10000,Random Forest,1
Impurity,Occupation,0.04752128751391473,Parent-child absolute,I2,Up $10k,Up,10000,Random Forest,1
Impurity,Industry,0.04639573870281849,Parent-child absolute,I2,Up $10k,Up,10000,Random Forest,1
Impurity,Geography,0.05750011177698341,Parent-child absolute,I2,Up $10k,Up,10000,Random Forest,1
Permutation,Income,0.2076765975118277,Parent-child absolute,I2,Up $10k,Up,10000,Random Forest,1
Permutation,Wealth,-0.0222119367709702,Parent-child absolute,I2,Up $10k,Up,10000,Random Forest,1
Permutation,Education,0.004018107950004279,Parent-child absolute,I2,Up $10k,Up,10000,Random Forest,1
Permutation,Demographics,0.013085268285374162,Parent-child absolute,I2,Up $10k,Up,10000,Random Forest,1
Permutation,Family / employment,0.006509513713272236,Parent-child absolute,I2,Up $10k,Up,10000,Random Forest,1
Permutation,Occupation,0.00024420425195839646,Parent-child absolute,I2,Up $10k,Up,10000,Random Forest,1
Permutation,Industry,0.0021515580093941222,Parent-child absolute,I2,Up $10k,Up,10000,Random Forest,1
Permutation,Geography,0.0031085235403993995,Parent-child absolute,I2,Up $10k,Up,10000,Random Forest,1
SHAP,Income,0.39973041163457995,Parent-child absolute,I2,Up $10k,Up,10000,Random Forest,1
SHAP,Wealth,0.1332452779877127,Parent-child absolute,I2,Up $10k,Up,10000,Random Forest,1
SHAP,Education,0.037522643094720635,Parent-child absolute,I2,Up $10k,Up,10000,Random Forest,1
SHAP,Demographics,0.18401095759513203,Parent-child absolute,I2,Up $10k,Up,10000,Random Forest,1
SHAP,Family / employment,0.08730059844293808,Parent-child absolute,I2,Up $10k,Up,10000,Random Forest,1
SHAP,Occupation,0.035254509754154055,Parent-child absolute,I2,Up $10k,Up,10000,Random Forest,1
SHAP,Industry,0.066615868868615,Parent-child absolute,I2,Up $10k,Up,10000,Random Forest,1
SHAP,Geography,0.05631973262214783,Parent-child absolute,I2,Up $10k,Up,10000,Random Forest,1
Impurity,Income,0.32014130517825745,Parent-child absolute,I2,Up $10k,Up,10000,Random Forest,2
Impurity,Wealth,0.13074363088288726,Parent-child absolute,I2,Up $10k,Up,10000,Random Forest,2
Impurity,Education,0.06205167021966162,Parent-child absolute,I2,Up $10k,Up,10000,Random Forest,2
Impurity,Demographics,0.17722700621632312,Parent-child absolute,I2,Up $10k,Up,10000,Random Forest,2
Impurity,Family / employment,0.05916759681624148,Parent-child absolute,I2,Up $10k,Up,10000,Random Forest,2
Impurity,Occupation,0.08851366351346583,Parent-child absolute,I2,Up $10k,Up,10000,Random Forest,2
Impurity,Industry,0.09086058837203007,Parent-child absolute,I2,Up $10k,Up,10000,Random Forest,2
Impurity,Geography,0.07129453880113325,Parent-child absolute,I2,Up $10k,Up,10000,Random Forest,2
Permutation,Income,0.17116330687731032,Parent-child absolute,I2,Up $10k,Up,10000,Random Forest,2
Permutation,Wealth,0.007183490921313018,Parent-child absolute,I2,Up $10k,Up,10000,Random Forest,2
Permutation,Education,0.0078205158845286,Parent-child absolute,I2,Up $10k,Up,10000,Random Forest,2
Permutation,Demographics,0.03190371270111915,Parent-child absolute,I2,Up $10k,Up,10000,Random Forest,2
Permutation,Family / employment,-0.005943251428548557,Parent-child absolute,I2,Up $10k,Up,10000,Random Forest,2
Permutation,Occupation,0.0032486065300629642,Parent-child absolute,I2,Up $10k,Up,10000,Random Forest,2
Permutation,Industry,0.002914238767493088,Parent-child absolute,I2,Up $10k,Up,10000,Random Forest,2
Permutation,Geography,-0.003359078578972219,Parent-child absolute,I2,Up $10k,Up,10000,Random Forest,2
SHAP,Income,0.31989340077404343,Parent-child absolute,I2,Up $10k,Up,10000,Random Forest,2
SHAP,Wealth,0.06872243529423948,Parent-child absolute,I2,Up $10k,Up,10000,Random Forest,2
SHAP,Education,0.047419090017505244,Parent-child absolute,I2,Up $10k,Up,10000,Random Forest,2
SHAP,Demographics,0.17412303774533547,Parent-child absolute,I2,Up $10k,Up,10000,Random Forest,2
SHAP,Family / employment,0.11434580892190471,Parent-child absolute,I2,Up $10k,Up,10000,Random Forest,2
SHAP,Occupation,0.08339046892991256,Parent-child absolute,I2,Up $10k,Up,10000,Random Forest,2
SHAP,Industry,0.12572015772927198,Parent-child absolute,I2,Up $10k,Up,10000,Random Forest,2
SHAP,Geography,0.06638560058778703,Parent-child absolute,I2,Up $10k,Up,10000,Random Forest,2
Impurity,Income,0.29989364271230873,Parent-child absolute,I2,Up $10k,Up,10000,Random Forest,3
Impurity,Wealth,0.12937028519406002,Parent-child absolute,I2,Up $10k,Up,10000,Random Forest,3
Impurity,Education,0.06967260469275205,Parent-child absolute,I2,Up $10k,Up,10000,Random Forest,3
Impurity,Demographics,0.1893921199853413,Parent-child absolute,I2,Up $10k,Up,10000,Random Forest,3
Impurity,Family / employment,0.05952204428899617,Parent-child absolute,I2,Up $10k,Up,10000,Random Forest,3
Impurity,Occupation,0.0879037463058433,Parent-child absolute,I2,Up $10k,Up,10000,Random Forest,3
Impurity,Industry,0.09405938662131345,Parent-child absolute,I2,Up $10k,Up,10000,Random Forest,3
Impurity,Geography,0.07018617019938493,Parent-child absolute,I2,Up $10k,Up,10000,Random Forest,3
Permutation,Income,0.15878349644692893,Parent-child absolute,I2,Up $10k,Up,10000,Random Forest,3
Permutation,Wealth,0.006757906106607037,Parent-child absolute,I2,Up $10k,Up,10000,Random Forest,3
Permutation,Education,0.0016779510500376682,Parent-child absolute,I2,Up $10k,Up,10000,Random Forest,3
Permutation,Demographics,0.008193048790091622,Parent-child absolute,I2,Up $10k,Up,10000,Random Forest,3
Permutation,Family / employment,0.0019544158435940593,Parent-child absolute,I2,Up $10k,Up,10000,Random Forest,3
Permutation,Occupation,-0.001002988282428019,Parent-child absolute,I2,Up $10k,Up,10000,Random Forest,3
Permutation,Industry,-0.0028330576409069165,Parent-child absolute,I2,Up $10k,Up,10000,Random Forest,3
Permutation,Geography,-0.00043839513899289196,Parent-child absolute,I2,Up $10k,Up,10000,Random Forest,3
SHAP,Income,0.3144342345782302,Parent-child absolute,I2,Up $10k,Up,10000,Random Forest,3
SHAP,Wealth,0.03845261518408466,Parent-child absolute,I2,Up $10k,Up,10000,Random Forest,3
SHAP,Education,0.05694364214357032,Parent-child absolute,I2,Up $10k,Up,10000,Random Forest,3
SHAP,Demographics,0.2122850843948935,Parent-child absolute,I2,Up $10k,Up,10000,Random Forest,3
SHAP,Family / employment,0.12430343625275597,Parent-child absolute,I2,Up $10k,Up,10000,Random Forest,3
SHAP,Occupation,0.06559558466045731,Parent-child absolute,I2,Up $10k,Up,10000,Random Forest,3
SHAP,Industry,0.12085747755815561,Parent-child absolute,I2,Up $10k,Up,10000,Random Forest,3
SHAP,Geography,0.0671279252278526,Parent-child absolute,I2,Up $10k,Up,10000,Random Forest,3
Impurity,Income,0.41527383058998685,Parent-child absolute,I2,Up $10k,Up,10000,Random Forest,4
Impurity,Wealth,0.16714095695477418,Parent-child absolute,I2,Up $10k,Up,10000,Random Forest,4
Impurity,Education,0.05259521352157408,Parent-child absolute,I2,Up $10k,Up,10000,Random Forest,4
Impurity,Demographics,0.17264349913524774,Parent-child absolute,I2,Up $10k,Up,10000,Random Forest,4
Impurity,Family / employment,0.034644378960227505,Parent-child absolute,I2,Up $10k,Up,10000,Random Forest,4
Impurity,Occupation,0.05694542833027885,Parent-child absolute,I2,Up $10k,Up,10000,Random Forest,4
Impurity,Industry,0.045832734976373364,Parent-child absolute,I2,Up $10k,Up,10000,Random Forest,4
Impurity,Geography,0.05492395753153746,Parent-child absolute,I2,Up $10k,Up,10000,Random Forest,4
Permutation,Income,0.15667250406034988,Parent-child absolute,I2,Up $10k,Up,10000,Random Forest,4
Permutation,Wealth,-0.0038377499278765604,Parent-child absolute,I2,Up $10k,Up,10000,Random Forest,4
Permutation,Education,-0.0022716259189023815,Parent-child absolute,I2,Up $10k,Up,10000,Random Forest,4
Permutation,Demographics,0.025158813899304182,Parent-child absolute,I2,Up $10k,Up,10000,Random Forest,4
Permutation,Family / employment,-0.0018781299964356567,Parent-child absolute,I2,Up $10k,Up,10000,Random Forest,4
Permutation,Occupation,-0.0034866129518461076,Parent-child absolute,I2,Up $10k,Up,10000,Random Forest,4
Permutation,Industry,0.0014798588417022696,Parent-child absolute,I2,Up $10k,Up,10000,Random Forest,4
Permutation,Geography,-0.0020486705591120148,Parent-child absolute,I2,Up $10k,Up,10000,Random Forest,4
SHAP,Income,0.4560842860583249,Parent-child absolute,I2,Up $10k,Up,10000,Random Forest,4
SHAP,Wealth,0.08340635403105119,Parent-child absolute,I2,Up $10k,Up,10000,Random Forest,4
SHAP,Education,0.04844612596431047,Parent-child absolute,I2,Up $10k,Up,10000,Random Forest,4
SHAP,Demographics,0.18713441058241212,Parent-child absolute,I2,Up $10k,Up,10000,Random Forest,4
SHAP,Family / employment,0.07271956279357872,Parent-child absolute,I2,Up $10k,Up,10000,Random Forest,4
SHAP,Occupation,0.04660306663657886,Parent-child absolute,I2,Up $10k,Up,10000,Random Forest,4
SHAP,Industry,0.057765989560146155,Parent-child absolute,I2,Up $10k,Up,10000,Random Forest,4
SHAP,Geography,0.04784020437359747,Parent-child absolute,I2,Up $10k,Up,10000,Random Forest,4
Impurity,Income,0.3234717088326919,Parent-child absolute,I2,Up $10k,Up,10000,Random Forest,5
Impurity,Wealth,0.12914840572359854,Parent-child absolute,I2,Up $10k,Up,10000,Random Forest,5
Impurity,Education,0.07037362437027164,Parent-child absolute,I2,Up $10k,Up,10000,Random Forest,5
Impurity,Demographics,0.1824576187466708,Parent-child absolute,I2,Up $10k,Up,10000,Random Forest,5
Impurity,Family / employment,0.058282156747145666,Parent-child absolute,I2,Up $10k,Up,10000,Random Forest,5
Impurity,Occupation,0.08625229976346376,Parent-child absolute,I2,Up $10k,Up,10000,Random Forest,5
Impurity,Industry,0.08698213160800544,Parent-child absolute,I2,Up $10k,Up,10000,Random Forest,5
Impurity,Geography,0.0630320542081523,Parent-child absolute,I2,Up $10k,Up,10000,Random Forest,5
Permutation,Income,0.1346931093970253,Parent-child absolute,I2,Up $10k,Up,10000,Random Forest,5
Permutation,Wealth,0.0069182420947238085,Parent-child absolute,I2,Up $10k,Up,10000,Random Forest,5
Permutation,Education,-0.0012620537479357762,Parent-child absolute,I2,Up $10k,Up,10000,Random Forest,5
Permutation,Demographics,0.026735580769685924,Parent-child absolute,I2,Up $10k,Up,10000,Random Forest,5
Permutation,Family / employment,-0.0015042150770963048,Parent-child absolute,I2,Up $10k,Up,10000,Random Forest,5
Permutation,Occupation,0.003477810632462208,Parent-child absolute,I2,Up $10k,Up,10000,Random Forest,5
Permutation,Industry,0.000665210677505923,Parent-child absolute,I2,Up $10k,Up,10000,Random Forest,5
Permutation,Geography,0.003399637468113037,Parent-child absolute,I2,Up $10k,Up,10000,Random Forest,5
SHAP,Income,0.37264568791017355,Parent-child absolute,I2,Up $10k,Up,10000,Random Forest,5
SHAP,Wealth,0.043769082321085076,Parent-child absolute,I2,Up $10k,Up,10000,Random Forest,5
SHAP,Education,0.06426491332559546,Parent-child absolute,I2,Up $10k,Up,10000,Random Forest,5
SHAP,Demographics,0.1756268047069989,Parent-child absolute,I2,Up $10k,Up,10000,Random Forest,5
SHAP,Family / employment,0.11845662627386606,Parent-child absolute,I2,Up $10k,Up,10000,Random Forest,5
SHAP,Occupation,0.06741151107546456,Parent-child absolute,I2,Up $10k,Up,10000,Random Forest,5
SHAP,Industry,0.10616409252058737,Parent-child absolute,I2,Up $10k,Up,10000,Random Forest,5
SHAP,Geography,0.05166128186622867,Parent-child absolute,I2,Up $10k,Up,10000,Random Forest,5
Impurity,Income,0.506093409774598,Parent-child absolute,I2,Up $10k,Up,10000,Gradient Boosting,1
Impurity,Wealth,0.12452114060825548,Parent-child absolute,I2,Up $10k,Up,10000,Gradient Boosting,1
Impurity,Education,0.034266726453807614,Parent-child absolute,I2,Up $10k,Up,10000,Gradient Boosting,1
Impurity,Demographics,0.1851954114452138,Parent-child absolute,I2,Up $10k,Up,10000,Gradient Boosting,1
Impurity,Family / employment,0.028105986264259593,Parent-child absolute,I2,Up $10k,Up,10000,Gradient Boosting,1
Impurity,Occupation,0.03275830883198173,Parent-child absolute,I2,Up $10k,Up,10000,Gradient Boosting,1
Impurity,Industry,0.0447364035377255,Parent-child absolute,I2,Up $10k,Up,10000,Gradient Boosting,1
Impurity,Geography,0.04432261308415847,Parent-child absolute,I2,Up $10k,Up,10000,Gradient Boosting,1
Permutation,Income,0.23661612437756788,Parent-child absolute,I2,Up $10k,Up,10000,Gradient Boosting,1
Permutation,Wealth,-0.003669368987425159,Parent-child absolute,I2,Up $10k,Up,10000,Gradient Boosting,1
Permutation,Education,0.017450726611668698,Parent-child absolute,I2,Up $10k,Up,10000,Gradient Boosting,1
Permutation,Demographics,0.037072267477091,Parent-child absolute,I2,Up $10k,Up,10000,Gradient Boosting,1
Permutation,Family / employment,0.0076143610635237115,Parent-child absolute,I2,Up $10k,Up,10000,Gradient Boosting,1
Permutation,Occupation,0.0017547589837891785,Parent-child absolute,I2,Up $10k,Up,10000,Gradient Boosting,1
Permutation,Industry,0.0022164188540343467,Parent-child absolute,I2,Up $10k,Up,10000,Gradient Boosting,1
Permutation,Geography,0.0012076226517458266,Parent-child absolute,I2,Up $10k,Up,10000,Gradient Boosting,1
SHAP,Income,0.39369678820316084,Parent-child absolute,I2,Up $10k,Up,10000,Gradient Boosting,1
SHAP,Wealth,0.12562487082114038,Parent-child absolute,I2,Up $10k,Up,10000,Gradient Boosting,1
SHAP,Education,0.050038722389211726,Parent-child absolute,I2,Up $10k,Up,10000,Gradient Boosting,1
SHAP,Demographics,0.20310777722353382,Parent-child absolute,I2,Up $10k,Up,10000,Gradient Boosting,1
SHAP,Family / employment,0.04242448854313083,Parent-child absolute,I2,Up $10k,Up,10000,Gradient Boosting,1
SHAP,Occupation,0.03249536448808234,Parent-child absolute,I2,Up $10k,Up,10000,Gradient Boosting,1
SHAP,Industry,0.08285623281855388,Parent-child absolute,I2,Up $10k,Up,10000,Gradient Boosting,1
SHAP,Geography,0.06975575551318633,Parent-child absolute,I2,Up $10k,Up,10000,Gradient Boosting,1
Impurity,Income,0.48394258493696213,Parent-child absolute,I2,Up $10k,Up,10000,Gradient Boosting,2
Impurity,Wealth,0.0669053134801544,Parent-child absolute,I2,Up $10k,Up,10000,Gradient Boosting,2
Impurity,Education,0.0230938469079018,Parent-child absolute,I2,Up $10k,Up,10000,Gradient Boosting,2
Impurity,Demographics,0.1741392178811414,Parent-child absolute,I2,Up $10k,Up,10000,Gradient Boosting,2
Impurity,Family / employment,0.0975984898888754,Parent-child absolute,I2,Up $10k,Up,10000,Gradient Boosting,2
Impurity,Occupation,0.041567432017010915,Parent-child absolute,I2,Up $10k,Up,10000,Gradient Boosting,2
Impurity,Industry,0.07604834053753678,Parent-child absolute,I2,Up $10k,Up,10000,Gradient Boosting,2
Impurity,Geography,0.036704774350416976,Parent-child absolute,I2,Up $10k,Up,10000,Gradient Boosting,2
Permutation,Income,0.1552908070868418,Parent-child absolute,I2,Up $10k,Up,10000,Gradient Boosting,2
Permutation,Wealth,0.006480318967308635,Parent-child absolute,I2,Up $10k,Up,10000,Gradient Boosting,2
Permutation,Education,0.005314183484043611,Parent-child absolute,I2,Up $10k,Up,10000,Gradient Boosting,2
Permutation,Demographics,0.040520436753501254,Parent-child absolute,I2,Up $10k,Up,10000,Gradient Boosting,2
Permutation,Family / employment,-0.0034939094030417674,Parent-child absolute,I2,Up $10k,Up,10000,Gradient Boosting,2
Permutation,Occupation,0.0011390929516588099,Parent-child absolute,I2,Up $10k,Up,10000,Gradient Boosting,2
Permutation,Industry,0.0011929061658995821,Parent-child absolute,I2,Up $10k,Up,10000,Gradient Boosting,2
Permutation,Geography,-0.0010560865977383815,Parent-child absolute,I2,Up $10k,Up,10000,Gradient Boosting,2
SHAP,Income,0.3274981617049611,Parent-child absolute,I2,Up $10k,Up,10000,Gradient Boosting,2
SHAP,Wealth,0.04740648887505217,Parent-child absolute,I2,Up $10k,Up,10000,Gradient Boosting,2
SHAP,Education,0.03593799157963708,Parent-child absolute,I2,Up $10k,Up,10000,Gradient Boosting,2
SHAP,Demographics,0.23178161793262028,Parent-child absolute,I2,Up $10k,Up,10000,Gradient Boosting,2
SHAP,Family / employment,0.11881056266086193,Parent-child absolute,I2,Up $10k,Up,10000,Gradient Boosting,2
SHAP,Occupation,0.049871274380884956,Parent-child absolute,I2,Up $10k,Up,10000,Gradient Boosting,2
SHAP,Industry,0.1233605467006086,Parent-child absolute,I2,Up $10k,Up,10000,Gradient Boosting,2
SHAP,Geography,0.0653333561653738,Parent-child absolute,I2,Up $10k,Up,10000,Gradient Boosting,2
Impurity,Income,0.48811688381176666,Parent-child absolute,I2,Up $10k,Up,10000,Gradient Boosting,3
Impurity,Wealth,0.044094699774513205,Parent-child absolute,I2,Up $10k,Up,10000,Gradient Boosting,3
Impurity,Education,0.031364975498602864,Parent-child absolute,I2,Up $10k,Up,10000,Gradient Boosting,3
Impurity,Demographics,0.17836902544434266,Parent-child absolute,I2,Up $10k,Up,10000,Gradient Boosting,3
Impurity,Family / employment,0.0987984491788304,Parent-child absolute,I2,Up $10k,Up,10000,Gradient Boosting,3
Impurity,Occupation,0.04509245929101921,Parent-child absolute,I2,Up $10k,Up,10000,Gradient Boosting,3
Impurity,Industry,0.08074264419908611,Parent-child absolute,I2,Up $10k,Up,10000,Gradient Boosting,3
Impurity,Geography,0.0334208628018392,Parent-child absolute,I2,Up $10k,Up,10000,Gradient Boosting,3
Permutation,Income,0.17333603917333434,Parent-child absolute,I2,Up $10k,Up,10000,Gradient Boosting,3
Permutation,Wealth,0.007370524138871032,Parent-child absolute,I2,Up $10k,Up,10000,Gradient Boosting,3
Permutation,Education,0.0007840865795213314,Parent-child absolute,I2,Up $10k,Up,10000,Gradient Boosting,3
Permutation,Demographics,0.015120530440786128,Parent-child absolute,I2,Up $10k,Up,10000,Gradient Boosting,3
Permutation,Family / employment,0.008904479861106235,Parent-child absolute,I2,Up $10k,Up,10000,Gradient Boosting,3
Permutation,Occupation,-0.0007109102357488961,Parent-child absolute,I2,Up $10k,Up,10000,Gradient Boosting,3
Permutation,Industry,-0.0005292092438442253,Parent-child absolute,I2,Up $10k,Up,10000,Gradient Boosting,3
Permutation,Geography,0.0002901315361763468,Parent-child absolute,I2,Up $10k,Up,10000,Gradient Boosting,3
SHAP,Income,0.31910149630321355,Parent-child absolute,I2,Up $10k,Up,10000,Gradient Boosting,3
SHAP,Wealth,0.027649278727072537,Parent-child absolute,I2,Up $10k,Up,10000,Gradient Boosting,3
SHAP,Education,0.04379363904164563,Parent-child absolute,I2,Up $10k,Up,10000,Gradient Boosting,3
SHAP,Demographics,0.2584474048912864,Parent-child absolute,I2,Up $10k,Up,10000,Gradient Boosting,3
SHAP,Family / employment,0.11961376528442869,Parent-child absolute,I2,Up $10k,Up,10000,Gradient Boosting,3
SHAP,Occupation,0.04066082186192003,Parent-child absolute,I2,Up $10k,Up,10000,Gradient Boosting,3
SHAP,Industry,0.12305007163572693,Parent-child absolute,I2,Up $10k,Up,10000,Gradient Boosting,3
SHAP,Geography,0.06768352225470625,Parent-child absolute,I2,Up $10k,Up,10000,Gradient Boosting,3
Impurity,Income,0.4974006466829768,Parent-child absolute,I2,Up $10k,Up,10000,Gradient Boosting,4
Impurity,Wealth,0.1334736444814573,Parent-child absolute,I2,Up $10k,Up,10000,Gradient Boosting,4
Impurity,Education,0.05117949227837742,Parent-child absolute,I2,Up $10k,Up,10000,Gradient Boosting,4
Impurity,Demographics,0.17157408924551684,Parent-child absolute,I2,Up $10k,Up,10000,Gradient Boosting,4
Impurity,Family / employment,0.026021781619260748,Parent-child absolute,I2,Up $10k,Up,10000,Gradient Boosting,4
Impurity,Occupation,0.04797040428453647,Parent-child absolute,I2,Up $10k,Up,10000,Gradient Boosting,4
Impurity,Industry,0.044382692169688896,Parent-child absolute,I2,Up $10k,Up,10000,Gradient Boosting,4
Impurity,Geography,0.027997249238185556,Parent-child absolute,I2,Up $10k,Up,10000,Gradient Boosting,4
Permutation,Income,0.1740635677549999,Parent-child absolute,I2,Up $10k,Up,10000,Gradient Boosting,4
Permutation,Wealth,-0.008620961349741418,Parent-child absolute,I2,Up $10k,Up,10000,Gradient Boosting,4
Permutation,Education,0.001211594098114699,Parent-child absolute,I2,Up $10k,Up,10000,Gradient Boosting,4
Permutation,Demographics,0.030397442976706823,Parent-child absolute,I2,Up $10k,Up,10000,Gradient Boosting,4
Permutation,Family / employment,0.00044548521052247827,Parent-child absolute,I2,Up $10k,Up,10000,Gradient Boosting,4
Permutation,Occupation,-0.003689076346836945,Parent-child absolute,I2,Up $10k,Up,10000,Gradient Boosting,4
Permutation,Industry,0.00044795333452173904,Parent-child absolute,I2,Up $10k,Up,10000,Gradient Boosting,4
Permutation,Geography,0.0029097581775990033,Parent-child absolute,I2,Up $10k,Up,10000,Gradient Boosting,4
SHAP,Income,0.46857926259336447,Parent-child absolute,I2,Up $10k,Up,10000,Gradient Boosting,4
SHAP,Wealth,0.09179658754848019,Parent-child absolute,I2,Up $10k,Up,10000,Gradient Boosting,4
SHAP,Education,0.06742209758403539,Parent-child absolute,I2,Up $10k,Up,10000,Gradient Boosting,4
SHAP,Demographics,0.19746186116576162,Parent-child absolute,I2,Up $10k,Up,10000,Gradient Boosting,4
SHAP,Family / employment,0.023998120832522604,Parent-child absolute,I2,Up $10k,Up,10000,Gradient Boosting,4
SHAP,Occupation,0.044925469761289596,Parent-child absolute,I2,Up $10k,Up,10000,Gradient Boosting,4
SHAP,Industry,0.06070713284468855,Parent-child absolute,I2,Up $10k,Up,10000,Gradient Boosting,4
SHAP,Geography,0.04510946766985757,Parent-child absolute,I2,Up $10k,Up,10000,Gradient Boosting,4
Impurity,Income,0.5141868533781567,Parent-child absolute,I2,Up $10k,Up,10000,Gradient Boosting,5
Impurity,Wealth,0.11950778130848014,Parent-child absolute,I2,Up $10k,Up,10000,Gradient Boosting,5
Impurity,Education,0.04643889053219495,Parent-child absolute,I2,Up $10k,Up,10000,Gradient Boosting,5
Impurity,Demographics,0.20371596625823257,Parent-child absolute,I2,Up $10k,Up,10000,Gradient Boosting,5
Impurity,Family / employment,0.022994424922289845,Parent-child absolute,I2,Up $10k,Up,10000,Gradient Boosting,5
Impurity,Occupation,0.03562303444420935,Parent-child absolute,I2,Up $10k,Up,10000,Gradient Boosting,5
Impurity,Industry,0.030649569181250988,Parent-child absolute,I2,Up $10k,Up,10000,Gradient Boosting,5
Impurity,Geography,0.02688347997518554,Parent-child absolute,I2,Up $10k,Up,10000,Gradient Boosting,5
Permutation,Income,0.18292459982349576,Parent-child absolute,I2,Up $10k,Up,10000,Gradient Boosting,5
Permutation,Wealth,-0.007399706669831546,Parent-child absolute,I2,Up $10k,Up,10000,Gradient Boosting,5
Permutation,Education,0.0036445070860618876,Parent-child absolute,I2,Up $10k,Up,10000,Gradient Boosting,5
Permutation,Demographics,0.0314074059543324,Parent-child absolute,I2,Up $10k,Up,10000,Gradient Boosting,5
Permutation,Family / employment,-0.0012482106592051068,Parent-child absolute,I2,Up $10k,Up,10000,Gradient Boosting,5
Permutation,Occupation,0.0008031831102754683,Parent-child absolute,I2,Up $10k,Up,10000,Gradient Boosting,5
Permutation,Industry,0.003181281699132776,Parent-child absolute,I2,Up $10k,Up,10000,Gradient Boosting,5
Permutation,Geography,0.00047405736213291806,Parent-child absolute,I2,Up $10k,Up,10000,Gradient Boosting,5
SHAP,Income,0.4627023913530154,Parent-child absolute,I2,Up $10k,Up,10000,Gradient Boosting,5
SHAP,Wealth,0.08728458261294154,Parent-child absolute,I2,Up $10k,Up,10000,Gradient Boosting,5
SHAP,Education,0.07743916770574538,Parent-child absolute,I2,Up $10k,Up,10000,Gradient Boosting,5
SHAP,Demographics,0.19634097083072127,Parent-child absolute,I2,Up $10k,Up,10000,Gradient Boosting,5
SHAP,Family / employment,0.03669990609486047,Parent-child absolute,I2,Up $10k,Up,10000,Gradient Boosting,5
SHAP,Occupation,0.038578374363214686,Parent-child absolute,I2,Up $10k,Up,10000,Gradient Boosting,5
SHAP,Industry,0.06164236874315311,Parent-child absolute,I2,Up $10k,Up,10000,Gradient Boosting,5
SHAP,Geography,0.03931223829634808,Parent-child absolute,I2,Up $10k,Up,10000,Gradient Boosting,5
Impurity,Income,0.35082540883189534,Parent-child absolute,I3,Up $15k,Up,15000,Random Forest,1
Impurity,Wealth,0.16801034976059237,Parent-child absolute,I3,Up $15k,Up,15000,Random Forest,1
Impurity,Education,0.05977138158877285,Parent-child absolute,I3,Up $15k,Up,15000,Random Forest,1
Impurity,Demographics,0.21434378952971445,Parent-child absolute,I3,Up $15k,Up,15000,Random Forest,1
Impurity,Family / employment,0.04204172646011771,Parent-child absolute,I3,Up $15k,Up,15000,Random Forest,1
Impurity,Occupation,0.0490506312264541,Parent-child absolute,I3,Up $15k,Up,15000,Random Forest,1
Impurity,Industry,0.057735566805444075,Parent-child absolute,I3,Up $15k,Up,15000,Random Forest,1
Impurity,Geography,0.05822114579700912,Parent-child absolute,I3,Up $15k,Up,15000,Random Forest,1
Permutation,Income,0.208879911521149,Parent-child absolute,I3,Up $15k,Up,15000,Random Forest,1
Permutation,Wealth,-0.005631493035011198,Parent-child absolute,I3,Up $15k,Up,15000,Random Forest,1
Permutation,Education,-0.0016186139861228577,Parent-child absolute,I3,Up $15k,Up,15000,Random Forest,1
Permutation,Demographics,0.016780691603496427,Parent-child absolute,I3,Up $15k,Up,15000,Random Forest,1
Permutation,Family / employment,0.000583594653953201,Parent-child absolute,I3,Up $15k,Up,15000,Random Forest,1
Permutation,Occupation,0.0030970020985841952,Parent-child absolute,I3,Up $15k,Up,15000,Random Forest,1
Permutation,Industry,-0.008379201797255532,Parent-child absolute,I3,Up $15k,Up,15000,Random Forest,1
Permutation,Geography,-4.574949071972645e-05,Parent-child absolute,I3,Up $15k,Up,15000,Random Forest,1
SHAP,Income,0.3434775756093939,Parent-child absolute,I3,Up $15k,Up,15000,Random Forest,1
SHAP,Wealth,0.08377320977740552,Parent-child absolute,I3,Up $15k,Up,15000,Random Forest,1
SHAP,Education,0.06007740950905963,Parent-child absolute,I3,Up $15k,Up,15000,Random Forest,1
SHAP,Demographics,0.2399838187079018,Parent-child absolute,I3,Up $15k,Up,15000,Random Forest,1
SHAP,Family / employment,0.10470096784237451,Parent-child absolute,I3,Up $15k,Up,15000,Random Forest,1
SHAP,Occupation,0.0302998777526201,Parent-child absolute,I3,Up $15k,Up,15000,Random Forest,1
SHAP,Industry,0.08279198945984494,Parent-child absolute,I3,Up $15k,Up,15000,Random Forest,1
SHAP,Geography,0.054895151341399814,Parent-child absolute,I3,Up $15k,Up,15000,Random Forest,1
Impurity,Income,0.34110227789177383,Parent-child absolute,I3,Up $15k,Up,15000,Random Forest,2
Impurity,Wealth,0.09926170176940816,Parent-child absolute,I3,Up $15k,Up,15000,Random Forest,2
Impurity,Education,0.05151042022955727,Parent-child absolute,I3,Up $15k,Up,15000,Random Forest,2
Impurity,Demographics,0.17930721668466504,Parent-child absolute,I3,Up $15k,Up,15000,Random Forest,2
Impurity,Family / employment,0.11093678814753213,Parent-child absolute,I3,Up $15k,Up,15000,Random Forest,2
Impurity,Occupation,0.0840978803297489,Parent-child absolute,I3,Up $15k,Up,15000,Random Forest,2
Impurity,Industry,0.07806314810718472,Parent-child absolute,I3,Up $15k,Up,15000,Random Forest,2
Impurity,Geography,0.05572056684012969,Parent-child absolute,I3,Up $15k,Up,15000,Random Forest,2
Permutation,Income,0.10696930867016045,Parent-child absolute,I3,Up $15k,Up,15000,Random Forest,2
Permutation,Wealth,0.0013532315226689573,Parent-child absolute,I3,Up $15k,Up,15000,Random Forest,2
Permutation,Education,0.0012335785893228756,Parent-child absolute,I3,Up $15k,Up,15000,Random Forest,2
Permutation,Demographics,0.039160383882525567,Parent-child absolute,I3,Up $15k,Up,15000,Random Forest,2
Permutation,Family / employment,0.004033225981352262,Parent-child absolute,I3,Up $15k,Up,15000,Random Forest,2
Permutation,Occupation,0.006232561083025262,Parent-child absolute,I3,Up $15k,Up,15000,Random Forest,2
Permutation,Industry,0.010879668307984463,Parent-child absolute,I3,Up $15k,Up,15000,Random Forest,2
Permutation,Geography,-0.006513456007556923,Parent-child absolute,I3,Up $15k,Up,15000,Random Forest,2
SHAP,Income,0.320982849448945,Parent-child absolute,I3,Up $15k,Up,15000,Random Forest,2
SHAP,Wealth,0.04668696390899576,Parent-child absolute,I3,Up $15k,Up,15000,Random Forest,2
SHAP,Education,0.03245480247698661,Parent-child absolute,I3,Up $15k,Up,15000,Random Forest,2
SHAP,Demographics,0.21171014884085965,Parent-child absolute,I3,Up $15k,Up,15000,Random Forest,2
SHAP,Family / employment,0.17139533677816218,Parent-child absolute,I3,Up $15k,Up,15000,Random Forest,2
SHAP,Occupation,0.05872703652893539,Parent-child absolute,I3,Up $15k,Up,15000,Random Forest,2
SHAP,Industry,0.09844843251826288,Parent-child absolute,I3,Up $15k,Up,15000,Random Forest,2
SHAP,Geography,0.059594429498852464,Parent-child absolute,I3,Up $15k,Up,15000,Random Forest,2
Impurity,Income,0.365538359023356,Parent-child absolute,I3,Up $15k,Up,15000,Random Forest,3
Impurity,Wealth,0.16748201675231614,Parent-child absolute,I3,Up $15k,Up,15000,Random Forest,3
Impurity,Education,0.059424152587103464,Parent-child absolute,I3,Up $15k,Up,15000,Random Forest,3
Impurity,Demographics,0.2238902002814481,Parent-child absolute,I3,Up $15k,Up,15000,Random Forest,3
Impurity,Family / employment,0.03802451767299665,Parent-child absolute,I3,Up $15k,Up,15000,Random Forest,3
Impurity,Occupation,0.05127683973860286,Parent-child absolute,I3,Up $15k,Up,15000,Random Forest,3
Impurity,Industry,0.04490085735343807,Parent-child absolute,I3,Up $15k,Up,15000,Random Forest,3
Impurity,Geography,0.04946305659073871,Parent-child absolute,I3,Up $15k,Up,15000,Random Forest,3
Permutation,Income,0.15358700549162901,Parent-child absolute,I3,Up $15k,Up,15000,Random Forest,3
Permutation,Wealth,-0.0037182392704701362,Parent-child absolute,I3,Up $15k,Up,15000,Random Forest,3
Permutation,Education,0.007892059350335356,Parent-child absolute,I3,Up $15k,Up,15000,Random Forest,3
Permutation,Demographics,0.03454882348609024,Parent-child absolute,I3,Up $15k,Up,15000,Random Forest,3
Permutation,Family / employment,0.0006172957118251055,Parent-child absolute,I3,Up $15k,Up,15000,Random Forest,3
Permutation,Occupation,0.0051586333607165245,Parent-child absolute,I3,Up $15k,Up,15000,Random Forest,3
Permutation,Industry,-0.0002884281782239817,Parent-child absolute,I3,Up $15k,Up,15000,Random Forest,3
Permutation,Geography,-0.005072977689021152,Parent-child absolute,I3,Up $15k,Up,15000,Random Forest,3
SHAP,Income,0.36516529470958264,Parent-child absolute,I3,Up $15k,Up,15000,Random Forest,3
SHAP,Wealth,0.09786904074069865,Parent-child absolute,I3,Up $15k,Up,15000,Random Forest,3
SHAP,Education,0.060270571551723134,Parent-child absolute,I3,Up $15k,Up,15000,Random Forest,3
SHAP,Demographics,0.25888034555673256,Parent-child absolute,I3,Up $15k,Up,15000,Random Forest,3
SHAP,Family / employment,0.07637618199390844,Parent-child absolute,I3,Up $15k,Up,15000,Random Forest,3
SHAP,Occupation,0.04137883821342075,Parent-child absolute,I3,Up $15k,Up,15000,Random Forest,3
SHAP,Industry,0.05864809535004461,Parent-child absolute,I3,Up $15k,Up,15000,Random Forest,3
SHAP,Geography,0.04141163188388915,Parent-child absolute,I3,Up $15k,Up,15000,Random Forest,3
Impurity,Income,0.2776816883775313,Parent-child absolute,I3,Up $15k,Up,15000,Random Forest,4
Impurity,Wealth,0.14280026933706733,Parent-child absolute,I3,Up $15k,Up,15000,Random Forest,4
Impurity,Education,0.07053993394723394,Parent-child absolute,I3,Up $15k,Up,15000,Random Forest,4
Impurity,Demographics,0.19298941147547152,Parent-child absolute,I3,Up $15k,Up,15000,Random Forest,4
Impurity,Family / employment,0.06039943763939489,Parent-child absolute,I3,Up $15k,Up,15000,Random Forest,4
Impurity,Occupation,0.09381518210398469,Parent-child absolute,I3,Up $15k,Up,15000,Random Forest,4
Impurity,Industry,0.09341738931313748,Parent-child absolute,I3,Up $15k,Up,15000,Random Forest,4
Impurity,Geography,0.0683566878061786,Parent-child absolute,I3,Up $15k,Up,15000,Random Forest,4
Permutation,Income,0.12327568776896661,Parent-child absolute,I3,Up $15k,Up,15000,Random Forest,4
Permutation,Wealth,-0.004598877339332447,Parent-child absolute,I3,Up $15k,Up,15000,Random Forest,4
Permutation,Education,-0.0030259403292078766,Parent-child absolute,I3,Up $15k,Up,15000,Random Forest,4
Permutation,Demographics,0.01773335562764074,Parent-child absolute,I3,Up $15k,Up,15000,Random Forest,4
Permutation,Family / employment,0.002598404892583522,Parent-child absolute,I3,Up $15k,Up,15000,Random Forest,4
Permutation,Occupation,-0.0009546754937817481,Parent-child absolute,I3,Up $15k,Up,15000,Random Forest,4
Permutation,Industry,-0.010793293575164814,Parent-child absolute,I3,Up $15k,Up,15000,Random Forest,4
Permutation,Geography,-0.005217529818711241,Parent-child absolute,I3,Up $15k,Up,15000,Random Forest,4
SHAP,Income,0.2680948010778181,Parent-child absolute,I3,Up $15k,Up,15000,Random Forest,4
SHAP,Wealth,0.0656870552441796,Parent-child absolute,I3,Up $15k,Up,15000,Random Forest,4
SHAP,Education,0.07094452296115555,Parent-child absolute,I3,Up $15k,Up,15000,Random Forest,4
SHAP,Demographics,0.2116433820192442,Parent-child absolute,I3,Up $15k,Up,15000,Random Forest,4
SHAP,Family / employment,0.14458297554740912,Parent-child absolute,I3,Up $15k,Up,15000,Random Forest,4
SHAP,Occupation,0.07078159981501135,Parent-child absolute,I3,Up $15k,Up,15000,Random Forest,4
SHAP,Industry,0.11496203968759358,Parent-child absolute,I3,Up $15k,Up,15000,Random Forest,4
SHAP,Geography,0.053303623647588755,Parent-child absolute,I3,Up $15k,Up,15000,Random Forest,4
Impurity,Income,0.36881103042632607,Parent-child absolute,I3,Up $15k,Up,15000,Random Forest,5
Impurity,Wealth,0.15766869997220007,Parent-child absolute,I3,Up $15k,Up,15000,Random Forest,5
Impurity,Education,0.05801786535378687,Parent-child absolute,I3,Up $15k,Up,15000,Random Forest,5
Impurity,Demographics,0.21284000958701588,Parent-child absolute,I3,Up $15k,Up,15000,Random Forest,5
Impurity,Family / employment,0.03941784172276804,Parent-child absolute,I3,Up $15k,Up,15000,Random Forest,5
Impurity,Occupation,0.04910236249642125,Parent-child absolute,I3,Up $15k,Up,15000,Random Forest,5
Impurity,Industry,0.05119856925600466,Parent-child absolute,I3,Up $15k,Up,15000,Random Forest,5
Impurity,Geography,0.06294362118547732,Parent-child absolute,I3,Up $15k,Up,15000,Random Forest,5
Permutation,Income,0.1575307191190199,Parent-child absolute,I3,Up $15k,Up,15000,Random Forest,5
Permutation,Wealth,0.014988638332000398,Parent-child absolute,I3,Up $15k,Up,15000,Random Forest,5
Permutation,Education,-0.007004640459050032,Parent-child absolute,I3,Up $15k,Up,15000,Random Forest,5
Permutation,Demographics,0.02426621212463994,Parent-child absolute,I3,Up $15k,Up,15000,Random Forest,5
Permutation,Family / employment,-0.004058315681192743,Parent-child absolute,I3,Up $15k,Up,15000,Random Forest,5
Permutation,Occupation,0.0027716582341292704,Parent-child absolute,I3,Up $15k,Up,15000,Random Forest,5
Permutation,Industry,-0.002475610978484122,Parent-child absolute,I3,Up $15k,Up,15000,Random Forest,5
Permutation,Geography,-0.0021022862473691452,Parent-child absolute,I3,Up $15k,Up,15000,Random Forest,5
SHAP,Income,0.3825193308828211,Parent-child absolute,I3,Up $15k,Up,15000,Random Forest,5
SHAP,Wealth,0.07690307542945424,Parent-child absolute,I3,Up $15k,Up,15000,Random Forest,5
SHAP,Education,0.07387217567502921,Parent-child absolute,I3,Up $15k,Up,15000,Random Forest,5
SHAP,Demographics,0.22457160831595502,Parent-child absolute,I3,Up $15k,Up,15000,Random Forest,5
SHAP,Family / employment,0.07229953442791925,Parent-child absolute,I3,Up $15k,Up,15000,Random Forest,5
SHAP,Occupation,0.045726529874972645,Parent-child absolute,I3,Up $15k,Up,15000,Random Forest,5
SHAP,Industry,0.06495680116350379,Parent-child absolute,I3,Up $15k,Up,15000,Random Forest,5
SHAP,Geography,0.05915094423034486,Parent-child absolute,I3,Up $15k,Up,15000,Random Forest,5
Impurity,Income,0.4280388547903133,Parent-child absolute,I3,Up $15k,Up,15000,Gradient Boosting,1
Impurity,Wealth,0.1470400155386049,Parent-child absolute,I3,Up $15k,Up,15000,Gradient Boosting,1
Impurity,Education,0.04956251520932354,Parent-child absolute,I3,Up $15k,Up,15000,Gradient Boosting,1
Impurity,Demographics,0.2175827102487033,Parent-child absolute,I3,Up $15k,Up,15000,Gradient Boosting,1
Impurity,Family / employment,0.03234817083083752,Parent-child absolute,I3,Up $15k,Up,15000,Gradient Boosting,1
Impurity,Occupation,0.0339487014232462,Parent-child absolute,I3,Up $15k,Up,15000,Gradient Boosting,1
Impurity,Industry,0.057940689497162245,Parent-child absolute,I3,Up $15k,Up,15000,Gradient Boosting,1
Impurity,Geography,0.03353834246180913,Parent-child absolute,I3,Up $15k,Up,15000,Gradient Boosting,1
Permutation,Income,0.22459536564393048,Parent-child absolute,I3,Up $15k,Up,15000,Gradient Boosting,1
Permutation,Wealth,0.005547232229864052,Parent-child absolute,I3,Up $15k,Up,15000,Gradient Boosting,1
Permutation,Education,0.0031360422668562427,Parent-child absolute,I3,Up $15k,Up,15000,Gradient Boosting,1
Permutation,Demographics,0.03559988139188797,Parent-child absolute,I3,Up $15k,Up,15000,Gradient Boosting,1
Permutation,Family / employment,0.013930684730430815,Parent-child absolute,I3,Up $15k,Up,15000,Gradient Boosting,1
Permutation,Occupation,0.004621149875746367,Parent-child absolute,I3,Up $15k,Up,15000,Gradient Boosting,1
Permutation,Industry,-0.007472002342193434,Parent-child absolute,I3,Up $15k,Up,15000,Gradient Boosting,1
Permutation,Geography,-0.004796886312145388,Parent-child absolute,I3,Up $15k,Up,15000,Gradient Boosting,1
SHAP,Income,0.35130005602731423,Parent-child absolute,I3,Up $15k,Up,15000,Gradient Boosting,1
SHAP,Wealth,0.07733695596474292,Parent-child absolute,I3,Up $15k,Up,15000,Gradient Boosting,1
SHAP,Education,0.07959485224544774,Parent-child absolute,I3,Up $15k,Up,15000,Gradient Boosting,1
SHAP,Demographics,0.23797543343470726,Parent-child absolute,I3,Up $15k,Up,15000,Gradient Boosting,1
SHAP,Family / employment,0.06306706119240497,Parent-child absolute,I3,Up $15k,Up,15000,Gradient Boosting,1
SHAP,Occupation,0.02209747448246187,Parent-child absolute,I3,Up $15k,Up,15000,Gradient Boosting,1
SHAP,Industry,0.10953487268466701,Parent-child absolute,I3,Up $15k,Up,15000,Gradient Boosting,1
SHAP,Geography,0.05909329396825393,Parent-child absolute,I3,Up $15k,Up,15000,Gradient Boosting,1
Impurity,Income,0.324936178422956,Parent-child absolute,I3,Up $15k,Up,15000,Gradient Boosting,2
Impurity,Wealth,0.1120408888098997,Parent-child absolute,I3,Up $15k,Up,15000,Gradient Boosting,2
Impurity,Education,0.054333167616486946,Parent-child absolute,I3,Up $15k,Up,15000,Gradient Boosting,2
Impurity,Demographics,0.17698046901343484,Parent-child absolute,I3,Up $15k,Up,15000,Gradient Boosting,2
Impurity,Family / employment,0.10807143926489038,Parent-child absolute,I3,Up $15k,Up,15000,Gradient Boosting,2
Impurity,Occupation,0.08532976647197497,Parent-child absolute,I3,Up $15k,Up,15000,Gradient Boosting,2
Impurity,Industry,0.06691437829919752,Parent-child absolute,I3,Up $15k,Up,15000,Gradient Boosting,2
Impurity,Geography,0.07139371210115952,Parent-child absolute,I3,Up $15k,Up,15000,Gradient Boosting,2
Permutation,Income,0.12816018166429705,Parent-child absolute,I3,Up $15k,Up,15000,Gradient Boosting,2
Permutation,Wealth,0.00337002451900788,Parent-child absolute,I3,Up $15k,Up,15000,Gradient Boosting,2
Permutation,Education,0.004149790912822615,Parent-child absolute,I3,Up $15k,Up,15000,Gradient Boosting,2
Permutation,Demographics,0.05621338489613888,Parent-child absolute,I3,Up $15k,Up,15000,Gradient Boosting,2
Permutation,Family / employment,0.004851987472972908,Parent-child absolute,I3,Up $15k,Up,15000,Gradient Boosting,2
Permutation,Occupation,0.012563850877117994,Parent-child absolute,I3,Up $15k,Up,15000,Gradient Boosting,2
Permutation,Industry,0.011690641111039518,Parent-child absolute,I3,Up $15k,Up,15000,Gradient Boosting,2
Permutation,Geography,-0.004725646584520587,Parent-child absolute,I3,Up $15k,Up,15000,Gradient Boosting,2
SHAP,Income,0.2601275842234749,Parent-child absolute,I3,Up $15k,Up,15000,Gradient Boosting,2
SHAP,Wealth,0.060721137246917106,Parent-child absolute,I3,Up $15k,Up,15000,Gradient Boosting,2
SHAP,Education,0.047456843221246534,Parent-child absolute,I3,Up $15k,Up,15000,Gradient Boosting,2
SHAP,Demographics,0.1990179597459545,Parent-child absolute,I3,Up $15k,Up,15000,Gradient Boosting,2
SHAP,Family / employment,0.11981711791688418,Parent-child absolute,I3,Up $15k,Up,15000,Gradient Boosting,2
SHAP,Occupation,0.09934104897408709,Parent-child absolute,I3,Up $15k,Up,15000,Gradient Boosting,2
SHAP,Industry,0.12562941781093875,Parent-child absolute,I3,Up $15k,Up,15000,Gradient Boosting,2
SHAP,Geography,0.08788889086049696,Parent-child absolute,I3,Up $15k,Up,15000,Gradient Boosting,2
Impurity,Income,0.35600043697920464,Parent-child absolute,I3,Up $15k,Up,15000,Gradient Boosting,3
Impurity,Wealth,0.09598572444369352,Parent-child absolute,I3,Up $15k,Up,15000,Gradient Boosting,3
Impurity,Education,0.04938702286917977,Parent-child absolute,I3,Up $15k,Up,15000,Gradient Boosting,3
Impurity,Demographics,0.21196314049476747,Parent-child absolute,I3,Up $15k,Up,15000,Gradient Boosting,3
Impurity,Family / employment,0.08226809537827175,Parent-child absolute,I3,Up $15k,Up,15000,Gradient Boosting,3
Impurity,Occupation,0.08336485093806965,Parent-child absolute,I3,Up $15k,Up,15000,Gradient Boosting,3
Impurity,Industry,0.08517991578450995,Parent-child absolute,I3,Up $15k,Up,15000,Gradient Boosting,3
Impurity,Geography,0.03585081311230344,Parent-child absolute,I3,Up $15k,Up,15000,Gradient Boosting,3
Permutation,Income,0.12776047193403664,Parent-child absolute,I3,Up $15k,Up,15000,Gradient Boosting,3
Permutation,Wealth,0.008487651419855824,Parent-child absolute,I3,Up $15k,Up,15000,Gradient Boosting,3
Permutation,Education,-0.003775300407588017,Parent-child absolute,I3,Up $15k,Up,15000,Gradient Boosting,3
Permutation,Demographics,0.01689706655074418,Parent-child absolute,I3,Up $15k,Up,15000,Gradient Boosting,3
Permutation,Family / employment,0.008627209405471186,Parent-child absolute,I3,Up $15k,Up,15000,Gradient Boosting,3
Permutation,Occupation,-0.005990343261485337,Parent-child absolute,I3,Up $15k,Up,15000,Gradient Boosting,3
Permutation,Industry,-0.004059977146456917,Parent-child absolute,I3,Up $15k,Up,15000,Gradient Boosting,3
Permutation,Geography,0.00372682459341267,Parent-child absolute,I3,Up $15k,Up,15000,Gradient Boosting,3
SHAP,Income,0.26448815027734873,Parent-child absolute,I3,Up $15k,Up,15000,Gradient Boosting,3
SHAP,Wealth,0.06683525358492963,Parent-child absolute,I3,Up $15k,Up,15000,Gradient Boosting,3
SHAP,Education,0.06363237376475309,Parent-child absolute,I3,Up $15k,Up,15000,Gradient Boosting,3
SHAP,Demographics,0.2438221899823114,Parent-child absolute,I3,Up $15k,Up,15000,Gradient Boosting,3
SHAP,Family / employment,0.09613852206530225,Parent-child absolute,I3,Up $15k,Up,15000,Gradient Boosting,3
SHAP,Occupation,0.07687906473914778,Parent-child absolute,I3,Up $15k,Up,15000,Gradient Boosting,3
SHAP,Industry,0.12623890866861598,Parent-child absolute,I3,Up $15k,Up,15000,Gradient Boosting,3
SHAP,Geography,0.06196553691759079,Parent-child absolute,I3,Up $15k,Up,15000,Gradient Boosting,3
Impurity,Income,0.49831448904346454,Parent-child absolute,I3,Up $15k,Up,15000,Gradient Boosting,4
Impurity,Wealth,0.06634574321531078,Parent-child absolute,I3,Up $15k,Up,15000,Gradient Boosting,4
Impurity,Education,0.03388279598264762,Parent-child absolute,I3,Up $15k,Up,15000,Gradient Boosting,4
Impurity,Demographics,0.18616245614633822,Parent-child absolute,I3,Up $15k,Up,15000,Gradient Boosting,4
Impurity,Family / employment,0.08317722980823818,Parent-child absolute,I3,Up $15k,Up,15000,Gradient Boosting,4
Impurity,Occupation,0.03876053822657187,Parent-child absolute,I3,Up $15k,Up,15000,Gradient Boosting,4
Impurity,Industry,0.0714562840818986,Parent-child absolute,I3,Up $15k,Up,15000,Gradient Boosting,4
Impurity,Geography,0.02190046349553014,Parent-child absolute,I3,Up $15k,Up,15000,Gradient Boosting,4
Permutation,Income,0.13201157590704432,Parent-child absolute,I3,Up $15k,Up,15000,Gradient Boosting,4
Permutation,Wealth,0.0003048271306290429,Parent-child absolute,I3,Up $15k,Up,15000,Gradient Boosting,4
Permutation,Education,-0.0013145669166704566,Parent-child absolute,I3,Up $15k,Up,15000,Gradient Boosting,4
Permutation,Demographics,0.027699103902097226,Parent-child absolute,I3,Up $15k,Up,15000,Gradient Boosting,4
Permutation,Family / employment,0.006520050889688917,Parent-child absolute,I3,Up $15k,Up,15000,Gradient Boosting,4
Permutation,Occupation,0.0019070509160431736,Parent-child absolute,I3,Up $15k,Up,15000,Gradient Boosting,4
Permutation,Industry,-0.0036444187232382574,Parent-child absolute,I3,Up $15k,Up,15000,Gradient Boosting,4
Permutation,Geography,0.0031940659059643385,Parent-child absolute,I3,Up $15k,Up,15000,Gradient Boosting,4
SHAP,Income,0.3115368733239578,Parent-child absolute,I3,Up $15k,Up,15000,Gradient Boosting,4
SHAP,Wealth,0.05036835798009401,Parent-child absolute,I3,Up $15k,Up,15000,Gradient Boosting,4
SHAP,Education,0.07411933323169502,Parent-child absolute,I3,Up $15k,Up,15000,Gradient Boosting,4
SHAP,Demographics,0.21232583030155708,Parent-child absolute,I3,Up $15k,Up,15000,Gradient Boosting,4
SHAP,Family / employment,0.13040996479294759,Parent-child absolute,I3,Up $15k,Up,15000,Gradient Boosting,4
SHAP,Occupation,0.03976269405590788,Parent-child absolute,I3,Up $15k,Up,15000,Gradient Boosting,4
SHAP,Industry,0.1190041594772148,Parent-child absolute,I3,Up $15k,Up,15000,Gradient Boosting,4
SHAP,Geography,0.06247278683662591,Parent-child absolute,I3,Up $15k,Up,15000,Gradient Boosting,4
Impurity,Income,0.3800647542873277,Parent-child absolute,I3,Up $15k,Up,15000,Gradient Boosting,5
Impurity,Wealth,0.09428840437555609,Parent-child absolute,I3,Up $15k,Up,15000,Gradient Boosting,5
Impurity,Education,0.05292748084226226,Parent-child absolute,I3,Up $15k,Up,15000,Gradient Boosting,5
Impurity,Demographics,0.19639609946723866,Parent-child absolute,I3,Up $15k,Up,15000,Gradient Boosting,5
Impurity,Family / employment,0.07292243327817556,Parent-child absolute,I3,Up $15k,Up,15000,Gradient Boosting,5
Impurity,Occupation,0.07280300108888839,Parent-child absolute,I3,Up $15k,Up,15000,Gradient Boosting,5
Impurity,Industry,0.08026435315422156,Parent-child absolute,I3,Up $15k,Up,15000,Gradient Boosting,5
Impurity,Geography,0.05033347350632961,Parent-child absolute,I3,Up $15k,Up,15000,Gradient Boosting,5
Permutation,Income,0.15670659391301528,Parent-child absolute,I3,Up $15k,Up,15000,Gradient Boosting,5
Permutation,Wealth,0.0001705180834773501,Parent-child absolute,I3,Up $15k,Up,15000,Gradient Boosting,5
Permutation,Education,0.009215092059953394,Parent-child absolute,I3,Up $15k,Up,15000,Gradient Boosting,5
Permutation,Demographics,0.02762761194935357,Parent-child absolute,I3,Up $15k,Up,15000,Gradient Boosting,5
Permutation,Family / employment,-0.007901737031022416,Parent-child absolute,I3,Up $15k,Up,15000,Gradient Boosting,5
Permutation,Occupation,-0.005576440882062256,Parent-child absolute,I3,Up $15k,Up,15000,Gradient Boosting,5
Permutation,Industry,-0.00842521013678127,Parent-child absolute,I3,Up $15k,Up,15000,Gradient Boosting,5
Permutation,Geography,0.003171858522029047,Parent-child absolute,I3,Up $15k,Up,15000,Gradient Boosting,5
SHAP,Income,0.3020759525697776,Parent-child absolute,I3,Up $15k,Up,15000,Gradient Boosting,5
SHAP,Wealth,0.051475774032622955,Parent-child absolute,I3,Up $15k,Up,15000,Gradient Boosting,5
SHAP,Education,0.09208236851944776,Parent-child absolute,I3,Up $15k,Up,15000,Gradient Boosting,5
SHAP,Demographics,0.21511048344707434,Parent-child absolute,I3,Up $15k,Up,15000,Gradient Boosting,5
SHAP,Family / employment,0.08231075002599483,Parent-child absolute,I3,Up $15k,Up,15000,Gradient Boosting,5
SHAP,Occupation,0.06946075569354454,Parent-child absolute,I3,Up $15k,Up,15000,Gradient Boosting,5
SHAP,Industry,0.11801793044226865,Parent-child absolute,I3,Up $15k,Up,15000,Gradient Boosting,5
SHAP,Geography,0.06946598526926948,Parent-child absolute,I3,Up $15k,Up,15000,Gradient Boosting,5
Impurity,Income,0.3495707667277114,Parent-child absolute,I4,Up $20k,Up,20000,Random Forest,1
Impurity,Wealth,0.15792261003152788,Parent-child absolute,I4,Up $20k,Up,20000,Random Forest,1
Impurity,Education,0.06679450095678731,Parent-child absolute,I4,Up $20k,Up,20000,Random Forest,1
Impurity,Demographics,0.22033686803165234,Parent-child absolute,I4,Up $20k,Up,20000,Random Forest,1
Impurity,Family / employment,0.03598989834673193,Parent-child absolute,I4,Up $20k,Up,20000,Random Forest,1
Impurity,Occupation,0.05353264499366566,Parent-child absolute,I4,Up $20k,Up,20000,Random Forest,1
Impurity,Industry,0.04624161506522496,Parent-child absolute,I4,Up $20k,Up,20000,Random Forest,1
Impurity,Geography,0.06961109584669849,Parent-child absolute,I4,Up $20k,Up,20000,Random Forest,1
Permutation,Income,0.13745468833594077,Parent-child absolute,I4,Up $20k,Up,20000,Random Forest,1
Permutation,Wealth,0.011467407783955552,Parent-child absolute,I4,Up $20k,Up,20000,Random Forest,1
Permutation,Education,0.022403356826713988,Parent-child absolute,I4,Up $20k,Up,20000,Random Forest,1
Permutation,Demographics,0.08670567880689198,Parent-child absolute,I4,Up $20k,Up,20000,Random Forest,1
Permutation,Family / employment,0.0037655803830466796,Parent-child absolute,I4,Up $20k,Up,20000,Random Forest,1
Permutation,Occupation,0.0033495189913386736,Parent-child absolute,I4,Up $20k,Up,20000,Random Forest,1
Permutation,Industry,0.009752066455136228,Parent-child absolute,I4,Up $20k,Up,20000,Random Forest,1
Permutation,Geography,0.01332674287696522,Parent-child absolute,I4,Up $20k,Up,20000,Random Forest,1
SHAP,Income,0.36760895883627753,Parent-child absolute,I4,Up $20k,Up,20000,Random Forest,1
SHAP,Wealth,0.05565484896500516,Parent-child absolute,I4,Up $20k,Up,20000,Random Forest,1
SHAP,Education,0.09662687826106521,Parent-child absolute,I4,Up $20k,Up,20000,Random Forest,1
SHAP,Demographics,0.22208805037563434,Parent-child absolute,I4,Up $20k,Up,20000,Random Forest,1
SHAP,Family / employment,0.07134772279748898,Parent-child absolute,I4,Up $20k,Up,20000,Random Forest,1
SHAP,Occupation,0.044274716435249085,Parent-child absolute,I4,Up $20k,Up,20000,Random Forest,1
SHAP,Industry,0.06041195379620727,Parent-child absolute,I4,Up $20k,Up,20000,Random Forest,1
SHAP,Geography,0.08198687053307259,Parent-child absolute,I4,Up $20k,Up,20000,Random Forest,1
Impurity,Income,0.3630480769798973,Parent-child absolute,I4,Up $20k,Up,20000,Random Forest,2
Impurity,Wealth,0.17542441077298765,Parent-child absolute,I4,Up $20k,Up,20000,Random Forest,2
Impurity,Education,0.06077545711988932,Parent-child absolute,I4,Up $20k,Up,20000,Random Forest,2
Impurity,Demographics,0.20925357757575053,Parent-child absolute,I4,Up $20k,Up,20000,Random Forest,2
Impurity,Family / employment,0.030624406111066295,Parent-child absolute,I4,Up $20k,Up,20000,Random Forest,2
Impurity,Occupation,0.04472906138550189,Parent-child absolute,I4,Up $20k,Up,20000,Random Forest,2
Impurity,Industry,0.04859269081160993,Parent-child absolute,I4,Up $20k,Up,20000,Random Forest,2
Impurity,Geography,0.06755231924329712,Parent-child absolute,I4,Up $20k,Up,20000,Random Forest,2
Permutation,Income,0.1459958861244635,Parent-child absolute,I4,Up $20k,Up,20000,Random Forest,2
Permutation,Wealth,0.020702165292516977,Parent-child absolute,I4,Up $20k,Up,20000,Random Forest,2
Permutation,Education,0.004062723631635667,Parent-child absolute,I4,Up $20k,Up,20000,Random Forest,2
Permutation,Demographics,0.04948080650223595,Parent-child absolute,I4,Up $20k,Up,20000,Random Forest,2
Permutation,Family / employment,0.0006745002094946662,Parent-child absolute,I4,Up $20k,Up,20000,Random Forest,2
Permutation,Occupation,0.001521359810424272,Parent-child absolute,I4,Up $20k,Up,20000,Random Forest,2
Permutation,Industry,-0.0005437120973744547,Parent-child absolute,I4,Up $20k,Up,20000,Random Forest,2
Permutation,Geography,0.007950643283555903,Parent-child absolute,I4,Up $20k,Up,20000,Random Forest,2
SHAP,Income,0.34894596813107315,Parent-child absolute,I4,Up $20k,Up,20000,Random Forest,2
SHAP,Wealth,0.10615308818014878,Parent-child absolute,I4,Up $20k,Up,20000,Random Forest,2
SHAP,Education,0.07490972202626804,Parent-child absolute,I4,Up $20k,Up,20000,Random Forest,2
SHAP,Demographics,0.23347113263096497,Parent-child absolute,I4,Up $20k,Up,20000,Random Forest,2
SHAP,Family / employment,0.05382255320395328,Parent-child absolute,I4,Up $20k,Up,20000,Random Forest,2
SHAP,Occupation,0.03526885185312215,Parent-child absolute,I4,Up $20k,Up,20000,Random Forest,2
SHAP,Industry,0.06219880144801112,Parent-child absolute,I4,Up $20k,Up,20000,Random Forest,2
SHAP,Geography,0.08522988252645837,Parent-child absolute,I4,Up $20k,Up,20000,Random Forest,2
Impurity,Income,0.3466009459511878,Parent-child absolute,I4,Up $20k,Up,20000,Random Forest,3
Impurity,Wealth,0.16169535824214554,Parent-child absolute,I4,Up $20k,Up,20000,Random Forest,3
Impurity,Education,0.057157355752855694,Parent-child absolute,I4,Up $20k,Up,20000,Random Forest,3
Impurity,Demographics,0.2284043845815389,Parent-child absolute,I4,Up $20k,Up,20000,Random Forest,3
Impurity,Family / employment,0.03404088806509874,Parent-child absolute,I4,Up $20k,Up,20000,Random Forest,3
Impurity,Occupation,0.048142501695399596,Parent-child absolute,I4,Up $20k,Up,20000,Random Forest,3
Impurity,Industry,0.049710541289669445,Parent-child absolute,I4,Up $20k,Up,20000,Random Forest,3
Impurity,Geography,0.07424802442210422,Parent-child absolute,I4,Up $20k,Up,20000,Random Forest,3
Permutation,Income,0.11332802295487583,Parent-child absolute,I4,Up $20k,Up,20000,Random Forest,3
Permutation,Wealth,-0.00578349014931554,Parent-child absolute,I4,Up $20k,Up,20000,Random Forest,3
Permutation,Education,0.004507734103030636,Parent-child absolute,I4,Up $20k,Up,20000,Random Forest,3
Permutation,Demographics,0.023865570984789274,Parent-child absolute,I4,Up $20k,Up,20000,Random Forest,3
Permutation,Family / employment,-0.004712530250193447,Parent-child absolute,I4,Up $20k,Up,20000,Random Forest,3
Permutation,Occupation,-0.002026993891826573,Parent-child absolute,I4,Up $20k,Up,20000,Random Forest,3
Permutation,Industry,-0.002920999617612641,Parent-child absolute,I4,Up $20k,Up,20000,Random Forest,3
Permutation,Geography,0.00535229827790285,Parent-child absolute,I4,Up $20k,Up,20000,Random Forest,3
SHAP,Income,0.332377548042522,Parent-child absolute,I4,Up $20k,Up,20000,Random Forest,3
SHAP,Wealth,0.09572677234404715,Parent-child absolute,I4,Up $20k,Up,20000,Random Forest,3
SHAP,Education,0.06035026104801758,Parent-child absolute,I4,Up $20k,Up,20000,Random Forest,3
SHAP,Demographics,0.22132341333745928,Parent-child absolute,I4,Up $20k,Up,20000,Random Forest,3
SHAP,Family / employment,0.07185167774533835,Parent-child absolute,I4,Up $20k,Up,20000,Random Forest,3
SHAP,Occupation,0.040850710308058556,Parent-child absolute,I4,Up $20k,Up,20000,Random Forest,3
SHAP,Industry,0.07490360000329237,Parent-child absolute,I4,Up $20k,Up,20000,Random Forest,3
SHAP,Geography,0.10261601717126487,Parent-child absolute,I4,Up $20k,Up,20000,Random Forest,3
Impurity,Income,0.32611879002478805,Parent-child absolute,I4,Up $20k,Up,20000,Random Forest,4
Impurity,Wealth,0.18938466174514074,Parent-child absolute,I4,Up $20k,Up,20000,Random Forest,4
Impurity,Education,0.0560155377251438,Parent-child absolute,I4,Up $20k,Up,20000,Random Forest,4
Impurity,Demographics,0.2230019146329784,Parent-child absolute,I4,Up $20k,Up,20000,Random Forest,4
Impurity,Family / employment,0.027024996250506323,Parent-child absolute,I4,Up $20k,Up,20000,Random Forest,4
Impurity,Occupation,0.04973388178457464,Parent-child absolute,I4,Up $20k,Up,20000,Random Forest,4
Impurity,Industry,0.04959200471138502,Parent-child absolute,I4,Up $20k,Up,20000,Random Forest,4
Impurity,Geography,0.07912821312548307,Parent-child absolute,I4,Up $20k,Up,20000,Random Forest,4
Permutation,Income,0.17033916291310475,Parent-child absolute,I4,Up $20k,Up,20000,Random Forest,4
Permutation,Wealth,-0.005798382498757293,Parent-child absolute,I4,Up $20k,Up,20000,Random Forest,4
Permutation,Education,0.005656481553660653,Parent-child absolute,I4,Up $20k,Up,20000,Random Forest,4
Permutation,Demographics,0.023008194613157517,Parent-child absolute,I4,Up $20k,Up,20000,Random Forest,4
Permutation,Family / employment,0.0008616722768498176,Parent-child absolute,I4,Up $20k,Up,20000,Random Forest,4
Permutation,Occupation,0.013848236572289336,Parent-child absolute,I4,Up $20k,Up,20000,Random Forest,4
Permutation,Industry,0.004530931139930317,Parent-child absolute,I4,Up $20k,Up,20000,Random Forest,4
Permutation,Geography,0.002693257259959653,Parent-child absolute,I4,Up $20k,Up,20000,Random Forest,4
SHAP,Income,0.3457195405313493,Parent-child absolute,I4,Up $20k,Up,20000,Random Forest,4
SHAP,Wealth,0.11476236247615157,Parent-child absolute,I4,Up $20k,Up,20000,Random Forest,4
SHAP,Education,0.0661682943559655,Parent-child absolute,I4,Up $20k,Up,20000,Random Forest,4
SHAP,Demographics,0.24150881167692578,Parent-child absolute,I4,Up $20k,Up,20000,Random Forest,4
SHAP,Family / employment,0.04373456955417576,Parent-child absolute,I4,Up $20k,Up,20000,Random Forest,4
SHAP,Occupation,0.038827015236761686,Parent-child absolute,I4,Up $20k,Up,20000,Random Forest,4
SHAP,Industry,0.06550358970501538,Parent-child absolute,I4,Up $20k,Up,20000,Random Forest,4
SHAP,Geography,0.08377581646365506,Parent-child absolute,I4,Up $20k,Up,20000,Random Forest,4
Impurity,Income,0.30399349653653884,Parent-child absolute,I4,Up $20k,Up,20000,Random Forest,5
Impurity,Wealth,0.12700490345338541,Parent-child absolute,I4,Up $20k,Up,20000,Random Forest,5
Impurity,Education,0.06335814276229017,Parent-child absolute,I4,Up $20k,Up,20000,Random Forest,5
Impurity,Demographics,0.19856253131451296,Parent-child absolute,I4,Up $20k,Up,20000,Random Forest,5
Impurity,Family / employment,0.05784223709360657,Parent-child absolute,I4,Up $20k,Up,20000,Random Forest,5
Impurity,Occupation,0.08690311905277487,Parent-child absolute,I4,Up $20k,Up,20000,Random Forest,5
Impurity,Industry,0.08959638691537702,Parent-child absolute,I4,Up $20k,Up,20000,Random Forest,5
Impurity,Geography,0.0727391828715142,Parent-child absolute,I4,Up $20k,Up,20000,Random Forest,5
Permutation,Income,0.11483123432546367,Parent-child absolute,I4,Up $20k,Up,20000,Random Forest,5
Permutation,Wealth,-0.0008740508872901454,Parent-child absolute,I4,Up $20k,Up,20000,Random Forest,5
Permutation,Education,0.005556427591696033,Parent-child absolute,I4,Up $20k,Up,20000,Random Forest,5
Permutation,Demographics,0.02373800512367307,Parent-child absolute,I4,Up $20k,Up,20000,Random Forest,5
Permutation,Family / employment,0.0012579782939941219,Parent-child absolute,I4,Up $20k,Up,20000,Random Forest,5
Permutation,Occupation,0.0033058619303462434,Parent-child absolute,I4,Up $20k,Up,20000,Random Forest,5
Permutation,Industry,-0.001704890516467089,Parent-child absolute,I4,Up $20k,Up,20000,Random Forest,5
Permutation,Geography,0.0024588138243223923,Parent-child absolute,I4,Up $20k,Up,20000,Random Forest,5
SHAP,Income,0.2745571044878326,Parent-child absolute,I4,Up $20k,Up,20000,Random Forest,5
SHAP,Wealth,0.069794309262298,Parent-child absolute,I4,Up $20k,Up,20000,Random Forest,5
SHAP,Education,0.0753610335820439,Parent-child absolute,I4,Up $20k,Up,20000,Random Forest,5
SHAP,Demographics,0.1681822252985442,Parent-child absolute,I4,Up $20k,Up,20000,Random Forest,5
SHAP,Family / employment,0.10859526721272787,Parent-child absolute,I4,Up $20k,Up,20000,Random Forest,5
SHAP,Occupation,0.08648540022973997,Parent-child absolute,I4,Up $20k,Up,20000,Random Forest,5
SHAP,Industry,0.12858762065718723,Parent-child absolute,I4,Up $20k,Up,20000,Random Forest,5
SHAP,Geography,0.08843703926962627,Parent-child absolute,I4,Up $20k,Up,20000,Random Forest,5
Impurity,Income,0.457167565584369,Parent-child absolute,I4,Up $20k,Up,20000,Gradient Boosting,1
Impurity,Wealth,0.06942892046087733,Parent-child absolute,I4,Up $20k,Up,20000,Gradient Boosting,1
Impurity,Education,0.04862679272476075,Parent-child absolute,I4,Up $20k,Up,20000,Gradient Boosting,1
Impurity,Demographics,0.19068000187352896,Parent-child absolute,I4,Up $20k,Up,20000,Gradient Boosting,1
Impurity,Family / employment,0.09468494897001814,Parent-child absolute,I4,Up $20k,Up,20000,Gradient Boosting,1
Impurity,Occupation,0.03474394149706526,Parent-child absolute,I4,Up $20k,Up,20000,Gradient Boosting,1
Impurity,Industry,0.047543934419101055,Parent-child absolute,I4,Up $20k,Up,20000,Gradient Boosting,1
Impurity,Geography,0.05712389447027938,Parent-child absolute,I4,Up $20k,Up,20000,Gradient Boosting,1
Permutation,Income,0.09765439001264652,Parent-child absolute,I4,Up $20k,Up,20000,Gradient Boosting,1
Permutation,Wealth,0.01016451053141872,Parent-child absolute,I4,Up $20k,Up,20000,Gradient Boosting,1
Permutation,Education,0.015773476582202746,Parent-child absolute,I4,Up $20k,Up,20000,Gradient Boosting,1
Permutation,Demographics,0.06424628866187482,Parent-child absolute,I4,Up $20k,Up,20000,Gradient Boosting,1
Permutation,Family / employment,0.0013366175695889548,Parent-child absolute,I4,Up $20k,Up,20000,Gradient Boosting,1
Permutation,Occupation,0.0005704719340243025,Parent-child absolute,I4,Up $20k,Up,20000,Gradient Boosting,1
Permutation,Industry,0.005594676413890304,Parent-child absolute,I4,Up $20k,Up,20000,Gradient Boosting,1
Permutation,Geography,0.011947829724384513,Parent-child absolute,I4,Up $20k,Up,20000,Gradient Boosting,1
SHAP,Income,0.2930137174051374,Parent-child absolute,I4,Up $20k,Up,20000,Gradient Boosting,1
SHAP,Wealth,0.023442392358196666,Parent-child absolute,I4,Up $20k,Up,20000,Gradient Boosting,1
SHAP,Education,0.09967039194053637,Parent-child absolute,I4,Up $20k,Up,20000,Gradient Boosting,1
SHAP,Demographics,0.23069390739617607,Parent-child absolute,I4,Up $20k,Up,20000,Gradient Boosting,1
SHAP,Family / employment,0.11963651273832485,Parent-child absolute,I4,Up $20k,Up,20000,Gradient Boosting,1
SHAP,Occupation,0.034236366373562616,Parent-child absolute,I4,Up $20k,Up,20000,Gradient Boosting,1
SHAP,Industry,0.09922851563527538,Parent-child absolute,I4,Up $20k,Up,20000,Gradient Boosting,1
SHAP,Geography,0.10007819615279058,Parent-child absolute,I4,Up $20k,Up,20000,Gradient Boosting,1
Impurity,Income,0.4282031648268741,Parent-child absolute,I4,Up $20k,Up,20000,Gradient Boosting,2
Impurity,Wealth,0.15535330812253853,Parent-child absolute,I4,Up $20k,Up,20000,Gradient Boosting,2
Impurity,Education,0.05577699051314858,Parent-child absolute,I4,Up $20k,Up,20000,Gradient Boosting,2
Impurity,Demographics,0.21381628462436564,Parent-child absolute,I4,Up $20k,Up,20000,Gradient Boosting,2
Impurity,Family / employment,0.012907719135901882,Parent-child absolute,I4,Up $20k,Up,20000,Gradient Boosting,2
Impurity,Occupation,0.042278699885847926,Parent-child absolute,I4,Up $20k,Up,20000,Gradient Boosting,2
Impurity,Industry,0.04206406167394197,Parent-child absolute,I4,Up $20k,Up,20000,Gradient Boosting,2
Impurity,Geography,0.049599771217381364,Parent-child absolute,I4,Up $20k,Up,20000,Gradient Boosting,2
Permutation,Income,0.14595674921457163,Parent-child absolute,I4,Up $20k,Up,20000,Gradient Boosting,2
Permutation,Wealth,0.01180303109706321,Parent-child absolute,I4,Up $20k,Up,20000,Gradient Boosting,2
Permutation,Education,0.008739755448698793,Parent-child absolute,I4,Up $20k,Up,20000,Gradient Boosting,2
Permutation,Demographics,0.05314391748110372,Parent-child absolute,I4,Up $20k,Up,20000,Gradient Boosting,2
Permutation,Family / employment,0.0011376232441876021,Parent-child absolute,I4,Up $20k,Up,20000,Gradient Boosting,2
Permutation,Occupation,0.0005719201528445073,Parent-child absolute,I4,Up $20k,Up,20000,Gradient Boosting,2
Permutation,Industry,-0.0015601937627975737,Parent-child absolute,I4,Up $20k,Up,20000,Gradient Boosting,2
Permutation,Geography,0.006616416225904686,Parent-child absolute,I4,Up $20k,Up,20000,Gradient Boosting,2
SHAP,Income,0.343971346297882,Parent-child absolute,I4,Up $20k,Up,20000,Gradient Boosting,2
SHAP,Wealth,0.08290783963632686,Parent-child absolute,I4,Up $20k,Up,20000,Gradient Boosting,2
SHAP,Education,0.10086126741976613,Parent-child absolute,I4,Up $20k,Up,20000,Gradient Boosting,2
SHAP,Demographics,0.23334360605319143,Parent-child absolute,I4,Up $20k,Up,20000,Gradient Boosting,2
SHAP,Family / employment,0.017844730546211704,Parent-child absolute,I4,Up $20k,Up,20000,Gradient Boosting,2
SHAP,Occupation,0.05722997766648391,Parent-child absolute,I4,Up $20k,Up,20000,Gradient Boosting,2
SHAP,Industry,0.0845989869275522,Parent-child absolute,I4,Up $20k,Up,20000,Gradient Boosting,2
SHAP,Geography,0.0792422454525857,Parent-child absolute,I4,Up $20k,Up,20000,Gradient Boosting,2
Impurity,Income,0.4554673173681784,Parent-child absolute,I4,Up $20k,Up,20000,Gradient Boosting,3
Impurity,Wealth,0.0508318015277911,Parent-child absolute,I4,Up $20k,Up,20000,Gradient Boosting,3
Impurity,Education,0.03784145038475403,Parent-child absolute,I4,Up $20k,Up,20000,Gradient Boosting,3
Impurity,Demographics,0.1785048202618645,Parent-child absolute,I4,Up $20k,Up,20000,Gradient Boosting,3
Impurity,Family / employment,0.07890789093309805,Parent-child absolute,I4,Up $20k,Up,20000,Gradient Boosting,3
Impurity,Occupation,0.05011406500330464,Parent-child absolute,I4,Up $20k,Up,20000,Gradient Boosting,3
Impurity,Industry,0.07585694172979952,Parent-child absolute,I4,Up $20k,Up,20000,Gradient Boosting,3
Impurity,Geography,0.07247571279120991,Parent-child absolute,I4,Up $20k,Up,20000,Gradient Boosting,3
Permutation,Income,0.09434002112773676,Parent-child absolute,I4,Up $20k,Up,20000,Gradient Boosting,3
Permutation,Wealth,0.00016227638329786577,Parent-child absolute,I4,Up $20k,Up,20000,Gradient Boosting,3
Permutation,Education,0.015053799814217672,Parent-child absolute,I4,Up $20k,Up,20000,Gradient Boosting,3
Permutation,Demographics,0.04328949554687865,Parent-child absolute,I4,Up $20k,Up,20000,Gradient Boosting,3
Permutation,Family / employment,0.0031944080591090164,Parent-child absolute,I4,Up $20k,Up,20000,Gradient Boosting,3
Permutation,Occupation,0.0016967970312069369,Parent-child absolute,I4,Up $20k,Up,20000,Gradient Boosting,3
Permutation,Industry,0.0007693077738270659,Parent-child absolute,I4,Up $20k,Up,20000,Gradient Boosting,3
Permutation,Geography,0.006834589436897765,Parent-child absolute,I4,Up $20k,Up,20000,Gradient Boosting,3
SHAP,Income,0.26761646857360033,Parent-child absolute,I4,Up $20k,Up,20000,Gradient Boosting,3
SHAP,Wealth,0.03216042940183737,Parent-child absolute,I4,Up $20k,Up,20000,Gradient Boosting,3
SHAP,Education,0.06683292048600716,Parent-child absolute,I4,Up $20k,Up,20000,Gradient Boosting,3
SHAP,Demographics,0.22418131782960954,Parent-child absolute,I4,Up $20k,Up,20000,Gradient Boosting,3
SHAP,Family / employment,0.10315456769641412,Parent-child absolute,I4,Up $20k,Up,20000,Gradient Boosting,3
SHAP,Occupation,0.05214281515253485,Parent-child absolute,I4,Up $20k,Up,20000,Gradient Boosting,3
SHAP,Industry,0.11805963654505498,Parent-child absolute,I4,Up $20k,Up,20000,Gradient Boosting,3
SHAP,Geography,0.13585184431494138,Parent-child absolute,I4,Up $20k,Up,20000,Gradient Boosting,3
Impurity,Income,0.37447443768883515,Parent-child absolute,I4,Up $20k,Up,20000,Gradient Boosting,4
Impurity,Wealth,0.158458505502032,Parent-child absolute,I4,Up $20k,Up,20000,Gradient Boosting,4
Impurity,Education,0.053366518152843066,Parent-child absolute,I4,Up $20k,Up,20000,Gradient Boosting,4
Impurity,Demographics,0.25843067736277764,Parent-child absolute,I4,Up $20k,Up,20000,Gradient Boosting,4
Impurity,Family / employment,0.014641324999145784,Parent-child absolute,I4,Up $20k,Up,20000,Gradient Boosting,4
Impurity,Occupation,0.03933796348027498,Parent-child absolute,I4,Up $20k,Up,20000,Gradient Boosting,4
Impurity,Industry,0.03882826554544268,Parent-child absolute,I4,Up $20k,Up,20000,Gradient Boosting,4
Impurity,Geography,0.06246230726864849,Parent-child absolute,I4,Up $20k,Up,20000,Gradient Boosting,4
Permutation,Income,0.19072180836409697,Parent-child absolute,I4,Up $20k,Up,20000,Gradient Boosting,4
Permutation,Wealth,-0.009197168249150123,Parent-child absolute,I4,Up $20k,Up,20000,Gradient Boosting,4
Permutation,Education,0.014563337048818409,Parent-child absolute,I4,Up $20k,Up,20000,Gradient Boosting,4
Permutation,Demographics,0.03660072182805574,Parent-child absolute,I4,Up $20k,Up,20000,Gradient Boosting,4
Permutation,Family / employment,0.001933605320892634,Parent-child absolute,I4,Up $20k,Up,20000,Gradient Boosting,4
Permutation,Occupation,0.0056912977362089225,Parent-child absolute,I4,Up $20k,Up,20000,Gradient Boosting,4
Permutation,Industry,0.009352118035299645,Parent-child absolute,I4,Up $20k,Up,20000,Gradient Boosting,4
Permutation,Geography,0.01130147424282607,Parent-child absolute,I4,Up $20k,Up,20000,Gradient Boosting,4
SHAP,Income,0.3395605797263111,Parent-child absolute,I4,Up $20k,Up,20000,Gradient Boosting,4
SHAP,Wealth,0.09210306662068327,Parent-child absolute,I4,Up $20k,Up,20000,Gradient Boosting,4
SHAP,Education,0.09369451899779917,Parent-child absolute,I4,Up $20k,Up,20000,Gradient Boosting,4
SHAP,Demographics,0.27121809411496,Parent-child absolute,I4,Up $20k,Up,20000,Gradient Boosting,4
SHAP,Family / employment,0.01554607170112595,Parent-child absolute,I4,Up $20k,Up,20000,Gradient Boosting,4
SHAP,Occupation,0.04379522253433686,Parent-child absolute,I4,Up $20k,Up,20000,Gradient Boosting,4
SHAP,Industry,0.0726257482068134,Parent-child absolute,I4,Up $20k,Up,20000,Gradient Boosting,4
SHAP,Geography,0.07145669809797048,Parent-child absolute,I4,Up $20k,Up,20000,Gradient Boosting,4
Impurity,Income,0.3894938592688653,Parent-child absolute,I4,Up $20k,Up,20000,Gradient Boosting,5
Impurity,Wealth,0.13516185303568504,Parent-child absolute,I4,Up $20k,Up,20000,Gradient Boosting,5
Impurity,Education,0.06384693690853631,Parent-child absolute,I4,Up $20k,Up,20000,Gradient Boosting,5
Impurity,Demographics,0.24348521278473326,Parent-child absolute,I4,Up $20k,Up,20000,Gradient Boosting,5
Impurity,Family / employment,0.014021942076465945,Parent-child absolute,I4,Up $20k,Up,20000,Gradient Boosting,5
Impurity,Occupation,0.04708974756332388,Parent-child absolute,I4,Up $20k,Up,20000,Gradient Boosting,5
Impurity,Industry,0.05414209969623534,Parent-child absolute,I4,Up $20k,Up,20000,Gradient Boosting,5
Impurity,Geography,0.052758348666155114,Parent-child absolute,I4,Up $20k,Up,20000,Gradient Boosting,5
Permutation,Income,0.17121094776641418,Parent-child absolute,I4,Up $20k,Up,20000,Gradient Boosting,5
Permutation,Wealth,0.009169334367998916,Parent-child absolute,I4,Up $20k,Up,20000,Gradient Boosting,5
Permutation,Education,0.015387790554983821,Parent-child absolute,I4,Up $20k,Up,20000,Gradient Boosting,5
Permutation,Demographics,0.04518191339343085,Parent-child absolute,I4,Up $20k,Up,20000,Gradient Boosting,5
Permutation,Family / employment,0.0003216898522112099,Parent-child absolute,I4,Up $20k,Up,20000,Gradient Boosting,5
Permutation,Occupation,-0.0032874210963183383,Parent-child absolute,I4,Up $20k,Up,20000,Gradient Boosting,5
Permutation,Industry,-0.00038766585620220173,Parent-child absolute,I4,Up $20k,Up,20000,Gradient Boosting,5
Permutation,Geography,-5.442447515181525e-05,Parent-child absolute,I4,Up $20k,Up,20000,Gradient Boosting,5
SHAP,Income,0.3467548285562701,Parent-child absolute,I4,Up $20k,Up,20000,Gradient Boosting,5
SHAP,Wealth,0.07716792397049031,Parent-child absolute,I4,Up $20k,Up,20000,Gradient Boosting,5
SHAP,Education,0.09774357420020781,Parent-child absolute,I4,Up $20k,Up,20000,Gradient Boosting,5
SHAP,Demographics,0.21655077987725763,Parent-child absolute,I4,Up $20k,Up,20000,Gradient Boosting,5
SHAP,Family / employment,0.02022316954014698,Parent-child absolute,I4,Up $20k,Up,20000,Gradient Boosting,5
SHAP,Occupation,0.05297601909984423,Parent-child absolute,I4,Up $20k,Up,20000,Gradient Boosting,5
SHAP,Industry,0.09742413327376513,Parent-child absolute,I4,Up $20k,Up,20000,Gradient Boosting,5
SHAP,Geography,0.09115957148201809,Parent-child absolute,I4,Up $20k,Up,20000,Gradient Boosting,5
Impurity,Income,0.5547532520113101,Parent-child absolute,I5,Down $5k,Down,5000,Random Forest,1
Impurity,Wealth,0.12947996605807552,Parent-child absolute,I5,Down $5k,Down,5000,Random Forest,1
Impurity,Education,0.033728289074403964,Parent-child absolute,I5,Down $5k,Down,5000,Random Forest,1
Impurity,Demographics,0.14478579802999966,Parent-child absolute,I5,Down $5k,Down,5000,Random Forest,1
Impurity,Family / employment,0.025711112332798318,Parent-child absolute,I5,Down $5k,Down,5000,Random Forest,1
Impurity,Occupation,0.03829005538932123,Parent-child absolute,I5,Down $5k,Down,5000,Random Forest,1
Impurity,Industry,0.041990456411833785,Parent-child absolute,I5,Down $5k,Down,5000,Random Forest,1
Impurity,Geography,0.03126107069225756,Parent-child absolute,I5,Down $5k,Down,5000,Random Forest,1
Permutation,Income,0.23946771558906618,Parent-child absolute,I5,Down $5k,Down,5000,Random Forest,1
Permutation,Wealth,0.0017423434868986676,Parent-child absolute,I5,Down $5k,Down,5000,Random Forest,1
Permutation,Education,0.00270069220121833,Parent-child absolute,I5,Down $5k,Down,5000,Random Forest,1
Permutation,Demographics,0.017090911904214395,Parent-child absolute,I5,Down $5k,Down,5000,Random Forest,1
Permutation,Family / employment,0.0026099752029253185,Parent-child absolute,I5,Down $5k,Down,5000,Random Forest,1
Permutation,Occupation,-0.001134560696771758,Parent-child absolute,I5,Down $5k,Down,5000,Random Forest,1
Permutation,Industry,-0.004982092520384068,Parent-child absolute,I5,Down $5k,Down,5000,Random Forest,1
Permutation,Geography,-0.0031131757951702033,Parent-child absolute,I5,Down $5k,Down,5000,Random Forest,1
SHAP,Income,0.5573686192005957,Parent-child absolute,I5,Down $5k,Down,5000,Random Forest,1
SHAP,Wealth,0.07512929976887311,Parent-child absolute,I5,Down $5k,Down,5000,Random Forest,1
SHAP,Education,0.039943632867821544,Parent-child absolute,I5,Down $5k,Down,5000,Random Forest,1
SHAP,Demographics,0.16421992824780834,Parent-child absolute,I5,Down $5k,Down,5000,Random Forest,1
SHAP,Family / employment,0.03885965544697604,Parent-child absolute,I5,Down $5k,Down,5000,Random Forest,1
SHAP,Occupation,0.04034952035287457,Parent-child absolute,I5,Down $5k,Down,5000,Random Forest,1
SHAP,Industry,0.06592651892792056,Parent-child absolute,I5,Down $5k,Down,5000,Random Forest,1
SHAP,Geography,0.018202825187130466,Parent-child absolute,I5,Down $5k,Down,5000,Random Forest,1
Impurity,Income,0.5376899211609791,Parent-child absolute,I5,Down $5k,Down,5000,Random Forest,2
Impurity,Wealth,0.1323137130726089,Parent-child absolute,I5,Down $5k,Down,5000,Random Forest,2
Impurity,Education,0.03770392736589452,Parent-child absolute,I5,Down $5k,Down,5000,Random Forest,2
Impurity,Demographics,0.15814892950886214,Parent-child absolute,I5,Down $5k,Down,5000,Random Forest,2
Impurity,Family / employment,0.024318706299646994,Parent-child absolute,I5,Down $5k,Down,5000,Random Forest,2
Impurity,Occupation,0.03888166618325089,Parent-child absolute,I5,Down $5k,Down,5000,Random Forest,2
Impurity,Industry,0.03184229264099888,Parent-child absolute,I5,Down $5k,Down,5000,Random Forest,2
Impurity,Geography,0.0391008437677588,Parent-child absolute,I5,Down $5k,Down,5000,Random Forest,2
Permutation,Income,0.2899385646448555,Parent-child absolute,I5,Down $5k,Down,5000,Random Forest,2
Permutation,Wealth,-0.01058063882776536,Parent-child absolute,I5,Down $5k,Down,5000,Random Forest,2
Permutation,Education,-0.0027324659140071316,Parent-child absolute,I5,Down $5k,Down,5000,Random Forest,2
Permutation,Demographics,0.012840989295471412,Parent-child absolute,I5,Down $5k,Down,5000,Random Forest,2
Permutation,Family / employment,-0.003361962735325602,Parent-child absolute,I5,Down $5k,Down,5000,Random Forest,2
Permutation,Occupation,-0.0038223153194229973,Parent-child absolute,I5,Down $5k,Down,5000,Random Forest,2
Permutation,Industry,-0.0018755405121358814,Parent-child absolute,I5,Down $5k,Down,5000,Random Forest,2
Permutation,Geography,-0.008938201741311196,Parent-child absolute,I5,Down $5k,Down,5000,Random Forest,2
SHAP,Income,0.5612675219565681,Parent-child absolute,I5,Down $5k,Down,5000,Random Forest,2
SHAP,Wealth,0.06112041863046306,Parent-child absolute,I5,Down $5k,Down,5000,Random Forest,2
SHAP,Education,0.040862802877373934,Parent-child absolute,I5,Down $5k,Down,5000,Random Forest,2
SHAP,Demographics,0.18199644575641685,Parent-child absolute,I5,Down $5k,Down,5000,Random Forest,2
SHAP,Family / employment,0.03994457243870822,Parent-child absolute,I5,Down $5k,Down,5000,Random Forest,2
SHAP,Occupation,0.0373114927835154,Parent-child absolute,I5,Down $5k,Down,5000,Random Forest,2
SHAP,Industry,0.03441847430812581,Parent-child absolute,I5,Down $5k,Down,5000,Random Forest,2
SHAP,Geography,0.043078271248828764,Parent-child absolute,I5,Down $5k,Down,5000,Random Forest,2
Impurity,Income,0.5295710820454407,Parent-child absolute,I5,Down $5k,Down,5000,Random Forest,3
Impurity,Wealth,0.13669820891880446,Parent-child absolute,I5,Down $5k,Down,5000,Random Forest,3
Impurity,Education,0.040130281729193334,Parent-child absolute,I5,Down $5k,Down,5000,Random Forest,3
Impurity,Demographics,0.15763494440803463,Parent-child absolute,I5,Down $5k,Down,5000,Random Forest,3
Impurity,Family / employment,0.02591116972448261,Parent-child absolute,I5,Down $5k,Down,5000,Random Forest,3
Impurity,Occupation,0.03633923277541937,Parent-child absolute,I5,Down $5k,Down,5000,Random Forest,3
Impurity,Industry,0.0367244775693222,Parent-child absolute,I5,Down $5k,Down,5000,Random Forest,3
Impurity,Geography,0.036990602829302846,Parent-child absolute,I5,Down $5k,Down,5000,Random Forest,3
Permutation,Income,0.3114268232407338,Parent-child absolute,I5,Down $5k,Down,5000,Random Forest,3
Permutation,Wealth,-0.001540325411680421,Parent-child absolute,I5,Down $5k,Down,5000,Random Forest,3
Permutation,Education,0.002136959657478199,Parent-child absolute,I5,Down $5k,Down,5000,Random Forest,3
Permutation,Demographics,0.009391872300522141,Parent-child absolute,I5,Down $5k,Down,5000,Random Forest,3
Permutation,Family / employment,-0.0025089604629707773,Parent-child absolute,I5,Down $5k,Down,5000,Random Forest,3
Permutation,Occupation,0.0003635188291102043,Parent-child absolute,I5,Down $5k,Down,5000,Random Forest,3
Permutation,Industry,0.00172888334754277,Parent-child absolute,I5,Down $5k,Down,5000,Random Forest,3
Permutation,Geography,-0.0005209773449946498,Parent-child absolute,I5,Down $5k,Down,5000,Random Forest,3
SHAP,Income,0.5586701693771702,Parent-child absolute,I5,Down $5k,Down,5000,Random Forest,3
SHAP,Wealth,0.05977072462507315,Parent-child absolute,I5,Down $5k,Down,5000,Random Forest,3
SHAP,Education,0.052754095654419915,Parent-child absolute,I5,Down $5k,Down,5000,Random Forest,3
SHAP,Demographics,0.18553812354783064,Parent-child absolute,I5,Down $5k,Down,5000,Random Forest,3
SHAP,Family / employment,0.03760364209444573,Parent-child absolute,I5,Down $5k,Down,5000,Random Forest,3
SHAP,Occupation,0.029226491805759112,Parent-child absolute,I5,Down $5k,Down,5000,Random Forest,3
SHAP,Industry,0.04347326151163746,Parent-child absolute,I5,Down $5k,Down,5000,Random Forest,3
SHAP,Geography,0.03296349138366378,Parent-child absolute,I5,Down $5k,Down,5000,Random Forest,3
Impurity,Income,0.5507738197206258,Parent-child absolute,I5,Down $5k,Down,5000,Random Forest,4
Impurity,Wealth,0.13065944105558,Parent-child absolute,I5,Down $5k,Down,5000,Random Forest,4
Impurity,Education,0.03803444402405909,Parent-child absolute,I5,Down $5k,Down,5000,Random Forest,4
Impurity,Demographics,0.14755826834897118,Parent-child absolute,I5,Down $5k,Down,5000,Random Forest,4
Impurity,Family / employment,0.025998035471217706,Parent-child absolute,I5,Down $5k,Down,5000,Random Forest,4
Impurity,Occupation,0.03390496252353364,Parent-child absolute,I5,Down $5k,Down,5000,Random Forest,4
Impurity,Industry,0.03535798154489431,Parent-child absolute,I5,Down $5k,Down,5000,Random Forest,4
Impurity,Geography,0.03771304731111834,Parent-child absolute,I5,Down $5k,Down,5000,Random Forest,4
Permutation,Income,0.2637104736628846,Parent-child absolute,I5,Down $5k,Down,5000,Random Forest,4
Permutation,Wealth,8.178761810040402e-05,Parent-child absolute,I5,Down $5k,Down,5000,Random Forest,4
Permutation,Education,-0.011222495806783384,Parent-child absolute,I5,Down $5k,Down,5000,Random Forest,4
Permutation,Demographics,0.03146217885009715,Parent-child absolute,I5,Down $5k,Down,5000,Random Forest,4
Permutation,Family / employment,-0.002539130832688974,Parent-child absolute,I5,Down $5k,Down,5000,Random Forest,4
Permutation,Occupation,-0.003936437244888308,Parent-child absolute,I5,Down $5k,Down,5000,Random Forest,4
Permutation,Industry,-0.0022771913789124574,Parent-child absolute,I5,Down $5k,Down,5000,Random Forest,4
Permutation,Geography,-0.006124979780001172,Parent-child absolute,I5,Down $5k,Down,5000,Random Forest,4
SHAP,Income,0.525324944189659,Parent-child absolute,I5,Down $5k,Down,5000,Random Forest,4
SHAP,Wealth,0.06848152936698389,Parent-child absolute,I5,Down $5k,Down,5000,Random Forest,4
SHAP,Education,0.05786349853755883,Parent-child absolute,I5,Down $5k,Down,5000,Random Forest,4
SHAP,Demographics,0.1751334994668368,Parent-child absolute,I5,Down $5k,Down,5000,Random Forest,4
SHAP,Family / employment,0.036608022272417426,Parent-child absolute,I5,Down $5k,Down,5000,Random Forest,4
SHAP,Occupation,0.033800651528013405,Parent-child absolute,I5,Down $5k,Down,5000,Random Forest,4
SHAP,Industry,0.052672966596963515,Parent-child absolute,I5,Down $5k,Down,5000,Random Forest,4
SHAP,Geography,0.05011488804156704,Parent-child absolute,I5,Down $5k,Down,5000,Random Forest,4
Impurity,Income,0.5364194914380255,Parent-child absolute,I5,Down $5k,Down,5000,Random Forest,5
Impurity,Wealth,0.13018407802219395,Parent-child absolute,I5,Down $5k,Down,5000,Random Forest,5
Impurity,Education,0.035381783276069265,Parent-child absolute,I5,Down $5k,Down,5000,Random Forest,5
Impurity,Demographics,0.16231684639688007,Parent-child absolute,I5,Down $5k,Down,5000,Random Forest,5
Impurity,Family / employment,0.024172835276393495,Parent-child absolute,I5,Down $5k,Down,5000,Random Forest,5
Impurity,Occupation,0.038500871819174234,Parent-child absolute,I5,Down $5k,Down,5000,Random Forest,5
Impurity,Industry,0.03929198023526486,Parent-child absolute,I5,Down $5k,Down,5000,Random Forest,5
Impurity,Geography,0.033732113535998594,Parent-child absolute,I5,Down $5k,Down,5000,Random Forest,5
Permutation,Income,0.34201014814496516,Parent-child absolute,I5,Down $5k,Down,5000,Random Forest,5
Permutation,Wealth,0.00013365175057868938,Parent-child absolute,I5,Down $5k,Down,5000,Random Forest,5
Permutation,Education,0.0048326787652105295,Parent-child absolute,I5,Down $5k,Down,5000,Random Forest,5
Permutation,Demographics,0.023636993489132112,Parent-child absolute,I5,Down $5k,Down,5000,Random Forest,5
Permutation,Family / employment,-0.0012300948844762016,Parent-child absolute,I5,Down $5k,Down,5000,Random Forest,5
Permutation,Occupation,-0.0005634235580599889,Parent-child absolute,I5,Down $5k,Down,5000,Random Forest,5
Permutation,Industry,-0.0011099791662727676,Parent-child absolute,I5,Down $5k,Down,5000,Random Forest,5
Permutation,Geography,0.0002684815385754546,Parent-child absolute,I5,Down $5k,Down,5000,Random Forest,5
SHAP,Income,0.5715847169652204,Parent-child absolute,I5,Down $5k,Down,5000,Random Forest,5
SHAP,Wealth,0.05657261365231636,Parent-child absolute,I5,Down $5k,Down,5000,Random Forest,5
SHAP,Education,0.027897583960786586,Parent-child absolute,I5,Down $5k,Down,5000,Random Forest,5
SHAP,Demographics,0.1904273749000325,Parent-child absolute,I5,Down $5k,Down,5000,Random Forest,5
SHAP,Family / employment,0.033574323844564984,Parent-child absolute,I5,Down $5k,Down,5000,Random Forest,5
SHAP,Occupation,0.04249616479976686,Parent-child absolute,I5,Down $5k,Down,5000,Random Forest,5
SHAP,Industry,0.04851436970656704,Parent-child absolute,I5,Down $5k,Down,5000,Random Forest,5
SHAP,Geography,0.028932852170745132,Parent-child absolute,I5,Down $5k,Down,5000,Random Forest,5
Impurity,Income,0.6932692180650611,Parent-child absolute,I5,Down $5k,Down,5000,Gradient Boosting,1
Impurity,Wealth,0.10126839060743109,Parent-child absolute,I5,Down $5k,Down,5000,Gradient Boosting,1
Impurity,Education,0.015677352492388615,Parent-child absolute,I5,Down $5k,Down,5000,Gradient Boosting,1
Impurity,Demographics,0.10748726418160391,Parent-child absolute,I5,Down $5k,Down,5000,Gradient Boosting,1
Impurity,Family / employment,0.003374385493028544,Parent-child absolute,I5,Down $5k,Down,5000,Gradient Boosting,1
Impurity,Occupation,0.034921248145013864,Parent-child absolute,I5,Down $5k,Down,5000,Gradient Boosting,1
Impurity,Industry,0.036603069157798214,Parent-child absolute,I5,Down $5k,Down,5000,Gradient Boosting,1
Impurity,Geography,0.007399071857674316,Parent-child absolute,I5,Down $5k,Down,5000,Gradient Boosting,1
Permutation,Income,0.25143980921266784,Parent-child absolute,I5,Down $5k,Down,5000,Gradient Boosting,1
Permutation,Wealth,-4.626708440135241e-05,Parent-child absolute,I5,Down $5k,Down,5000,Gradient Boosting,1
Permutation,Education,0.001834320711256493,Parent-child absolute,I5,Down $5k,Down,5000,Gradient Boosting,1
Permutation,Demographics,0.0246377254845571,Parent-child absolute,I5,Down $5k,Down,5000,Gradient Boosting,1
Permutation,Family / employment,0.0010844528487888526,Parent-child absolute,I5,Down $5k,Down,5000,Gradient Boosting,1
Permutation,Occupation,-0.0022747343664952847,Parent-child absolute,I5,Down $5k,Down,5000,Gradient Boosting,1
Permutation,Industry,-0.005650513219402964,Parent-child absolute,I5,Down $5k,Down,5000,Gradient Boosting,1
Permutation,Geography,-0.00023944774901523135,Parent-child absolute,I5,Down $5k,Down,5000,Gradient Boosting,1
SHAP,Income,0.5880769148438154,Parent-child absolute,I5,Down $5k,Down,5000,Gradient Boosting,1
SHAP,Wealth,0.09822492698307039,Parent-child absolute,I5,Down $5k,Down,5000,Gradient Boosting,1
SHAP,Education,0.04883411195888381,Parent-child absolute,I5,Down $5k,Down,5000,Gradient Boosting,1
SHAP,Demographics,0.12128614132786154,Parent-child absolute,I5,Down $5k,Down,5000,Gradient Boosting,1
SHAP,Family / employment,0.006795760396389778,Parent-child absolute,I5,Down $5k,Down,5000,Gradient Boosting,1
SHAP,Occupation,0.04728503570940325,Parent-child absolute,I5,Down $5k,Down,5000,Gradient Boosting,1
SHAP,Industry,0.078561019207044,Parent-child absolute,I5,Down $5k,Down,5000,Gradient Boosting,1
SHAP,Geography,0.01093608957353186,Parent-child absolute,I5,Down $5k,Down,5000,Gradient Boosting,1
Impurity,Income,0.6547132585855473,Parent-child absolute,I5,Down $5k,Down,5000,Gradient Boosting,2
Impurity,Wealth,0.09139400603246683,Parent-child absolute,I5,Down $5k,Down,5000,Gradient Boosting,2
Impurity,Education,0.03028743842319908,Parent-child absolute,I5,Down $5k,Down,5000,Gradient Boosting,2
Impurity,Demographics,0.12203799555396029,Parent-child absolute,I5,Down $5k,Down,5000,Gradient Boosting,2
Impurity,Family / employment,0.009357473373748447,Parent-child absolute,I5,Down $5k,Down,5000,Gradient Boosting,2
Impurity,Occupation,0.03681003145127993,Parent-child absolute,I5,Down $5k,Down,5000,Gradient Boosting,2
Impurity,Industry,0.028065928525005824,Parent-child absolute,I5,Down $5k,Down,5000,Gradient Boosting,2
Impurity,Geography,0.02733386805479233,Parent-child absolute,I5,Down $5k,Down,5000,Gradient Boosting,2
Permutation,Income,0.30685573223398666,Parent-child absolute,I5,Down $5k,Down,5000,Gradient Boosting,2
Permutation,Wealth,-0.011245484281230627,Parent-child absolute,I5,Down $5k,Down,5000,Gradient Boosting,2
Permutation,Education,0.0011916517626175183,Parent-child absolute,I5,Down $5k,Down,5000,Gradient Boosting,2
Permutation,Demographics,0.019081481292001413,Parent-child absolute,I5,Down $5k,Down,5000,Gradient Boosting,2
Permutation,Family / employment,-0.0002204034232756613,Parent-child absolute,I5,Down $5k,Down,5000,Gradient Boosting,2
Permutation,Occupation,-0.0017179834384896508,Parent-child absolute,I5,Down $5k,Down,5000,Gradient Boosting,2
Permutation,Industry,0.0027713816358387934,Parent-child absolute,I5,Down $5k,Down,5000,Gradient Boosting,2
Permutation,Geography,-0.006003108752915048,Parent-child absolute,I5,Down $5k,Down,5000,Gradient Boosting,2
SHAP,Income,0.6044851552362427,Parent-child absolute,I5,Down $5k,Down,5000,Gradient Boosting,2
SHAP,Wealth,0.05819159268412057,Parent-child absolute,I5,Down $5k,Down,5000,Gradient Boosting,2
SHAP,Education,0.06917570547489596,Parent-child absolute,I5,Down $5k,Down,5000,Gradient Boosting,2
SHAP,Demographics,0.11492921391169833,Parent-child absolute,I5,Down $5k,Down,5000,Gradient Boosting,2
SHAP,Family / employment,0.027227393612109373,Parent-child absolute,I5,Down $5k,Down,5000,Gradient Boosting,2
SHAP,Occupation,0.032556516333266644,Parent-child absolute,I5,Down $5k,Down,5000,Gradient Boosting,2
SHAP,Industry,0.04025668217868301,Parent-child absolute,I5,Down $5k,Down,5000,Gradient Boosting,2
SHAP,Geography,0.05317774056898345,Parent-child absolute,I5,Down $5k,Down,5000,Gradient Boosting,2
Impurity,Income,0.6425516180879802,Parent-child absolute,I5,Down $5k,Down,5000,Gradient Boosting,3
Impurity,Wealth,0.09791915933472366,Parent-child absolute,I5,Down $5k,Down,5000,Gradient Boosting,3
Impurity,Education,0.031050139018096765,Parent-child absolute,I5,Down $5k,Down,5000,Gradient Boosting,3
Impurity,Demographics,0.13219563897849412,Parent-child absolute,I5,Down $5k,Down,5000,Gradient Boosting,3
Impurity,Family / employment,0.006485042743476991,Parent-child absolute,I5,Down $5k,Down,5000,Gradient Boosting,3
Impurity,Occupation,0.03697875474709175,Parent-child absolute,I5,Down $5k,Down,5000,Gradient Boosting,3
Impurity,Industry,0.0380664847757445,Parent-child absolute,I5,Down $5k,Down,5000,Gradient Boosting,3
Impurity,Geography,0.014753162314392068,Parent-child absolute,I5,Down $5k,Down,5000,Gradient Boosting,3
Permutation,Income,0.3334852333333074,Parent-child absolute,I5,Down $5k,Down,5000,Gradient Boosting,3
Permutation,Wealth,-0.0068971833996146256,Parent-child absolute,I5,Down $5k,Down,5000,Gradient Boosting,3
Permutation,Education,0.0008153939154643796,Parent-child absolute,I5,Down $5k,Down,5000,Gradient Boosting,3
Permutation,Demographics,0.004437513827403988,Parent-child absolute,I5,Down $5k,Down,5000,Gradient Boosting,3
Permutation,Family / employment,-6.187913877045981e-05,Parent-child absolute,I5,Down $5k,Down,5000,Gradient Boosting,3
Permutation,Occupation,-0.001955373453215803,Parent-child absolute,I5,Down $5k,Down,5000,Gradient Boosting,3
Permutation,Industry,0.00048455148979282826,Parent-child absolute,I5,Down $5k,Down,5000,Gradient Boosting,3
Permutation,Geography,0.0002842828511122164,Parent-child absolute,I5,Down $5k,Down,5000,Gradient Boosting,3
SHAP,Income,0.6004731580692436,Parent-child absolute,I5,Down $5k,Down,5000,Gradient Boosting,3
SHAP,Wealth,0.07210965517789754,Parent-child absolute,I5,Down $5k,Down,5000,Gradient Boosting,3
SHAP,Education,0.06292048424147478,Parent-child absolute,I5,Down $5k,Down,5000,Gradient Boosting,3
SHAP,Demographics,0.1358383099613649,Parent-child absolute,I5,Down $5k,Down,5000,Gradient Boosting,3
SHAP,Family / employment,0.014961410835203269,Parent-child absolute,I5,Down $5k,Down,5000,Gradient Boosting,3
SHAP,Occupation,0.03028649633610154,Parent-child absolute,I5,Down $5k,Down,5000,Gradient Boosting,3
SHAP,Industry,0.054427199711368016,Parent-child absolute,I5,Down $5k,Down,5000,Gradient Boosting,3
SHAP,Geography,0.02898328566734643,Parent-child absolute,I5,Down $5k,Down,5000,Gradient Boosting,3
Impurity,Income,0.6383196465357147,Parent-child absolute,I5,Down $5k,Down,5000,Gradient Boosting,4
Impurity,Wealth,0.06768784765937881,Parent-child absolute,I5,Down $5k,Down,5000,Gradient Boosting,4
Impurity,Education,0.034259601418839894,Parent-child absolute,I5,Down $5k,Down,5000,Gradient Boosting,4
Impurity,Demographics,0.12041759874659927,Parent-child absolute,I5,Down $5k,Down,5000,Gradient Boosting,4
Impurity,Family / employment,0.0421142563557282,Parent-child absolute,I5,Down $5k,Down,5000,Gradient Boosting,4
Impurity,Occupation,0.03374537974779313,Parent-child absolute,I5,Down $5k,Down,5000,Gradient Boosting,4
Impurity,Industry,0.05585383285286134,Parent-child absolute,I5,Down $5k,Down,5000,Gradient Boosting,4
Impurity,Geography,0.007601836683084633,Parent-child absolute,I5,Down $5k,Down,5000,Gradient Boosting,4
Permutation,Income,0.20865797100448358,Parent-child absolute,I5,Down $5k,Down,5000,Gradient Boosting,4
Permutation,Wealth,0.0010136668723392083,Parent-child absolute,I5,Down $5k,Down,5000,Gradient Boosting,4
Permutation,Education,-0.0024558590122785106,Parent-child absolute,I5,Down $5k,Down,5000,Gradient Boosting,4
Permutation,Demographics,0.0366299406639769,Parent-child absolute,I5,Down $5k,Down,5000,Gradient Boosting,4
Permutation,Family / employment,0.009437703537356174,Parent-child absolute,I5,Down $5k,Down,5000,Gradient Boosting,4
Permutation,Occupation,0.0042084448374306695,Parent-child absolute,I5,Down $5k,Down,5000,Gradient Boosting,4
Permutation,Industry,0.009740986240940797,Parent-child absolute,I5,Down $5k,Down,5000,Gradient Boosting,4
Permutation,Geography,-0.000985720732541856,Parent-child absolute,I5,Down $5k,Down,5000,Gradient Boosting,4
SHAP,Income,0.4295680135660994,Parent-child absolute,I5,Down $5k,Down,5000,Gradient Boosting,4
SHAP,Wealth,0.030487681470025643,Parent-child absolute,I5,Down $5k,Down,5000,Gradient Boosting,4
SHAP,Education,0.0765480164110265,Parent-child absolute,I5,Down $5k,Down,5000,Gradient Boosting,4
SHAP,Demographics,0.14995111145008055,Parent-child absolute,I5,Down $5k,Down,5000,Gradient Boosting,4
SHAP,Family / employment,0.08142348637781245,Parent-child absolute,I5,Down $5k,Down,5000,Gradient Boosting,4
SHAP,Occupation,0.06647725871725642,Parent-child absolute,I5,Down $5k,Down,5000,Gradient Boosting,4
SHAP,Industry,0.13350908241730397,Parent-child absolute,I5,Down $5k,Down,5000,Gradient Boosting,4
SHAP,Geography,0.03203534959039492,Parent-child absolute,I5,Down $5k,Down,5000,Gradient Boosting,4
Impurity,Income,0.6689609469102898,Parent-child absolute,I5,Down $5k,Down,5000,Gradient Boosting,5
Impurity,Wealth,0.09847734342891279,Parent-child absolute,I5,Down $5k,Down,5000,Gradient Boosting,5
Impurity,Education,0.02034983009069419,Parent-child absolute,I5,Down $5k,Down,5000,Gradient Boosting,5
Impurity,Demographics,0.13437731398607797,Parent-child absolute,I5,Down $5k,Down,5000,Gradient Boosting,5
Impurity,Family / employment,0.011981776919953106,Parent-child absolute,I5,Down $5k,Down,5000,Gradient Boosting,5
Impurity,Occupation,0.020782559757232612,Parent-child absolute,I5,Down $5k,Down,5000,Gradient Boosting,5
Impurity,Industry,0.03429159977211261,Parent-child absolute,I5,Down $5k,Down,5000,Gradient Boosting,5
Impurity,Geography,0.010778629134726972,Parent-child absolute,I5,Down $5k,Down,5000,Gradient Boosting,5
Permutation,Income,0.3472554742690509,Parent-child absolute,I5,Down $5k,Down,5000,Gradient Boosting,5
Permutation,Wealth,-0.0008041730699041904,Parent-child absolute,I5,Down $5k,Down,5000,Gradient Boosting,5
Permutation,Education,0.0034508858371668006,Parent-child absolute,I5,Down $5k,Down,5000,Gradient Boosting,5
Permutation,Demographics,0.010015257238090469,Parent-child absolute,I5,Down $5k,Down,5000,Gradient Boosting,5
Permutation,Family / employment,-6.369587783411346e-05,Parent-child absolute,I5,Down $5k,Down,5000,Gradient Boosting,5
Permutation,Occupation,0.0005073871823441989,Parent-child absolute,I5,Down $5k,Down,5000,Gradient Boosting,5
Permutation,Industry,-0.00571966397619717,Parent-child absolute,I5,Down $5k,Down,5000,Gradient Boosting,5
Permutation,Geography,0.002429608722894294,Parent-child absolute,I5,Down $5k,Down,5000,Gradient Boosting,5
SHAP,Income,0.6211207501504652,Parent-child absolute,I5,Down $5k,Down,5000,Gradient Boosting,5
SHAP,Wealth,0.06665479944624307,Parent-child absolute,I5,Down $5k,Down,5000,Gradient Boosting,5
SHAP,Education,0.03472725018252368,Parent-child absolute,I5,Down $5k,Down,5000,Gradient Boosting,5
SHAP,Demographics,0.13901283207072804,Parent-child absolute,I5,Down $5k,Down,5000,Gradient Boosting,5
SHAP,Family / employment,0.023481966521575262,Parent-child absolute,I5,Down $5k,Down,5000,Gradient Boosting,5
SHAP,Occupation,0.03189476712980273,Parent-child absolute,I5,Down $5k,Down,5000,Gradient Boosting,5
SHAP,Industry,0.06120447253200286,Parent-child absolute,I5,Down $5k,Down,5000,Gradient Boosting,5
SHAP,Geography,0.0219031619666593,Parent-child absolute,I5,Down $5k,Down,5000,Gradient Boosting,5
Impurity,Income,0.5620122382120267,Parent-child absolute,I6,Down $10k,Down,10000,Random Forest,1
Impurity,Wealth,0.14065254323066737,Parent-child absolute,I6,Down $10k,Down,10000,Random Forest,1
Impurity,Education,0.03056876906589359,Parent-child absolute,I6,Down $10k,Down,10000,Random Forest,1
Impurity,Demographics,0.14044028187064442,Parent-child absolute,I6,Down $10k,Down,10000,Random Forest,1
Impurity,Family / employment,0.02872539589413777,Parent-child absolute,I6,Down $10k,Down,10000,Random Forest,1
Impurity,Occupation,0.03415948953811943,Parent-child absolute,I6,Down $10k,Down,10000,Random Forest,1
Impurity,Industry,0.0307449147588932,Parent-child absolute,I6,Down $10k,Down,10000,Random Forest,1
Impurity,Geography,0.03269636742961756,Parent-child absolute,I6,Down $10k,Down,10000,Random Forest,1
Permutation,Income,0.3004251457663181,Parent-child absolute,I6,Down $10k,Down,10000,Random Forest,1
Permutation,Wealth,-0.005333235239178574,Parent-child absolute,I6,Down $10k,Down,10000,Random Forest,1
Permutation,Education,0.0032743265760658002,Parent-child absolute,I6,Down $10k,Down,10000,Random Forest,1
Permutation,Demographics,0.006340890774006791,Parent-child absolute,I6,Down $10k,Down,10000,Random Forest,1
Permutation,Family / employment,-0.0027660062449553825,Parent-child absolute,I6,Down $10k,Down,10000,Random Forest,1
Permutation,Occupation,-0.0033791345369351355,Parent-child absolute,I6,Down $10k,Down,10000,Random Forest,1
Permutation,Industry,-0.0001985567428932855,Parent-child absolute,I6,Down $10k,Down,10000,Random Forest,1
Permutation,Geography,0.0028929080989194833,Parent-child absolute,I6,Down $10k,Down,10000,Random Forest,1
SHAP,Income,0.5712219291478298,Parent-child absolute,I6,Down $10k,Down,10000,Random Forest,1
SHAP,Wealth,0.07902418597178183,Parent-child absolute,I6,Down $10k,Down,10000,Random Forest,1
SHAP,Education,0.03311331463654627,Parent-child absolute,I6,Down $10k,Down,10000,Random Forest,1
SHAP,Demographics,0.15164510452212276,Parent-child absolute,I6,Down $10k,Down,10000,Random Forest,1
SHAP,Family / employment,0.04536708110426815,Parent-child absolute,I6,Down $10k,Down,10000,Random Forest,1
SHAP,Occupation,0.04136470463304033,Parent-child absolute,I6,Down $10k,Down,10000,Random Forest,1
SHAP,Industry,0.042375132243684714,Parent-child absolute,I6,Down $10k,Down,10000,Random Forest,1
SHAP,Geography,0.03588854774072582,Parent-child absolute,I6,Down $10k,Down,10000,Random Forest,1
Impurity,Income,0.5582667997656027,Parent-child absolute,I6,Down $10k,Down,10000,Random Forest,2
Impurity,Wealth,0.13475123099578817,Parent-child absolute,I6,Down $10k,Down,10000,Random Forest,2
Impurity,Education,0.03052761394333616,Parent-child absolute,I6,Down $10k,Down,10000,Random Forest,2
Impurity,Demographics,0.1424896596295294,Parent-child absolute,I6,Down $10k,Down,10000,Random Forest,2
Impurity,Family / employment,0.024410542075908634,Parent-child absolute,I6,Down $10k,Down,10000,Random Forest,2
Impurity,Occupation,0.03265581403141844,Parent-child absolute,I6,Down $10k,Down,10000,Random Forest,2
Impurity,Industry,0.03545346177207859,Parent-child absolute,I6,Down $10k,Down,10000,Random Forest,2
Impurity,Geography,0.0414448777863379,Parent-child absolute,I6,Down $10k,Down,10000,Random Forest,2
Permutation,Income,0.3330606428138497,Parent-child absolute,I6,Down $10k,Down,10000,Random Forest,2
Permutation,Wealth,-0.012227839390043588,Parent-child absolute,I6,Down $10k,Down,10000,Random Forest,2
Permutation,Education,-0.001810063873034873,Parent-child absolute,I6,Down $10k,Down,10000,Random Forest,2
Permutation,Demographics,-0.0002578284570206923,Parent-child absolute,I6,Down $10k,Down,10000,Random Forest,2
Permutation,Family / employment,-0.0030804477934767314,Parent-child absolute,I6,Down $10k,Down,10000,Random Forest,2
Permutation,Occupation,-0.0007809350024975293,Parent-child absolute,I6,Down $10k,Down,10000,Random Forest,2
Permutation,Industry,-0.0020886576253490163,Parent-child absolute,I6,Down $10k,Down,10000,Random Forest,2
Permutation,Geography,-0.004021991047581774,Parent-child absolute,I6,Down $10k,Down,10000,Random Forest,2
SHAP,Income,0.569892965841593,Parent-child absolute,I6,Down $10k,Down,10000,Random Forest,2
SHAP,Wealth,0.06663673698078894,Parent-child absolute,I6,Down $10k,Down,10000,Random Forest,2
SHAP,Education,0.03748089363213688,Parent-child absolute,I6,Down $10k,Down,10000,Random Forest,2
SHAP,Demographics,0.1548511159724296,Parent-child absolute,I6,Down $10k,Down,10000,Random Forest,2
SHAP,Family / employment,0.039405337071563164,Parent-child absolute,I6,Down $10k,Down,10000,Random Forest,2
SHAP,Occupation,0.03396666257690341,Parent-child absolute,I6,Down $10k,Down,10000,Random Forest,2
SHAP,Industry,0.04813027131998349,Parent-child absolute,I6,Down $10k,Down,10000,Random Forest,2
SHAP,Geography,0.04963601660460166,Parent-child absolute,I6,Down $10k,Down,10000,Random Forest,2
Impurity,Income,0.5601316051410847,Parent-child absolute,I6,Down $10k,Down,10000,Random Forest,3
Impurity,Wealth,0.12055866469028091,Parent-child absolute,I6,Down $10k,Down,10000,Random Forest,3
Impurity,Education,0.036206017319344155,Parent-child absolute,I6,Down $10k,Down,10000,Random Forest,3
Impurity,Demographics,0.1448927299864973,Parent-child absolute,I6,Down $10k,Down,10000,Random Forest,3
Impurity,Family / employment,0.025407574254208865,Parent-child absolute,I6,Down $10k,Down,10000,Random Forest,3
Impurity,Occupation,0.03709290946427501,Parent-child absolute,I6,Down $10k,Down,10000,Random Forest,3
Impurity,Industry,0.03295996544870234,Parent-child absolute,I6,Down $10k,Down,10000,Random Forest,3
Impurity,Geography,0.04275053369560668,Parent-child absolute,I6,Down $10k,Down,10000,Random Forest,3
Permutation,Income,0.3560293743182266,Parent-child absolute,I6,Down $10k,Down,10000,Random Forest,3
Permutation,Wealth,0.007810054976391767,Parent-child absolute,I6,Down $10k,Down,10000,Random Forest,3
Permutation,Education,-0.006383796225392957,Parent-child absolute,I6,Down $10k,Down,10000,Random Forest,3
Permutation,Demographics,0.010634810701982212,Parent-child absolute,I6,Down $10k,Down,10000,Random Forest,3
Permutation,Family / employment,-0.0029415829541318272,Parent-child absolute,I6,Down $10k,Down,10000,Random Forest,3
Permutation,Occupation,-0.004999395466777079,Parent-child absolute,I6,Down $10k,Down,10000,Random Forest,3
Permutation,Industry,-0.0041417671529640765,Parent-child absolute,I6,Down $10k,Down,10000,Random Forest,3
Permutation,Geography,-0.011355641585718978,Parent-child absolute,I6,Down $10k,Down,10000,Random Forest,3
SHAP,Income,0.5416740159138157,Parent-child absolute,I6,Down $10k,Down,10000,Random Forest,3
SHAP,Wealth,0.050326274293679425,Parent-child absolute,I6,Down $10k,Down,10000,Random Forest,3
SHAP,Education,0.049862452114866535,Parent-child absolute,I6,Down $10k,Down,10000,Random Forest,3
SHAP,Demographics,0.18146131686184727,Parent-child absolute,I6,Down $10k,Down,10000,Random Forest,3
SHAP,Family / employment,0.03809893445827612,Parent-child absolute,I6,Down $10k,Down,10000,Random Forest,3
SHAP,Occupation,0.03157580726949715,Parent-child absolute,I6,Down $10k,Down,10000,Random Forest,3
SHAP,Industry,0.03425047029453076,Parent-child absolute,I6,Down $10k,Down,10000,Random Forest,3
SHAP,Geography,0.07275072879348707,Parent-child absolute,I6,Down $10k,Down,10000,Random Forest,3
Impurity,Income,0.5791583047481286,Parent-child absolute,I6,Down $10k,Down,10000,Random Forest,4
Impurity,Wealth,0.12003260005010395,Parent-child absolute,I6,Down $10k,Down,10000,Random Forest,4
Impurity,Education,0.0344187493548287,Parent-child absolute,I6,Down $10k,Down,10000,Random Forest,4
Impurity,Demographics,0.13051397128113154,Parent-child absolute,I6,Down $10k,Down,10000,Random Forest,4
Impurity,Family / employment,0.02860857628917585,Parent-child absolute,I6,Down $10k,Down,10000,Random Forest,4
Impurity,Occupation,0.03338003083160974,Parent-child absolute,I6,Down $10k,Down,10000,Random Forest,4
Impurity,Industry,0.035503911774001765,Parent-child absolute,I6,Down $10k,Down,10000,Random Forest,4
Impurity,Geography,0.03838385567101973,Parent-child absolute,I6,Down $10k,Down,10000,Random Forest,4
Permutation,Income,0.3018269635168068,Parent-child absolute,I6,Down $10k,Down,10000,Random Forest,4
Permutation,Wealth,0.008334651797584247,Parent-child absolute,I6,Down $10k,Down,10000,Random Forest,4
Permutation,Education,0.00205238765756553,Parent-child absolute,I6,Down $10k,Down,10000,Random Forest,4
Permutation,Demographics,0.010662847130094254,Parent-child absolute,I6,Down $10k,Down,10000,Random Forest,4
Permutation,Family / employment,0.001932167452829453,Parent-child absolute,I6,Down $10k,Down,10000,Random Forest,4
Permutation,Occupation,-1.119084272304116e-05,Parent-child absolute,I6,Down $10k,Down,10000,Random Forest,4
Permutation,Industry,-0.0021038765845151795,Parent-child absolute,I6,Down $10k,Down,10000,Random Forest,4
Permutation,Geography,-0.0010798323686979417,Parent-child absolute,I6,Down $10k,Down,10000,Random Forest,4
SHAP,Income,0.6112027078407418,Parent-child absolute,I6,Down $10k,Down,10000,Random Forest,4
SHAP,Wealth,0.05872959928458574,Parent-child absolute,I6,Down $10k,Down,10000,Random Forest,4
SHAP,Education,0.039134465019777506,Parent-child absolute,I6,Down $10k,Down,10000,Random Forest,4
SHAP,Demographics,0.1353278889677852,Parent-child absolute,I6,Down $10k,Down,10000,Random Forest,4
SHAP,Family / employment,0.042130703704400384,Parent-child absolute,I6,Down $10k,Down,10000,Random Forest,4
SHAP,Occupation,0.024155046973354265,Parent-child absolute,I6,Down $10k,Down,10000,Random Forest,4
SHAP,Industry,0.04586938293107111,Parent-child absolute,I6,Down $10k,Down,10000,Random Forest,4
SHAP,Geography,0.04345020527828399,Parent-child absolute,I6,Down $10k,Down,10000,Random Forest,4
Impurity,Income,0.5831098510830017,Parent-child absolute,I6,Down $10k,Down,10000,Random Forest,5
Impurity,Wealth,0.1268337205509895,Parent-child absolute,I6,Down $10k,Down,10000,Random Forest,5
Impurity,Education,0.034520313496935635,Parent-child absolute,I6,Down $10k,Down,10000,Random Forest,5
Impurity,Demographics,0.13616211707261328,Parent-child absolute,I6,Down $10k,Down,10000,Random Forest,5
Impurity,Family / employment,0.026873486860069972,Parent-child absolute,I6,Down $10k,Down,10000,Random Forest,5
Impurity,Occupation,0.03444748148596635,Parent-child absolute,I6,Down $10k,Down,10000,Random Forest,5
Impurity,Industry,0.028186990981185024,Parent-child absolute,I6,Down $10k,Down,10000,Random Forest,5
Impurity,Geography,0.02986603846923866,Parent-child absolute,I6,Down $10k,Down,10000,Random Forest,5
Permutation,Income,0.3046945142772186,Parent-child absolute,I6,Down $10k,Down,10000,Random Forest,5
Permutation,Wealth,0.008460341339290123,Parent-child absolute,I6,Down $10k,Down,10000,Random Forest,5
Permutation,Education,0.003059352615275207,Parent-child absolute,I6,Down $10k,Down,10000,Random Forest,5
Permutation,Demographics,0.010313739565943558,Parent-child absolute,I6,Down $10k,Down,10000,Random Forest,5
Permutation,Family / employment,0.0023190241595158257,Parent-child absolute,I6,Down $10k,Down,10000,Random Forest,5
Permutation,Occupation,-0.0008009497733751702,Parent-child absolute,I6,Down $10k,Down,10000,Random Forest,5
Permutation,Industry,-0.00011245654440878994,Parent-child absolute,I6,Down $10k,Down,10000,Random Forest,5
Permutation,Geography,0.005516207573927834,Parent-child absolute,I6,Down $10k,Down,10000,Random Forest,5
SHAP,Income,0.5865680003003582,Parent-child absolute,I6,Down $10k,Down,10000,Random Forest,5
SHAP,Wealth,0.06791484924193335,Parent-child absolute,I6,Down $10k,Down,10000,Random Forest,5
SHAP,Education,0.03915835581589108,Parent-child absolute,I6,Down $10k,Down,10000,Random Forest,5
SHAP,Demographics,0.16193315599268787,Parent-child absolute,I6,Down $10k,Down,10000,Random Forest,5
SHAP,Family / employment,0.04741994188663826,Parent-child absolute,I6,Down $10k,Down,10000,Random Forest,5
SHAP,Occupation,0.03507855233645058,Parent-child absolute,I6,Down $10k,Down,10000,Random Forest,5
SHAP,Industry,0.03184568120148317,Parent-child absolute,I6,Down $10k,Down,10000,Random Forest,5
SHAP,Geography,0.03008146322455751,Parent-child absolute,I6,Down $10k,Down,10000,Random Forest,5
Impurity,Income,0.7091462924979179,Parent-child absolute,I6,Down $10k,Down,10000,Gradient Boosting,1
Impurity,Wealth,0.091249251201935,Parent-child absolute,I6,Down $10k,Down,10000,Gradient Boosting,1
Impurity,Education,0.02199406143765702,Parent-child absolute,I6,Down $10k,Down,10000,Gradient Boosting,1
Impurity,Demographics,0.10446146727079188,Parent-child absolute,I6,Down $10k,Down,10000,Gradient Boosting,1
Impurity,Family / employment,0.008534417830814107,Parent-child absolute,I6,Down $10k,Down,10000,Gradient Boosting,1
Impurity,Occupation,0.026751829605364482,Parent-child absolute,I6,Down $10k,Down,10000,Gradient Boosting,1
Impurity,Industry,0.025726249478669243,Parent-child absolute,I6,Down $10k,Down,10000,Gradient Boosting,1
Impurity,Geography,0.012136430676850187,Parent-child absolute,I6,Down $10k,Down,10000,Gradient Boosting,1
Permutation,Income,0.31388435923021807,Parent-child absolute,I6,Down $10k,Down,10000,Gradient Boosting,1
Permutation,Wealth,-0.0010158242638264425,Parent-child absolute,I6,Down $10k,Down,10000,Gradient Boosting,1
Permutation,Education,0.006068426719094994,Parent-child absolute,I6,Down $10k,Down,10000,Gradient Boosting,1
Permutation,Demographics,0.018706401550175895,Parent-child absolute,I6,Down $10k,Down,10000,Gradient Boosting,1
Permutation,Family / employment,-0.002564595806579484,Parent-child absolute,I6,Down $10k,Down,10000,Gradient Boosting,1
Permutation,Occupation,-0.0019194016870928755,Parent-child absolute,I6,Down $10k,Down,10000,Gradient Boosting,1
Permutation,Industry,0.004746553370420614,Parent-child absolute,I6,Down $10k,Down,10000,Gradient Boosting,1
Permutation,Geography,0.0015463106008762161,Parent-child absolute,I6,Down $10k,Down,10000,Gradient Boosting,1
SHAP,Income,0.6325576629805176,Parent-child absolute,I6,Down $10k,Down,10000,Gradient Boosting,1
SHAP,Wealth,0.0728875455876473,Parent-child absolute,I6,Down $10k,Down,10000,Gradient Boosting,1
SHAP,Education,0.04670791492217963,Parent-child absolute,I6,Down $10k,Down,10000,Gradient Boosting,1
SHAP,Demographics,0.09869815774109011,Parent-child absolute,I6,Down $10k,Down,10000,Gradient Boosting,1
SHAP,Family / employment,0.010073031011942086,Parent-child absolute,I6,Down $10k,Down,10000,Gradient Boosting,1
SHAP,Occupation,0.04683294187808364,Parent-child absolute,I6,Down $10k,Down,10000,Gradient Boosting,1
SHAP,Industry,0.06028013535898226,Parent-child absolute,I6,Down $10k,Down,10000,Gradient Boosting,1
SHAP,Geography,0.03196261051955751,Parent-child absolute,I6,Down $10k,Down,10000,Gradient Boosting,1
Impurity,Income,0.6699933386106254,Parent-child absolute,I6,Down $10k,Down,10000,Gradient Boosting,2
Impurity,Wealth,0.0986540564205097,Parent-child absolute,I6,Down $10k,Down,10000,Gradient Boosting,2
Impurity,Education,0.02348647691186696,Parent-child absolute,I6,Down $10k,Down,10000,Gradient Boosting,2
Impurity,Demographics,0.11510822536889383,Parent-child absolute,I6,Down $10k,Down,10000,Gradient Boosting,2
Impurity,Family / employment,0.00447796947280579,Parent-child absolute,I6,Down $10k,Down,10000,Gradient Boosting,2
Impurity,Occupation,0.027275409243921585,Parent-child absolute,I6,Down $10k,Down,10000,Gradient Boosting,2
Impurity,Industry,0.027763147508641152,Parent-child absolute,I6,Down $10k,Down,10000,Gradient Boosting,2
Impurity,Geography,0.03324137646273548,Parent-child absolute,I6,Down $10k,Down,10000,Gradient Boosting,2
Permutation,Income,0.35146980687031654,Parent-child absolute,I6,Down $10k,Down,10000,Gradient Boosting,2
Permutation,Wealth,-0.015586529424916317,Parent-child absolute,I6,Down $10k,Down,10000,Gradient Boosting,2
Permutation,Education,-0.004115459851273068,Parent-child absolute,I6,Down $10k,Down,10000,Gradient Boosting,2
Permutation,Demographics,0.0025115106691823595,Parent-child absolute,I6,Down $10k,Down,10000,Gradient Boosting,2
Permutation,Family / employment,-0.0022270662104310777,Parent-child absolute,I6,Down $10k,Down,10000,Gradient Boosting,2
Permutation,Occupation,-0.0008343527894467629,Parent-child absolute,I6,Down $10k,Down,10000,Gradient Boosting,2
Permutation,Industry,-0.0028127202792841257,Parent-child absolute,I6,Down $10k,Down,10000,Gradient Boosting,2
Permutation,Geography,-0.007512549870903745,Parent-child absolute,I6,Down $10k,Down,10000,Gradient Boosting,2
SHAP,Income,0.6076161080782332,Parent-child absolute,I6,Down $10k,Down,10000,Gradient Boosting,2
SHAP,Wealth,0.07653042971910506,Parent-child absolute,I6,Down $10k,Down,10000,Gradient Boosting,2
SHAP,Education,0.0483141446998007,Parent-child absolute,I6,Down $10k,Down,10000,Gradient Boosting,2
SHAP,Demographics,0.10979785605278905,Parent-child absolute,I6,Down $10k,Down,10000,Gradient Boosting,2
SHAP,Family / employment,0.014085223809657006,Parent-child absolute,I6,Down $10k,Down,10000,Gradient Boosting,2
SHAP,Occupation,0.03683445080526035,Parent-child absolute,I6,Down $10k,Down,10000,Gradient Boosting,2
SHAP,Industry,0.05403104760628259,Parent-child absolute,I6,Down $10k,Down,10000,Gradient Boosting,2
SHAP,Geography,0.052790739228871876,Parent-child absolute,I6,Down $10k,Down,10000,Gradient Boosting,2
Impurity,Income,0.7020927363492158,Parent-child absolute,I6,Down $10k,Down,10000,Gradient Boosting,3
Impurity,Wealth,0.06700713164335952,Parent-child absolute,I6,Down $10k,Down,10000,Gradient Boosting,3
Impurity,Education,0.027848667798726585,Parent-child absolute,I6,Down $10k,Down,10000,Gradient Boosting,3
Impurity,Demographics,0.11456577455414454,Parent-child absolute,I6,Down $10k,Down,10000,Gradient Boosting,3
Impurity,Family / employment,0.0056125134221122214,Parent-child absolute,I6,Down $10k,Down,10000,Gradient Boosting,3
Impurity,Occupation,0.03244416205074552,Parent-child absolute,I6,Down $10k,Down,10000,Gradient Boosting,3
Impurity,Industry,0.02186882149653441,Parent-child absolute,I6,Down $10k,Down,10000,Gradient Boosting,3
Impurity,Geography,0.028560192685161617,Parent-child absolute,I6,Down $10k,Down,10000,Gradient Boosting,3
Permutation,Income,0.39494017711376117,Parent-child absolute,I6,Down $10k,Down,10000,Gradient Boosting,3
Permutation,Wealth,0.01585479066205836,Parent-child absolute,I6,Down $10k,Down,10000,Gradient Boosting,3
Permutation,Education,0.0021436417962082234,Parent-child absolute,I6,Down $10k,Down,10000,Gradient Boosting,3
Permutation,Demographics,0.024726900481489417,Parent-child absolute,I6,Down $10k,Down,10000,Gradient Boosting,3
Permutation,Family / employment,0.0004538759035289053,Parent-child absolute,I6,Down $10k,Down,10000,Gradient Boosting,3
Permutation,Occupation,6.296515316457918e-05,Parent-child absolute,I6,Down $10k,Down,10000,Gradient Boosting,3
Permutation,Industry,0.003323996631236065,Parent-child absolute,I6,Down $10k,Down,10000,Gradient Boosting,3
Permutation,Geography,-0.008603243169041463,Parent-child absolute,I6,Down $10k,Down,10000,Gradient Boosting,3
SHAP,Income,0.5961915051014423,Parent-child absolute,I6,Down $10k,Down,10000,Gradient Boosting,3
SHAP,Wealth,0.05011939880590941,Parent-child absolute,I6,Down $10k,Down,10000,Gradient Boosting,3
SHAP,Education,0.04735695087218566,Parent-child absolute,I6,Down $10k,Down,10000,Gradient Boosting,3
SHAP,Demographics,0.13228750818166343,Parent-child absolute,I6,Down $10k,Down,10000,Gradient Boosting,3
SHAP,Family / employment,0.012614539349908459,Parent-child absolute,I6,Down $10k,Down,10000,Gradient Boosting,3
SHAP,Occupation,0.044541957696864885,Parent-child absolute,I6,Down $10k,Down,10000,Gradient Boosting,3
SHAP,Industry,0.04487934209613474,Parent-child absolute,I6,Down $10k,Down,10000,Gradient Boosting,3
SHAP,Geography,0.072008797895891,Parent-child absolute,I6,Down $10k,Down,10000,Gradient Boosting,3
Impurity,Income,0.6980611999180607,Parent-child absolute,I6,Down $10k,Down,10000,Gradient Boosting,4
Impurity,Wealth,0.08528242825239386,Parent-child absolute,I6,Down $10k,Down,10000,Gradient Boosting,4
Impurity,Education,0.027115583984847542,Parent-child absolute,I6,Down $10k,Down,10000,Gradient Boosting,4
Impurity,Demographics,0.11514256666365964,Parent-child absolute,I6,Down $10k,Down,10000,Gradient Boosting,4
Impurity,Family / employment,0.00311151288368883,Parent-child absolute,I6,Down $10k,Down,10000,Gradient Boosting,4
Impurity,Occupation,0.02110953358893806,Parent-child absolute,I6,Down $10k,Down,10000,Gradient Boosting,4
Impurity,Industry,0.03529547272668368,Parent-child absolute,I6,Down $10k,Down,10000,Gradient Boosting,4
Impurity,Geography,0.014881701981727821,Parent-child absolute,I6,Down $10k,Down,10000,Gradient Boosting,4
Permutation,Income,0.3306159934201921,Parent-child absolute,I6,Down $10k,Down,10000,Gradient Boosting,4
Permutation,Wealth,0.006696376627515282,Parent-child absolute,I6,Down $10k,Down,10000,Gradient Boosting,4
Permutation,Education,0.005163809691501414,Parent-child absolute,I6,Down $10k,Down,10000,Gradient Boosting,4
Permutation,Demographics,0.013066623567302598,Parent-child absolute,I6,Down $10k,Down,10000,Gradient Boosting,4
Permutation,Family / employment,-0.0009039535545082078,Parent-child absolute,I6,Down $10k,Down,10000,Gradient Boosting,4
Permutation,Occupation,0.0012021227174814353,Parent-child absolute,I6,Down $10k,Down,10000,Gradient Boosting,4
Permutation,Industry,-0.0035294285078437903,Parent-child absolute,I6,Down $10k,Down,10000,Gradient Boosting,4
Permutation,Geography,0.0016301032482843036,Parent-child absolute,I6,Down $10k,Down,10000,Gradient Boosting,4
SHAP,Income,0.6534785091743098,Parent-child absolute,I6,Down $10k,Down,10000,Gradient Boosting,4
SHAP,Wealth,0.06552799334617464,Parent-child absolute,I6,Down $10k,Down,10000,Gradient Boosting,4
SHAP,Education,0.049768602593669636,Parent-child absolute,I6,Down $10k,Down,10000,Gradient Boosting,4
SHAP,Demographics,0.08773809960614139,Parent-child absolute,I6,Down $10k,Down,10000,Gradient Boosting,4
SHAP,Family / employment,0.0066234617988652125,Parent-child absolute,I6,Down $10k,Down,10000,Gradient Boosting,4
SHAP,Occupation,0.03008537131781352,Parent-child absolute,I6,Down $10k,Down,10000,Gradient Boosting,4
SHAP,Industry,0.07154236640221799,Parent-child absolute,I6,Down $10k,Down,10000,Gradient Boosting,4
SHAP,Geography,0.03523559576080772,Parent-child absolute,I6,Down $10k,Down,10000,Gradient Boosting,4
Impurity,Income,0.702302577471507,Parent-child absolute,I6,Down $10k,Down,10000,Gradient Boosting,5
Impurity,Wealth,0.10403415173295283,Parent-child absolute,I6,Down $10k,Down,10000,Gradient Boosting,5
Impurity,Education,0.022247325612443112,Parent-child absolute,I6,Down $10k,Down,10000,Gradient Boosting,5
Impurity,Demographics,0.10437363984042815,Parent-child absolute,I6,Down $10k,Down,10000,Gradient Boosting,5
Impurity,Family / employment,0.003620771299755959,Parent-child absolute,I6,Down $10k,Down,10000,Gradient Boosting,5
Impurity,Occupation,0.03034874152460494,Parent-child absolute,I6,Down $10k,Down,10000,Gradient Boosting,5
Impurity,Industry,0.022178539682361345,Parent-child absolute,I6,Down $10k,Down,10000,Gradient Boosting,5
Impurity,Geography,0.010894252835946552,Parent-child absolute,I6,Down $10k,Down,10000,Gradient Boosting,5
Permutation,Income,0.3241147474773494,Parent-child absolute,I6,Down $10k,Down,10000,Gradient Boosting,5
Permutation,Wealth,-0.000554586965371745,Parent-child absolute,I6,Down $10k,Down,10000,Gradient Boosting,5
Permutation,Education,0.004223370643239338,Parent-child absolute,I6,Down $10k,Down,10000,Gradient Boosting,5
Permutation,Demographics,0.005740034695237778,Parent-child absolute,I6,Down $10k,Down,10000,Gradient Boosting,5
Permutation,Family / employment,0.0008767052656106722,Parent-child absolute,I6,Down $10k,Down,10000,Gradient Boosting,5
Permutation,Occupation,0.003071529389753602,Parent-child absolute,I6,Down $10k,Down,10000,Gradient Boosting,5
Permutation,Industry,0.003370965964328282,Parent-child absolute,I6,Down $10k,Down,10000,Gradient Boosting,5
Permutation,Geography,0.001371130363817047,Parent-child absolute,I6,Down $10k,Down,10000,Gradient Boosting,5
SHAP,Income,0.6264714151335147,Parent-child absolute,I6,Down $10k,Down,10000,Gradient Boosting,5
SHAP,Wealth,0.0843345570148844,Parent-child absolute,I6,Down $10k,Down,10000,Gradient Boosting,5
SHAP,Education,0.04885594529327748,Parent-child absolute,I6,Down $10k,Down,10000,Gradient Boosting,5
SHAP,Demographics,0.1199461016851026,Parent-child absolute,I6,Down $10k,Down,10000,Gradient Boosting,5
SHAP,Family / employment,0.00660692604030453,Parent-child absolute,I6,Down $10k,Down,10000,Gradient Boosting,5
SHAP,Occupation,0.04181433727567639,Parent-child absolute,I6,Down $10k,Down,10000,Gradient Boosting,5
SHAP,Industry,0.04247063474852291,Parent-child absolute,I6,Down $10k,Down,10000,Gradient Boosting,5
SHAP,Geography,0.029500082808717108,Parent-child absolute,I6,Down $10k,Down,10000,Gradient Boosting,5
Impurity,Income,0.6016268388305419,Parent-child absolute,I7,Down $15k,Down,15000,Random Forest,1
Impurity,Wealth,0.12461722091560533,Parent-child absolute,I7,Down $15k,Down,15000,Random Forest,1
Impurity,Education,0.028560314306095885,Parent-child absolute,I7,Down $15k,Down,15000,Random Forest,1
Impurity,Demographics,0.13272020741936158,Parent-child absolute,I7,Down $15k,Down,15000,Random Forest,1
Impurity,Family / employment,0.020479008066279364,Parent-child absolute,I7,Down $15k,Down,15000,Random Forest,1
Impurity,Occupation,0.03319924045874986,Parent-child absolute,I7,Down $15k,Down,15000,Random Forest,1
Impurity,Industry,0.030888690527382787,Parent-child absolute,I7,Down $15k,Down,15000,Random Forest,1
Impurity,Geography,0.0279084794759834,Parent-child absolute,I7,Down $15k,Down,15000,Random Forest,1
Permutation,Income,0.31977973006008015,Parent-child absolute,I7,Down $15k,Down,15000,Random Forest,1
Permutation,Wealth,0.0018451579179230959,Parent-child absolute,I7,Down $15k,Down,15000,Random Forest,1
Permutation,Education,-0.0004611749587503988,Parent-child absolute,I7,Down $15k,Down,15000,Random Forest,1
Permutation,Demographics,0.007862733724124344,Parent-child absolute,I7,Down $15k,Down,15000,Random Forest,1
Permutation,Family / employment,0.0022019807242528665,Parent-child absolute,I7,Down $15k,Down,15000,Random Forest,1
Permutation,Occupation,-0.0005535624699102681,Parent-child absolute,I7,Down $15k,Down,15000,Random Forest,1
Permutation,Industry,-0.0021021592397377,Parent-child absolute,I7,Down $15k,Down,15000,Random Forest,1
Permutation,Geography,0.0038563999117639967,Parent-child absolute,I7,Down $15k,Down,15000,Random Forest,1
SHAP,Income,0.6433343281642634,Parent-child absolute,I7,Down $15k,Down,15000,Random Forest,1
SHAP,Wealth,0.06572163453766923,Parent-child absolute,I7,Down $15k,Down,15000,Random Forest,1
SHAP,Education,0.029557110061050766,Parent-child absolute,I7,Down $15k,Down,15000,Random Forest,1
SHAP,Demographics,0.1511794587771811,Parent-child absolute,I7,Down $15k,Down,15000,Random Forest,1
SHAP,Family / employment,0.022705011021656677,Parent-child absolute,I7,Down $15k,Down,15000,Random Forest,1
SHAP,Occupation,0.029677632096177384,Parent-child absolute,I7,Down $15k,Down,15000,Random Forest,1
SHAP,Industry,0.03478678925780043,Parent-child absolute,I7,Down $15k,Down,15000,Random Forest,1
SHAP,Geography,0.02303803608420101,Parent-child absolute,I7,Down $15k,Down,15000,Random Forest,1
Impurity,Income,0.59311070871566,Parent-child absolute,I7,Down $15k,Down,15000,Random Forest,2
Impurity,Wealth,0.13878847075659903,Parent-child absolute,I7,Down $15k,Down,15000,Random Forest,2
Impurity,Education,0.032335934657159525,Parent-child absolute,I7,Down $15k,Down,15000,Random Forest,2
Impurity,Demographics,0.11491819646087094,Parent-child absolute,I7,Down $15k,Down,15000,Random Forest,2
Impurity,Family / employment,0.01896419414461414,Parent-child absolute,I7,Down $15k,Down,15000,Random Forest,2
Impurity,Occupation,0.0329886661718672,Parent-child absolute,I7,Down $15k,Down,15000,Random Forest,2
Impurity,Industry,0.032382467620752774,Parent-child absolute,I7,Down $15k,Down,15000,Random Forest,2
Impurity,Geography,0.03651136147247651,Parent-child absolute,I7,Down $15k,Down,15000,Random Forest,2
Permutation,Income,0.35356013065552083,Parent-child absolute,I7,Down $15k,Down,15000,Random Forest,2
Permutation,Wealth,0.013811525378698364,Parent-child absolute,I7,Down $15k,Down,15000,Random Forest,2
Permutation,Education,-0.0017517106631634361,Parent-child absolute,I7,Down $15k,Down,15000,Random Forest,2
Permutation,Demographics,0.015138039782976254,Parent-child absolute,I7,Down $15k,Down,15000,Random Forest,2
Permutation,Family / employment,-0.00038635677711942873,Parent-child absolute,I7,Down $15k,Down,15000,Random Forest,2
Permutation,Occupation,-0.0011510918409303405,Parent-child absolute,I7,Down $15k,Down,15000,Random Forest,2
Permutation,Industry,-0.0020682718502321173,Parent-child absolute,I7,Down $15k,Down,15000,Random Forest,2
Permutation,Geography,-0.001977334912133616,Parent-child absolute,I7,Down $15k,Down,15000,Random Forest,2
SHAP,Income,0.6002575946712493,Parent-child absolute,I7,Down $15k,Down,15000,Random Forest,2
SHAP,Wealth,0.09241648509708983,Parent-child absolute,I7,Down $15k,Down,15000,Random Forest,2
SHAP,Education,0.046603941077885555,Parent-child absolute,I7,Down $15k,Down,15000,Random Forest,2
SHAP,Demographics,0.11398936581151,Parent-child absolute,I7,Down $15k,Down,15000,Random Forest,2
SHAP,Family / employment,0.026068617825773716,Parent-child absolute,I7,Down $15k,Down,15000,Random Forest,2
SHAP,Occupation,0.025539442570272818,Parent-child absolute,I7,Down $15k,Down,15000,Random Forest,2
SHAP,Industry,0.039827851695691786,Parent-child absolute,I7,Down $15k,Down,15000,Random Forest,2
SHAP,Geography,0.055296701250526915,Parent-child absolute,I7,Down $15k,Down,15000,Random Forest,2
Impurity,Income,0.5845352232374691,Parent-child absolute,I7,Down $15k,Down,15000,Random Forest,3
Impurity,Wealth,0.12752010532247193,Parent-child absolute,I7,Down $15k,Down,15000,Random Forest,3
Impurity,Education,0.028641631138918683,Parent-child absolute,I7,Down $15k,Down,15000,Random Forest,3
Impurity,Demographics,0.12501442158974815,Parent-child absolute,I7,Down $15k,Down,15000,Random Forest,3
Impurity,Family / employment,0.027822176863953933,Parent-child absolute,I7,Down $15k,Down,15000,Random Forest,3
Impurity,Occupation,0.033383712848890496,Parent-child absolute,I7,Down $15k,Down,15000,Random Forest,3
Impurity,Industry,0.03474131679931739,Parent-child absolute,I7,Down $15k,Down,15000,Random Forest,3
Impurity,Geography,0.038341412199230374,Parent-child absolute,I7,Down $15k,Down,15000,Random Forest,3
Permutation,Income,0.32466066541836747,Parent-child absolute,I7,Down $15k,Down,15000,Random Forest,3
Permutation,Wealth,-0.0011140867169438407,Parent-child absolute,I7,Down $15k,Down,15000,Random Forest,3
Permutation,Education,-0.0016143573173359681,Parent-child absolute,I7,Down $15k,Down,15000,Random Forest,3
Permutation,Demographics,0.0014784898311405391,Parent-child absolute,I7,Down $15k,Down,15000,Random Forest,3
Permutation,Family / employment,-0.0025460275594219816,Parent-child absolute,I7,Down $15k,Down,15000,Random Forest,3
Permutation,Occupation,-0.0026372929298819903,Parent-child absolute,I7,Down $15k,Down,15000,Random Forest,3
Permutation,Industry,-0.000990456965216341,Parent-child absolute,I7,Down $15k,Down,15000,Random Forest,3
Permutation,Geography,-0.006311731481468674,Parent-child absolute,I7,Down $15k,Down,15000,Random Forest,3
SHAP,Income,0.5948366858468765,Parent-child absolute,I7,Down $15k,Down,15000,Random Forest,3
SHAP,Wealth,0.07040263948701544,Parent-child absolute,I7,Down $15k,Down,15000,Random Forest,3
SHAP,Education,0.03131099731446896,Parent-child absolute,I7,Down $15k,Down,15000,Random Forest,3
SHAP,Demographics,0.1348392106643151,Parent-child absolute,I7,Down $15k,Down,15000,Random Forest,3
SHAP,Family / employment,0.033627444648312826,Parent-child absolute,I7,Down $15k,Down,15000,Random Forest,3
SHAP,Occupation,0.033345752823802983,Parent-child absolute,I7,Down $15k,Down,15000,Random Forest,3
SHAP,Industry,0.04775016092196537,Parent-child absolute,I7,Down $15k,Down,15000,Random Forest,3
SHAP,Geography,0.053887108293242746,Parent-child absolute,I7,Down $15k,Down,15000,Random Forest,3
Impurity,Income,0.5951339277381192,Parent-child absolute,I7,Down $15k,Down,15000,Random Forest,4
Impurity,Wealth,0.11959605175218548,Parent-child absolute,I7,Down $15k,Down,15000,Random Forest,4
Impurity,Education,0.027272283142140745,Parent-child absolute,I7,Down $15k,Down,15000,Random Forest,4
Impurity,Demographics,0.13341539845482056,Parent-child absolute,I7,Down $15k,Down,15000,Random Forest,4
Impurity,Family / employment,0.023748183760874998,Parent-child absolute,I7,Down $15k,Down,15000,Random Forest,4
Impurity,Occupation,0.03469593791241926,Parent-child absolute,I7,Down $15k,Down,15000,Random Forest,4
Impurity,Industry,0.03216756795275408,Parent-child absolute,I7,Down $15k,Down,15000,Random Forest,4
Impurity,Geography,0.0339706492866857,Parent-child absolute,I7,Down $15k,Down,15000,Random Forest,4
Permutation,Income,0.3495626006307685,Parent-child absolute,I7,Down $15k,Down,15000,Random Forest,4
Permutation,Wealth,0.006678073381435218,Parent-child absolute,I7,Down $15k,Down,15000,Random Forest,4
Permutation,Education,0.0030809310167877356,Parent-child absolute,I7,Down $15k,Down,15000,Random Forest,4
Permutation,Demographics,0.004243474726907864,Parent-child absolute,I7,Down $15k,Down,15000,Random Forest,4
Permutation,Family / employment,-0.0017359753526126232,Parent-child absolute,I7,Down $15k,Down,15000,Random Forest,4
Permutation,Occupation,0.00030759437815324755,Parent-child absolute,I7,Down $15k,Down,15000,Random Forest,4
Permutation,Industry,-0.0008489902859937059,Parent-child absolute,I7,Down $15k,Down,15000,Random Forest,4
Permutation,Geography,-0.002144620437634942,Parent-child absolute,I7,Down $15k,Down,15000,Random Forest,4
SHAP,Income,0.6012643094608605,Parent-child absolute,I7,Down $15k,Down,15000,Random Forest,4
SHAP,Wealth,0.0603752912646122,Parent-child absolute,I7,Down $15k,Down,15000,Random Forest,4
SHAP,Education,0.022596603034898435,Parent-child absolute,I7,Down $15k,Down,15000,Random Forest,4
SHAP,Demographics,0.15209651568796673,Parent-child absolute,I7,Down $15k,Down,15000,Random Forest,4
SHAP,Family / employment,0.02858235713853748,Parent-child absolute,I7,Down $15k,Down,15000,Random Forest,4
SHAP,Occupation,0.032577072779433475,Parent-child absolute,I7,Down $15k,Down,15000,Random Forest,4
SHAP,Industry,0.043262319250664295,Parent-child absolute,I7,Down $15k,Down,15000,Random Forest,4
SHAP,Geography,0.05924553138302691,Parent-child absolute,I7,Down $15k,Down,15000,Random Forest,4
Impurity,Income,0.5794804139564721,Parent-child absolute,I7,Down $15k,Down,15000,Random Forest,5
Impurity,Wealth,0.1373849673552989,Parent-child absolute,I7,Down $15k,Down,15000,Random Forest,5
Impurity,Education,0.03412323306253147,Parent-child absolute,I7,Down $15k,Down,15000,Random Forest,5
Impurity,Demographics,0.1154453794610191,Parent-child absolute,I7,Down $15k,Down,15000,Random Forest,5
Impurity,Family / employment,0.02986784436314705,Parent-child absolute,I7,Down $15k,Down,15000,Random Forest,5
Impurity,Occupation,0.03816429597292507,Parent-child absolute,I7,Down $15k,Down,15000,Random Forest,5
Impurity,Industry,0.033288669182675895,Parent-child absolute,I7,Down $15k,Down,15000,Random Forest,5
Impurity,Geography,0.03224519664593034,Parent-child absolute,I7,Down $15k,Down,15000,Random Forest,5
Permutation,Income,0.3324634073435029,Parent-child absolute,I7,Down $15k,Down,15000,Random Forest,5
Permutation,Wealth,-3.941602991331949e-05,Parent-child absolute,I7,Down $15k,Down,15000,Random Forest,5
Permutation,Education,-0.004130336689674635,Parent-child absolute,I7,Down $15k,Down,15000,Random Forest,5
Permutation,Demographics,0.005107295614063057,Parent-child absolute,I7,Down $15k,Down,15000,Random Forest,5
Permutation,Family / employment,-0.002631573832564371,Parent-child absolute,I7,Down $15k,Down,15000,Random Forest,5
Permutation,Occupation,-0.001957339897209848,Parent-child absolute,I7,Down $15k,Down,15000,Random Forest,5
Permutation,Industry,-0.004796206076711657,Parent-child absolute,I7,Down $15k,Down,15000,Random Forest,5
Permutation,Geography,0.00016342744227046957,Parent-child absolute,I7,Down $15k,Down,15000,Random Forest,5
SHAP,Income,0.6108605882636694,Parent-child absolute,I7,Down $15k,Down,15000,Random Forest,5
SHAP,Wealth,0.0688576020623066,Parent-child absolute,I7,Down $15k,Down,15000,Random Forest,5
SHAP,Education,0.04869345137081493,Parent-child absolute,I7,Down $15k,Down,15000,Random Forest,5
SHAP,Demographics,0.09699581591972024,Parent-child absolute,I7,Down $15k,Down,15000,Random Forest,5
SHAP,Family / employment,0.03916196326068426,Parent-child absolute,I7,Down $15k,Down,15000,Random Forest,5
SHAP,Occupation,0.04630557982708647,Parent-child absolute,I7,Down $15k,Down,15000,Random Forest,5
SHAP,Industry,0.048215228386906235,Parent-child absolute,I7,Down $15k,Down,15000,Random Forest,5
SHAP,Geography,0.040909770908811996,Parent-child absolute,I7,Down $15k,Down,15000,Random Forest,5
Impurity,Income,0.718910266635948,Parent-child absolute,I7,Down $15k,Down,15000,Gradient Boosting,1
Impurity,Wealth,0.10518407016202856,Parent-child absolute,I7,Down $15k,Down,15000,Gradient Boosting,1
Impurity,Education,0.01381299361196131,Parent-child absolute,I7,Down $15k,Down,15000,Gradient Boosting,1
Impurity,Demographics,0.10213756186594847,Parent-child absolute,I7,Down $15k,Down,15000,Gradient Boosting,1
Impurity,Family / employment,0.002211881065657702,Parent-child absolute,I7,Down $15k,Down,15000,Gradient Boosting,1
Impurity,Occupation,0.021300440190724534,Parent-child absolute,I7,Down $15k,Down,15000,Gradient Boosting,1
Impurity,Industry,0.025338036798272956,Parent-child absolute,I7,Down $15k,Down,15000,Gradient Boosting,1
Impurity,Geography,0.011104749669458635,Parent-child absolute,I7,Down $15k,Down,15000,Gradient Boosting,1
Permutation,Income,0.34443972832571124,Parent-child absolute,I7,Down $15k,Down,15000,Gradient Boosting,1
Permutation,Wealth,0.004416826580292771,Parent-child absolute,I7,Down $15k,Down,15000,Gradient Boosting,1
Permutation,Education,0.0011661558180046828,Parent-child absolute,I7,Down $15k,Down,15000,Gradient Boosting,1
Permutation,Demographics,0.004185256951409905,Parent-child absolute,I7,Down $15k,Down,15000,Gradient Boosting,1
Permutation,Family / employment,-0.0009433906556978178,Parent-child absolute,I7,Down $15k,Down,15000,Gradient Boosting,1
Permutation,Occupation,3.424894379119858e-05,Parent-child absolute,I7,Down $15k,Down,15000,Gradient Boosting,1
Permutation,Industry,6.605348665756905e-05,Parent-child absolute,I7,Down $15k,Down,15000,Gradient Boosting,1
Permutation,Geography,0.0014587050491709553,Parent-child absolute,I7,Down $15k,Down,15000,Gradient Boosting,1
SHAP,Income,0.6941764657065288,Parent-child absolute,I7,Down $15k,Down,15000,Gradient Boosting,1
SHAP,Wealth,0.07586179753316183,Parent-child absolute,I7,Down $15k,Down,15000,Gradient Boosting,1
SHAP,Education,0.03626941775443498,Parent-child absolute,I7,Down $15k,Down,15000,Gradient Boosting,1
SHAP,Demographics,0.08911585305990805,Parent-child absolute,I7,Down $15k,Down,15000,Gradient Boosting,1
SHAP,Family / employment,0.0028576113074195676,Parent-child absolute,I7,Down $15k,Down,15000,Gradient Boosting,1
SHAP,Occupation,0.0198957554465304,Parent-child absolute,I7,Down $15k,Down,15000,Gradient Boosting,1
SHAP,Industry,0.058360091468751325,Parent-child absolute,I7,Down $15k,Down,15000,Gradient Boosting,1
SHAP,Geography,0.023463007723265157,Parent-child absolute,I7,Down $15k,Down,15000,Gradient Boosting,1
Impurity,Income,0.7141959230187566,Parent-child absolute,I7,Down $15k,Down,15000,Gradient Boosting,2
Impurity,Wealth,0.09555063164924868,Parent-child absolute,I7,Down $15k,Down,15000,Gradient Boosting,2
Impurity,Education,0.02349082161134474,Parent-child absolute,I7,Down $15k,Down,15000,Gradient Boosting,2
Impurity,Demographics,0.08407243278375577,Parent-child absolute,I7,Down $15k,Down,15000,Gradient Boosting,2
Impurity,Family / employment,0.0013863081559350372,Parent-child absolute,I7,Down $15k,Down,15000,Gradient Boosting,2
Impurity,Occupation,0.03342039912233793,Parent-child absolute,I7,Down $15k,Down,15000,Gradient Boosting,2
Impurity,Industry,0.026599590955277967,Parent-child absolute,I7,Down $15k,Down,15000,Gradient Boosting,2
Impurity,Geography,0.02128389270334332,Parent-child absolute,I7,Down $15k,Down,15000,Gradient Boosting,2
Permutation,Income,0.37439849212520865,Parent-child absolute,I7,Down $15k,Down,15000,Gradient Boosting,2
Permutation,Wealth,0.01205980990341573,Parent-child absolute,I7,Down $15k,Down,15000,Gradient Boosting,2
Permutation,Education,-0.002644493243786139,Parent-child absolute,I7,Down $15k,Down,15000,Gradient Boosting,2
Permutation,Demographics,0.012638007606055341,Parent-child absolute,I7,Down $15k,Down,15000,Gradient Boosting,2
Permutation,Family / employment,-0.0003811449766791264,Parent-child absolute,I7,Down $15k,Down,15000,Gradient Boosting,2
Permutation,Occupation,-0.0014527024638713638,Parent-child absolute,I7,Down $15k,Down,15000,Gradient Boosting,2
Permutation,Industry,-0.003958479337833459,Parent-child absolute,I7,Down $15k,Down,15000,Gradient Boosting,2
Permutation,Geography,-0.0024309667029769667,Parent-child absolute,I7,Down $15k,Down,15000,Gradient Boosting,2
SHAP,Income,0.6461365136839502,Parent-child absolute,I7,Down $15k,Down,15000,Gradient Boosting,2
SHAP,Wealth,0.09005966616301354,Parent-child absolute,I7,Down $15k,Down,15000,Gradient Boosting,2
SHAP,Education,0.05764805997099111,Parent-child absolute,I7,Down $15k,Down,15000,Gradient Boosting,2
SHAP,Demographics,0.06737087832840892,Parent-child absolute,I7,Down $15k,Down,15000,Gradient Boosting,2
SHAP,Family / employment,0.002038898374207732,Parent-child absolute,I7,Down $15k,Down,15000,Gradient Boosting,2
SHAP,Occupation,0.03577910731299911,Parent-child absolute,I7,Down $15k,Down,15000,Gradient Boosting,2
SHAP,Industry,0.038487465733796314,Parent-child absolute,I7,Down $15k,Down,15000,Gradient Boosting,2
SHAP,Geography,0.062479410432633026,Parent-child absolute,I7,Down $15k,Down,15000,Gradient Boosting,2
Impurity,Income,0.7229707205996992,Parent-child absolute,I7,Down $15k,Down,15000,Gradient Boosting,3
Impurity,Wealth,0.09757981160855787,Parent-child absolute,I7,Down $15k,Down,15000,Gradient Boosting,3
Impurity,Education,0.01688114427923129,Parent-child absolute,I7,Down $15k,Down,15000,Gradient Boosting,3
Impurity,Demographics,0.08572260401952471,Parent-child absolute,I7,Down $15k,Down,15000,Gradient Boosting,3
Impurity,Family / employment,0.002788229850310151,Parent-child absolute,I7,Down $15k,Down,15000,Gradient Boosting,3
Impurity,Occupation,0.02756118637763363,Parent-child absolute,I7,Down $15k,Down,15000,Gradient Boosting,3
Impurity,Industry,0.025497319989380627,Parent-child absolute,I7,Down $15k,Down,15000,Gradient Boosting,3
Impurity,Geography,0.020998983275662627,Parent-child absolute,I7,Down $15k,Down,15000,Gradient Boosting,3
Permutation,Income,0.3529049707681281,Parent-child absolute,I7,Down $15k,Down,15000,Gradient Boosting,3
Permutation,Wealth,0.0035254421308754946,Parent-child absolute,I7,Down $15k,Down,15000,Gradient Boosting,3
Permutation,Education,0.0018422999557307696,Parent-child absolute,I7,Down $15k,Down,15000,Gradient Boosting,3
Permutation,Demographics,0.005948940816625637,Parent-child absolute,I7,Down $15k,Down,15000,Gradient Boosting,3
Permutation,Family / employment,-0.000630157826118749,Parent-child absolute,I7,Down $15k,Down,15000,Gradient Boosting,3
Permutation,Occupation,-0.0037431295272084054,Parent-child absolute,I7,Down $15k,Down,15000,Gradient Boosting,3
Permutation,Industry,-0.00127144104489062,Parent-child absolute,I7,Down $15k,Down,15000,Gradient Boosting,3
Permutation,Geography,-0.00044078390291975577,Parent-child absolute,I7,Down $15k,Down,15000,Gradient Boosting,3
SHAP,Income,0.6435427693390229,Parent-child absolute,I7,Down $15k,Down,15000,Gradient Boosting,3
SHAP,Wealth,0.06830121530086525,Parent-child absolute,I7,Down $15k,Down,15000,Gradient Boosting,3
SHAP,Education,0.03601342270447318,Parent-child absolute,I7,Down $15k,Down,15000,Gradient Boosting,3
SHAP,Demographics,0.08660569884625191,Parent-child absolute,I7,Down $15k,Down,15000,Gradient Boosting,3
SHAP,Family / employment,0.003040797498020174,Parent-child absolute,I7,Down $15k,Down,15000,Gradient Boosting,3
SHAP,Occupation,0.03672377899798683,Parent-child absolute,I7,Down $15k,Down,15000,Gradient Boosting,3
SHAP,Industry,0.07171888183122523,Parent-child absolute,I7,Down $15k,Down,15000,Gradient Boosting,3
SHAP,Geography,0.0540534354821546,Parent-child absolute,I7,Down $15k,Down,15000,Gradient Boosting,3
Impurity,Income,0.6720201683727239,Parent-child absolute,I7,Down $15k,Down,15000,Gradient Boosting,4
Impurity,Wealth,0.05457729048248598,Parent-child absolute,I7,Down $15k,Down,15000,Gradient Boosting,4
Impurity,Education,0.027958491727389123,Parent-child absolute,I7,Down $15k,Down,15000,Gradient Boosting,4
Impurity,Demographics,0.11035903148593068,Parent-child absolute,I7,Down $15k,Down,15000,Gradient Boosting,4
Impurity,Family / employment,0.024912481923563025,Parent-child absolute,I7,Down $15k,Down,15000,Gradient Boosting,4
Impurity,Occupation,0.0461819759514565,Parent-child absolute,I7,Down $15k,Down,15000,Gradient Boosting,4
Impurity,Industry,0.0475190778685645,Parent-child absolute,I7,Down $15k,Down,15000,Gradient Boosting,4
Impurity,Geography,0.016471482187886216,Parent-child absolute,I7,Down $15k,Down,15000,Gradient Boosting,4
Permutation,Income,0.261049181591526,Parent-child absolute,I7,Down $15k,Down,15000,Gradient Boosting,4
Permutation,Wealth,0.002799653340334557,Parent-child absolute,I7,Down $15k,Down,15000,Gradient Boosting,4
Permutation,Education,0.0025075261261469197,Parent-child absolute,I7,Down $15k,Down,15000,Gradient Boosting,4
Permutation,Demographics,0.0040427026869247875,Parent-child absolute,I7,Down $15k,Down,15000,Gradient Boosting,4
Permutation,Family / employment,0.00138142568380189,Parent-child absolute,I7,Down $15k,Down,15000,Gradient Boosting,4
Permutation,Occupation,0.0029709350866794935,Parent-child absolute,I7,Down $15k,Down,15000,Gradient Boosting,4
Permutation,Industry,0.002905530890530067,Parent-child absolute,I7,Down $15k,Down,15000,Gradient Boosting,4
Permutation,Geography,-0.005058623494198394,Parent-child absolute,I7,Down $15k,Down,15000,Gradient Boosting,4
SHAP,Income,0.48016486350674625,Parent-child absolute,I7,Down $15k,Down,15000,Gradient Boosting,4
SHAP,Wealth,0.03783200595522672,Parent-child absolute,I7,Down $15k,Down,15000,Gradient Boosting,4
SHAP,Education,0.028236232940501642,Parent-child absolute,I7,Down $15k,Down,15000,Gradient Boosting,4
SHAP,Demographics,0.1597048619272723,Parent-child absolute,I7,Down $15k,Down,15000,Gradient Boosting,4
SHAP,Family / employment,0.05581489831497038,Parent-child absolute,I7,Down $15k,Down,15000,Gradient Boosting,4
SHAP,Occupation,0.06925941679269819,Parent-child absolute,I7,Down $15k,Down,15000,Gradient Boosting,4
SHAP,Industry,0.10601923319931192,Parent-child absolute,I7,Down $15k,Down,15000,Gradient Boosting,4
SHAP,Geography,0.06296848736327289,Parent-child absolute,I7,Down $15k,Down,15000,Gradient Boosting,4
Impurity,Income,0.6872033816603438,Parent-child absolute,I7,Down $15k,Down,15000,Gradient Boosting,5
Impurity,Wealth,0.10731643292008758,Parent-child absolute,I7,Down $15k,Down,15000,Gradient Boosting,5
Impurity,Education,0.02933279993514232,Parent-child absolute,I7,Down $15k,Down,15000,Gradient Boosting,5
Impurity,Demographics,0.09389560331876193,Parent-child absolute,I7,Down $15k,Down,15000,Gradient Boosting,5
Impurity,Family / employment,0.0029677684942182405,Parent-child absolute,I7,Down $15k,Down,15000,Gradient Boosting,5
Impurity,Occupation,0.03531379369386723,Parent-child absolute,I7,Down $15k,Down,15000,Gradient Boosting,5
Impurity,Industry,0.03170689728428394,Parent-child absolute,I7,Down $15k,Down,15000,Gradient Boosting,5
Impurity,Geography,0.012263322693295052,Parent-child absolute,I7,Down $15k,Down,15000,Gradient Boosting,5
Permutation,Income,0.3468885616835146,Parent-child absolute,I7,Down $15k,Down,15000,Gradient Boosting,5
Permutation,Wealth,-0.0021041147586628394,Parent-child absolute,I7,Down $15k,Down,15000,Gradient Boosting,5
Permutation,Education,-0.005245661536884249,Parent-child absolute,I7,Down $15k,Down,15000,Gradient Boosting,5
Permutation,Demographics,0.00312849825230887,Parent-child absolute,I7,Down $15k,Down,15000,Gradient Boosting,5
Permutation,Family / employment,-0.0013207128206847163,Parent-child absolute,I7,Down $15k,Down,15000,Gradient Boosting,5
Permutation,Occupation,-0.0027809420461141544,Parent-child absolute,I7,Down $15k,Down,15000,Gradient Boosting,5
Permutation,Industry,-0.005171708200809555,Parent-child absolute,I7,Down $15k,Down,15000,Gradient Boosting,5
Permutation,Geography,-0.0009327995798785072,Parent-child absolute,I7,Down $15k,Down,15000,Gradient Boosting,5
SHAP,Income,0.6559306907214238,Parent-child absolute,I7,Down $15k,Down,15000,Gradient Boosting,5
SHAP,Wealth,0.07040157973026556,Parent-child absolute,I7,Down $15k,Down,15000,Gradient Boosting,5
SHAP,Education,0.05809905126491591,Parent-child absolute,I7,Down $15k,Down,15000,Gradient Boosting,5
SHAP,Demographics,0.06229012991528421,Parent-child absolute,I7,Down $15k,Down,15000,Gradient Boosting,5
SHAP,Family / employment,0.008466446570366314,Parent-child absolute,I7,Down $15k,Down,15000,Gradient Boosting,5
SHAP,Occupation,0.043109817480724115,Parent-child absolute,I7,Down $15k,Down,15000,Gradient Boosting,5
SHAP,Industry,0.06075435566404722,Parent-child absolute,I7,Down $15k,Down,15000,Gradient Boosting,5
SHAP,Geography,0.04094792865297276,Parent-child absolute,I7,Down $15k,Down,15000,Gradient Boosting,5
Impurity,Income,0.6060890381260462,Parent-child absolute,I8,Down $20k,Down,20000,Random Forest,1
Impurity,Wealth,0.1216678056631918,Parent-child absolute,I8,Down $20k,Down,20000,Random Forest,1
Impurity,Education,0.027760402029478166,Parent-child absolute,I8,Down $20k,Down,20000,Random Forest,1
Impurity,Demographics,0.11917493765214049,Parent-child absolute,I8,Down $20k,Down,20000,Random Forest,1
Impurity,Family / employment,0.025915957053536418,Parent-child absolute,I8,Down $20k,Down,20000,Random Forest,1
Impurity,Occupation,0.0364600690178393,Parent-child absolute,I8,Down $20k,Down,20000,Random Forest,1
Impurity,Industry,0.028903568760688485,Parent-child absolute,I8,Down $20k,Down,20000,Random Forest,1
Impurity,Geography,0.034028221697078975,Parent-child absolute,I8,Down $20k,Down,20000,Random Forest,1
Permutation,Income,0.3833735884310052,Parent-child absolute,I8,Down $20k,Down,20000,Random Forest,1
Permutation,Wealth,0.009171646231482023,Parent-child absolute,I8,Down $20k,Down,20000,Random Forest,1
Permutation,Education,-0.0007731077830762989,Parent-child absolute,I8,Down $20k,Down,20000,Random Forest,1
Permutation,Demographics,0.012243756677655754,Parent-child absolute,I8,Down $20k,Down,20000,Random Forest,1
Permutation,Family / employment,4.653298675876272e-05,Parent-child absolute,I8,Down $20k,Down,20000,Random Forest,1
Permutation,Occupation,-0.0009998475108868644,Parent-child absolute,I8,Down $20k,Down,20000,Random Forest,1
Permutation,Industry,0.0002730164907842336,Parent-child absolute,I8,Down $20k,Down,20000,Random Forest,1
Permutation,Geography,0.001154897371482788,Parent-child absolute,I8,Down $20k,Down,20000,Random Forest,1
SHAP,Income,0.6401736071359354,Parent-child absolute,I8,Down $20k,Down,20000,Random Forest,1
SHAP,Wealth,0.06391064802249163,Parent-child absolute,I8,Down $20k,Down,20000,Random Forest,1
SHAP,Education,0.020752359900017496,Parent-child absolute,I8,Down $20k,Down,20000,Random Forest,1
SHAP,Demographics,0.12010160991764035,Parent-child absolute,I8,Down $20k,Down,20000,Random Forest,1
SHAP,Family / employment,0.03799248692526214,Parent-child absolute,I8,Down $20k,Down,20000,Random Forest,1
SHAP,Occupation,0.0422601047518144,Parent-child absolute,I8,Down $20k,Down,20000,Random Forest,1
SHAP,Industry,0.032426304118755696,Parent-child absolute,I8,Down $20k,Down,20000,Random Forest,1
SHAP,Geography,0.042382879228083044,Parent-child absolute,I8,Down $20k,Down,20000,Random Forest,1
Impurity,Income,0.6001307988034242,Parent-child absolute,I8,Down $20k,Down,20000,Random Forest,2
Impurity,Wealth,0.1199261631284404,Parent-child absolute,I8,Down $20k,Down,20000,Random Forest,2
Impurity,Education,0.026171455372597116,Parent-child absolute,I8,Down $20k,Down,20000,Random Forest,2
Impurity,Demographics,0.11506286055887759,Parent-child absolute,I8,Down $20k,Down,20000,Random Forest,2
Impurity,Family / employment,0.037977610535920296,Parent-child absolute,I8,Down $20k,Down,20000,Random Forest,2
Impurity,Occupation,0.032419663562521774,Parent-child absolute,I8,Down $20k,Down,20000,Random Forest,2
Impurity,Industry,0.03450953437276638,Parent-child absolute,I8,Down $20k,Down,20000,Random Forest,2
Impurity,Geography,0.033801913665452044,Parent-child absolute,I8,Down $20k,Down,20000,Random Forest,2
Permutation,Income,0.32459348092740453,Parent-child absolute,I8,Down $20k,Down,20000,Random Forest,2
Permutation,Wealth,0.0021487597066429166,Parent-child absolute,I8,Down $20k,Down,20000,Random Forest,2
Permutation,Education,-0.005420945472362981,Parent-child absolute,I8,Down $20k,Down,20000,Random Forest,2
Permutation,Demographics,0.0019910379467257765,Parent-child absolute,I8,Down $20k,Down,20000,Random Forest,2
Permutation,Family / employment,0.0015540129928467538,Parent-child absolute,I8,Down $20k,Down,20000,Random Forest,2
Permutation,Occupation,-0.0005366559854502684,Parent-child absolute,I8,Down $20k,Down,20000,Random Forest,2
Permutation,Industry,-0.003985075882818223,Parent-child absolute,I8,Down $20k,Down,20000,Random Forest,2
Permutation,Geography,-0.0016201271468661792,Parent-child absolute,I8,Down $20k,Down,20000,Random Forest,2
SHAP,Income,0.5837330129211679,Parent-child absolute,I8,Down $20k,Down,20000,Random Forest,2
SHAP,Wealth,0.073756375454069,Parent-child absolute,I8,Down $20k,Down,20000,Random Forest,2
SHAP,Education,0.028986179524233612,Parent-child absolute,I8,Down $20k,Down,20000,Random Forest,2
SHAP,Demographics,0.11128493630273702,Parent-child absolute,I8,Down $20k,Down,20000,Random Forest,2
SHAP,Family / employment,0.05755355344603211,Parent-child absolute,I8,Down $20k,Down,20000,Random Forest,2
SHAP,Occupation,0.04152227874401404,Parent-child absolute,I8,Down $20k,Down,20000,Random Forest,2
SHAP,Industry,0.057303096926910886,Parent-child absolute,I8,Down $20k,Down,20000,Random Forest,2
SHAP,Geography,0.045860566680835324,Parent-child absolute,I8,Down $20k,Down,20000,Random Forest,2
Impurity,Income,0.6085770373854354,Parent-child absolute,I8,Down $20k,Down,20000,Random Forest,3
Impurity,Wealth,0.12579092478217146,Parent-child absolute,I8,Down $20k,Down,20000,Random Forest,3
Impurity,Education,0.025620095104775056,Parent-child absolute,I8,Down $20k,Down,20000,Random Forest,3
Impurity,Demographics,0.10266648117358126,Parent-child absolute,I8,Down $20k,Down,20000,Random Forest,3
Impurity,Family / employment,0.03738319822847497,Parent-child absolute,I8,Down $20k,Down,20000,Random Forest,3
Impurity,Occupation,0.03784685167959809,Parent-child absolute,I8,Down $20k,Down,20000,Random Forest,3
Impurity,Industry,0.03132491725984264,Parent-child absolute,I8,Down $20k,Down,20000,Random Forest,3
Impurity,Geography,0.030790494386120935,Parent-child absolute,I8,Down $20k,Down,20000,Random Forest,3
Permutation,Income,0.33140119210785823,Parent-child absolute,I8,Down $20k,Down,20000,Random Forest,3
Permutation,Wealth,0.001632105219905916,Parent-child absolute,I8,Down $20k,Down,20000,Random Forest,3
Permutation,Education,0.00018854964593149616,Parent-child absolute,I8,Down $20k,Down,20000,Random Forest,3
Permutation,Demographics,0.017015850939631084,Parent-child absolute,I8,Down $20k,Down,20000,Random Forest,3
Permutation,Family / employment,0.0027038976838439865,Parent-child absolute,I8,Down $20k,Down,20000,Random Forest,3
Permutation,Occupation,-0.003624461091913983,Parent-child absolute,I8,Down $20k,Down,20000,Random Forest,3
Permutation,Industry,-0.0038447705486919005,Parent-child absolute,I8,Down $20k,Down,20000,Random Forest,3
Permutation,Geography,0.0002622155988758479,Parent-child absolute,I8,Down $20k,Down,20000,Random Forest,3
SHAP,Income,0.5878744455947533,Parent-child absolute,I8,Down $20k,Down,20000,Random Forest,3
SHAP,Wealth,0.07825806794175101,Parent-child absolute,I8,Down $20k,Down,20000,Random Forest,3
SHAP,Education,0.02571043511787066,Parent-child absolute,I8,Down $20k,Down,20000,Random Forest,3
SHAP,Demographics,0.09279775322291807,Parent-child absolute,I8,Down $20k,Down,20000,Random Forest,3
SHAP,Family / employment,0.06665117987415237,Parent-child absolute,I8,Down $20k,Down,20000,Random Forest,3
SHAP,Occupation,0.0553206353076455,Parent-child absolute,I8,Down $20k,Down,20000,Random Forest,3
SHAP,Industry,0.042220174145987,Parent-child absolute,I8,Down $20k,Down,20000,Random Forest,3
SHAP,Geography,0.05116730879492223,Parent-child absolute,I8,Down $20k,Down,20000,Random Forest,3
Impurity,Income,0.5806675299210203,Parent-child absolute,I8,Down $20k,Down,20000,Random Forest,4
Impurity,Wealth,0.13281375241670987,Parent-child absolute,I8,Down $20k,Down,20000,Random Forest,4
Impurity,Education,0.026959185118368784,Parent-child absolute,I8,Down $20k,Down,20000,Random Forest,4
Impurity,Demographics,0.12629690171420413,Parent-child absolute,I8,Down $20k,Down,20000,Random Forest,4
Impurity,Family / employment,0.03503932938624984,Parent-child absolute,I8,Down $20k,Down,20000,Random Forest,4
Impurity,Occupation,0.03412928422119865,Parent-child absolute,I8,Down $20k,Down,20000,Random Forest,4
Impurity,Industry,0.02796583391579162,Parent-child absolute,I8,Down $20k,Down,20000,Random Forest,4
Impurity,Geography,0.03612818330645661,Parent-child absolute,I8,Down $20k,Down,20000,Random Forest,4
Permutation,Income,0.3436649997653741,Parent-child absolute,I8,Down $20k,Down,20000,Random Forest,4
Permutation,Wealth,0.004519994940266997,Parent-child absolute,I8,Down $20k,Down,20000,Random Forest,4
Permutation,Education,0.0015167009906524142,Parent-child absolute,I8,Down $20k,Down,20000,Random Forest,4
Permutation,Demographics,0.003607638659610529,Parent-child absolute,I8,Down $20k,Down,20000,Random Forest,4
Permutation,Family / employment,-0.003896845212151401,Parent-child absolute,I8,Down $20k,Down,20000,Random Forest,4
Permutation,Occupation,0.0012375826259829192,Parent-child absolute,I8,Down $20k,Down,20000,Random Forest,4
Permutation,Industry,0.0030016483672825555,Parent-child absolute,I8,Down $20k,Down,20000,Random Forest,4
Permutation,Geography,-0.003240352950384462,Parent-child absolute,I8,Down $20k,Down,20000,Random Forest,4
SHAP,Income,0.6042275834025564,Parent-child absolute,I8,Down $20k,Down,20000,Random Forest,4
SHAP,Wealth,0.07960078160147627,Parent-child absolute,I8,Down $20k,Down,20000,Random Forest,4
SHAP,Education,0.028220717613866856,Parent-child absolute,I8,Down $20k,Down,20000,Random Forest,4
SHAP,Demographics,0.11167507164381577,Parent-child absolute,I8,Down $20k,Down,20000,Random Forest,4
SHAP,Family / employment,0.05120168021124163,Parent-child absolute,I8,Down $20k,Down,20000,Random Forest,4
SHAP,Occupation,0.03740275805848901,Parent-child absolute,I8,Down $20k,Down,20000,Random Forest,4
SHAP,Industry,0.032345416334902746,Parent-child absolute,I8,Down $20k,Down,20000,Random Forest,4
SHAP,Geography,0.05532599113365131,Parent-child absolute,I8,Down $20k,Down,20000,Random Forest,4
Impurity,Income,0.6139140493495673,Parent-child absolute,I8,Down $20k,Down,20000,Random Forest,5
Impurity,Wealth,0.12711471648078707,Parent-child absolute,I8,Down $20k,Down,20000,Random Forest,5
Impurity,Education,0.024274086554103163,Parent-child absolute,I8,Down $20k,Down,20000,Random Forest,5
Impurity,Demographics,0.1050341658157128,Parent-child absolute,I8,Down $20k,Down,20000,Random Forest,5
Impurity,Family / employment,0.03651865086742585,Parent-child absolute,I8,Down $20k,Down,20000,Random Forest,5
Impurity,Occupation,0.031178771359134674,Parent-child absolute,I8,Down $20k,Down,20000,Random Forest,5
Impurity,Industry,0.0327075698190456,Parent-child absolute,I8,Down $20k,Down,20000,Random Forest,5
Impurity,Geography,0.029257989754223553,Parent-child absolute,I8,Down $20k,Down,20000,Random Forest,5
Permutation,Income,0.32401011924897616,Parent-child absolute,I8,Down $20k,Down,20000,Random Forest,5
Permutation,Wealth,0.0023229915876332554,Parent-child absolute,I8,Down $20k,Down,20000,Random Forest,5
Permutation,Education,-0.003148785061176512,Parent-child absolute,I8,Down $20k,Down,20000,Random Forest,5
Permutation,Demographics,0.006166979927668631,Parent-child absolute,I8,Down $20k,Down,20000,Random Forest,5
Permutation,Family / employment,-0.003367704905953056,Parent-child absolute,I8,Down $20k,Down,20000,Random Forest,5
Permutation,Occupation,0.0008568442510599628,Parent-child absolute,I8,Down $20k,Down,20000,Random Forest,5
Permutation,Industry,-0.0011263702394951225,Parent-child absolute,I8,Down $20k,Down,20000,Random Forest,5
Permutation,Geography,0.00040335789797480424,Parent-child absolute,I8,Down $20k,Down,20000,Random Forest,5
SHAP,Income,0.6414841031799933,Parent-child absolute,I8,Down $20k,Down,20000,Random Forest,5
SHAP,Wealth,0.07043607840970688,Parent-child absolute,I8,Down $20k,Down,20000,Random Forest,5
SHAP,Education,0.029136001103211344,Parent-child absolute,I8,Down $20k,Down,20000,Random Forest,5
SHAP,Demographics,0.08882270740773138,Parent-child absolute,I8,Down $20k,Down,20000,Random Forest,5
SHAP,Family / employment,0.06224935101072241,Parent-child absolute,I8,Down $20k,Down,20000,Random Forest,5
SHAP,Occupation,0.03156120301751409,Parent-child absolute,I8,Down $20k,Down,20000,Random Forest,5
SHAP,Industry,0.0422837896591736,Parent-child absolute,I8,Down $20k,Down,20000,Random Forest,5
SHAP,Geography,0.034026766211946925,Parent-child absolute,I8,Down $20k,Down,20000,Random Forest,5
Impurity,Income,0.7180983699464236,Parent-child absolute,I8,Down $20k,Down,20000,Gradient Boosting,1
Impurity,Wealth,0.09715232456582189,Parent-child absolute,I8,Down $20k,Down,20000,Gradient Boosting,1
Impurity,Education,0.017986720251556572,Parent-child absolute,I8,Down $20k,Down,20000,Gradient Boosting,1
Impurity,Demographics,0.10358347483166679,Parent-child absolute,I8,Down $20k,Down,20000,Gradient Boosting,1
Impurity,Family / employment,0.0038886421672025616,Parent-child absolute,I8,Down $20k,Down,20000,Gradient Boosting,1
Impurity,Occupation,0.025181478817195933,Parent-child absolute,I8,Down $20k,Down,20000,Gradient Boosting,1
Impurity,Industry,0.018611762671425985,Parent-child absolute,I8,Down $20k,Down,20000,Gradient Boosting,1
Impurity,Geography,0.015497226748706835,Parent-child absolute,I8,Down $20k,Down,20000,Gradient Boosting,1
Permutation,Income,0.4175781101041001,Parent-child absolute,I8,Down $20k,Down,20000,Gradient Boosting,1
Permutation,Wealth,0.008146503483942746,Parent-child absolute,I8,Down $20k,Down,20000,Gradient Boosting,1
Permutation,Education,-0.0005291398838556838,Parent-child absolute,I8,Down $20k,Down,20000,Gradient Boosting,1
Permutation,Demographics,0.01498119270215767,Parent-child absolute,I8,Down $20k,Down,20000,Gradient Boosting,1
Permutation,Family / employment,-0.0004928616533615815,Parent-child absolute,I8,Down $20k,Down,20000,Gradient Boosting,1
Permutation,Occupation,-0.0003154433968337755,Parent-child absolute,I8,Down $20k,Down,20000,Gradient Boosting,1
Permutation,Industry,0.0022090324163423713,Parent-child absolute,I8,Down $20k,Down,20000,Gradient Boosting,1
Permutation,Geography,-0.0008395113619440286,Parent-child absolute,I8,Down $20k,Down,20000,Gradient Boosting,1
SHAP,Income,0.7262237589229898,Parent-child absolute,I8,Down $20k,Down,20000,Gradient Boosting,1
SHAP,Wealth,0.05732036077121463,Parent-child absolute,I8,Down $20k,Down,20000,Gradient Boosting,1
SHAP,Education,0.024761842619654507,Parent-child absolute,I8,Down $20k,Down,20000,Gradient Boosting,1
SHAP,Demographics,0.07319803363589213,Parent-child absolute,I8,Down $20k,Down,20000,Gradient Boosting,1
SHAP,Family / employment,0.004678781622067377,Parent-child absolute,I8,Down $20k,Down,20000,Gradient Boosting,1
SHAP,Occupation,0.04161804830850824,Parent-child absolute,I8,Down $20k,Down,20000,Gradient Boosting,1
SHAP,Industry,0.03973552458675571,Parent-child absolute,I8,Down $20k,Down,20000,Gradient Boosting,1
SHAP,Geography,0.032463649532917416,Parent-child absolute,I8,Down $20k,Down,20000,Gradient Boosting,1
Impurity,Income,0.7049127355885648,Parent-child absolute,I8,Down $20k,Down,20000,Gradient Boosting,2
Impurity,Wealth,0.09664082057842266,Parent-child absolute,I8,Down $20k,Down,20000,Gradient Boosting,2
Impurity,Education,0.01944618036561805,Parent-child absolute,I8,Down $20k,Down,20000,Gradient Boosting,2
Impurity,Demographics,0.10264916586935313,Parent-child absolute,I8,Down $20k,Down,20000,Gradient Boosting,2
Impurity,Family / employment,0.0068960328401673,Parent-child absolute,I8,Down $20k,Down,20000,Gradient Boosting,2
Impurity,Occupation,0.02343012078704234,Parent-child absolute,I8,Down $20k,Down,20000,Gradient Boosting,2
Impurity,Industry,0.03257874423539077,Parent-child absolute,I8,Down $20k,Down,20000,Gradient Boosting,2
Impurity,Geography,0.013446199735440645,Parent-child absolute,I8,Down $20k,Down,20000,Gradient Boosting,2
Permutation,Income,0.34685327138985744,Parent-child absolute,I8,Down $20k,Down,20000,Gradient Boosting,2
Permutation,Wealth,0.0029473451145219597,Parent-child absolute,I8,Down $20k,Down,20000,Gradient Boosting,2
Permutation,Education,-0.004594409512207576,Parent-child absolute,I8,Down $20k,Down,20000,Gradient Boosting,2
Permutation,Demographics,0.003999657691897651,Parent-child absolute,I8,Down $20k,Down,20000,Gradient Boosting,2
Permutation,Family / employment,0.00045553435033058307,Parent-child absolute,I8,Down $20k,Down,20000,Gradient Boosting,2
Permutation,Occupation,-0.0027118779086712673,Parent-child absolute,I8,Down $20k,Down,20000,Gradient Boosting,2
Permutation,Industry,-0.0012727552899974848,Parent-child absolute,I8,Down $20k,Down,20000,Gradient Boosting,2
Permutation,Geography,0.0008237013681067328,Parent-child absolute,I8,Down $20k,Down,20000,Gradient Boosting,2
SHAP,Income,0.6278587270181202,Parent-child absolute,I8,Down $20k,Down,20000,Gradient Boosting,2
SHAP,Wealth,0.061629141625924595,Parent-child absolute,I8,Down $20k,Down,20000,Gradient Boosting,2
SHAP,Education,0.03149850027059935,Parent-child absolute,I8,Down $20k,Down,20000,Gradient Boosting,2
SHAP,Demographics,0.07251576322734551,Parent-child absolute,I8,Down $20k,Down,20000,Gradient Boosting,2
SHAP,Family / employment,0.032988049439816834,Parent-child absolute,I8,Down $20k,Down,20000,Gradient Boosting,2
SHAP,Occupation,0.03384309524553139,Parent-child absolute,I8,Down $20k,Down,20000,Gradient Boosting,2
SHAP,Industry,0.0896832775378414,Parent-child absolute,I8,Down $20k,Down,20000,Gradient Boosting,2
SHAP,Geography,0.04998344563482057,Parent-child absolute,I8,Down $20k,Down,20000,Gradient Boosting,2
Impurity,Income,0.7226759926141177,Parent-child absolute,I8,Down $20k,Down,20000,Gradient Boosting,3
Impurity,Wealth,0.09789532401142018,Parent-child absolute,I8,Down $20k,Down,20000,Gradient Boosting,3
Impurity,Education,0.012047739838206107,Parent-child absolute,I8,Down $20k,Down,20000,Gradient Boosting,3
Impurity,Demographics,0.0930007049779251,Parent-child absolute,I8,Down $20k,Down,20000,Gradient Boosting,3
Impurity,Family / employment,0.0015904295123024045,Parent-child absolute,I8,Down $20k,Down,20000,Gradient Boosting,3
Impurity,Occupation,0.022434176473089058,Parent-child absolute,I8,Down $20k,Down,20000,Gradient Boosting,3
Impurity,Industry,0.03324608837284755,Parent-child absolute,I8,Down $20k,Down,20000,Gradient Boosting,3
Impurity,Geography,0.01710954420009177,Parent-child absolute,I8,Down $20k,Down,20000,Gradient Boosting,3
Permutation,Income,0.34911834757392934,Parent-child absolute,I8,Down $20k,Down,20000,Gradient Boosting,3
Permutation,Wealth,-0.003212826310940725,Parent-child absolute,I8,Down $20k,Down,20000,Gradient Boosting,3
Permutation,Education,-0.0013992885523719466,Parent-child absolute,I8,Down $20k,Down,20000,Gradient Boosting,3
Permutation,Demographics,0.010266771779125123,Parent-child absolute,I8,Down $20k,Down,20000,Gradient Boosting,3
Permutation,Family / employment,0.00010364607439062867,Parent-child absolute,I8,Down $20k,Down,20000,Gradient Boosting,3
Permutation,Occupation,-0.004998266873824575,Parent-child absolute,I8,Down $20k,Down,20000,Gradient Boosting,3
Permutation,Industry,-0.004661405139906383,Parent-child absolute,I8,Down $20k,Down,20000,Gradient Boosting,3
Permutation,Geography,-0.0027470416504654536,Parent-child absolute,I8,Down $20k,Down,20000,Gradient Boosting,3
SHAP,Income,0.6668268049320965,Parent-child absolute,I8,Down $20k,Down,20000,Gradient Boosting,3
SHAP,Wealth,0.06768243234507226,Parent-child absolute,I8,Down $20k,Down,20000,Gradient Boosting,3
SHAP,Education,0.03107809209258803,Parent-child absolute,I8,Down $20k,Down,20000,Gradient Boosting,3
SHAP,Demographics,0.06758084574767069,Parent-child absolute,I8,Down $20k,Down,20000,Gradient Boosting,3
SHAP,Family / employment,0.004546036905393023,Parent-child absolute,I8,Down $20k,Down,20000,Gradient Boosting,3
SHAP,Occupation,0.04478291148733938,Parent-child absolute,I8,Down $20k,Down,20000,Gradient Boosting,3
SHAP,Industry,0.07482709301536353,Parent-child absolute,I8,Down $20k,Down,20000,Gradient Boosting,3
SHAP,Geography,0.042675783474476585,Parent-child absolute,I8,Down $20k,Down,20000,Gradient Boosting,3
Impurity,Income,0.6925159306292314,Parent-child absolute,I8,Down $20k,Down,20000,Gradient Boosting,4
Impurity,Wealth,0.10858630509928048,Parent-child absolute,I8,Down $20k,Down,20000,Gradient Boosting,4
Impurity,Education,0.01653663288061424,Parent-child absolute,I8,Down $20k,Down,20000,Gradient Boosting,4
Impurity,Demographics,0.10809151319572047,Parent-child absolute,I8,Down $20k,Down,20000,Gradient Boosting,4
Impurity,Family / employment,0.0029310216112367568,Parent-child absolute,I8,Down $20k,Down,20000,Gradient Boosting,4
Impurity,Occupation,0.027572023358427657,Parent-child absolute,I8,Down $20k,Down,20000,Gradient Boosting,4
Impurity,Industry,0.026125750437865383,Parent-child absolute,I8,Down $20k,Down,20000,Gradient Boosting,4
Impurity,Geography,0.017640822787623474,Parent-child absolute,I8,Down $20k,Down,20000,Gradient Boosting,4
Permutation,Income,0.36922571018314293,Parent-child absolute,I8,Down $20k,Down,20000,Gradient Boosting,4
Permutation,Wealth,-0.00037830364796193614,Parent-child absolute,I8,Down $20k,Down,20000,Gradient Boosting,4
Permutation,Education,0.0016021203214331647,Parent-child absolute,I8,Down $20k,Down,20000,Gradient Boosting,4
Permutation,Demographics,0.003947338845943482,Parent-child absolute,I8,Down $20k,Down,20000,Gradient Boosting,4
Permutation,Family / employment,-0.001027080171706185,Parent-child absolute,I8,Down $20k,Down,20000,Gradient Boosting,4
Permutation,Occupation,0.0022201337808135714,Parent-child absolute,I8,Down $20k,Down,20000,Gradient Boosting,4
Permutation,Industry,0.002527846557400848,Parent-child absolute,I8,Down $20k,Down,20000,Gradient Boosting,4
Permutation,Geography,-0.003451581957582506,Parent-child absolute,I8,Down $20k,Down,20000,Gradient Boosting,4
SHAP,Income,0.6692949099348157,Parent-child absolute,I8,Down $20k,Down,20000,Gradient Boosting,4
SHAP,Wealth,0.07211489115015392,Parent-child absolute,I8,Down $20k,Down,20000,Gradient Boosting,4
SHAP,Education,0.03362871923601175,Parent-child absolute,I8,Down $20k,Down,20000,Gradient Boosting,4
SHAP,Demographics,0.06315507026332534,Parent-child absolute,I8,Down $20k,Down,20000,Gradient Boosting,4
SHAP,Family / employment,0.021071145993540506,Parent-child absolute,I8,Down $20k,Down,20000,Gradient Boosting,4
SHAP,Occupation,0.04553428563969685,Parent-child absolute,I8,Down $20k,Down,20000,Gradient Boosting,4
SHAP,Industry,0.04095492614189118,Parent-child absolute,I8,Down $20k,Down,20000,Gradient Boosting,4
SHAP,Geography,0.05424605164056483,Parent-child absolute,I8,Down $20k,Down,20000,Gradient Boosting,4
Impurity,Income,0.7192119369046196,Parent-child absolute,I8,Down $20k,Down,20000,Gradient Boosting,5
Impurity,Wealth,0.10506777671120258,Parent-child absolute,I8,Down $20k,Down,20000,Gradient Boosting,5
Impurity,Education,0.020103335628513203,Parent-child absolute,I8,Down $20k,Down,20000,Gradient Boosting,5
Impurity,Demographics,0.08393084460259267,Parent-child absolute,I8,Down $20k,Down,20000,Gradient Boosting,5
Impurity,Family / employment,0.004633524666990666,Parent-child absolute,I8,Down $20k,Down,20000,Gradient Boosting,5
Impurity,Occupation,0.023108207391047707,Parent-child absolute,I8,Down $20k,Down,20000,Gradient Boosting,5
Impurity,Industry,0.02737632172591483,Parent-child absolute,I8,Down $20k,Down,20000,Gradient Boosting,5
Impurity,Geography,0.016568052369118597,Parent-child absolute,I8,Down $20k,Down,20000,Gradient Boosting,5
Permutation,Income,0.3395924390371766,Parent-child absolute,I8,Down $20k,Down,20000,Gradient Boosting,5
Permutation,Wealth,0.005432370661845087,Parent-child absolute,I8,Down $20k,Down,20000,Gradient Boosting,5
Permutation,Education,-0.0017850286098229974,Parent-child absolute,I8,Down $20k,Down,20000,Gradient Boosting,5
Permutation,Demographics,0.012088562139683085,Parent-child absolute,I8,Down $20k,Down,20000,Gradient Boosting,5
Permutation,Family / employment,-5.53559516519031e-05,Parent-child absolute,I8,Down $20k,Down,20000,Gradient Boosting,5
Permutation,Occupation,-0.0013431402984998343,Parent-child absolute,I8,Down $20k,Down,20000,Gradient Boosting,5
Permutation,Industry,0.00045561064565931563,Parent-child absolute,I8,Down $20k,Down,20000,Gradient Boosting,5
Permutation,Geography,0.0014355342271877736,Parent-child absolute,I8,Down $20k,Down,20000,Gradient Boosting,5
SHAP,Income,0.6740065730894711,Parent-child absolute,I8,Down $20k,Down,20000,Gradient Boosting,5
SHAP,Wealth,0.05767073712119688,Parent-child absolute,I8,Down $20k,Down,20000,Gradient Boosting,5
SHAP,Education,0.040590960707250275,Parent-child absolute,I8,Down $20k,Down,20000,Gradient Boosting,5
SHAP,Demographics,0.055360979452520914,Parent-child absolute,I8,Down $20k,Down,20000,Gradient Boosting,5
SHAP,Family / employment,0.03020222184575809,Parent-child absolute,I8,Down $20k,Down,20000,Gradient Boosting,5
SHAP,Occupation,0.03932488147664352,Parent-child absolute,I8,Down $20k,Down,20000,Gradient Boosting,5
SHAP,Industry,0.06482011389734724,Parent-child absolute,I8,Down $20k,Down,20000,Gradient Boosting,5
SHAP,Geography,0.03802353240981194,Parent-child absolute,I8,Down $20k,Down,20000,Gradient Boosting,5
Impurity,Income,0.23252508865553825,Benchmark,A1,Up $5k,Up,5000,Random Forest,1
Impurity,Wealth,0.26386075378747226,Benchmark,A1,Up $5k,Up,5000,Random Forest,1
Impurity,Education,0.09736281794453211,Benchmark,A1,Up $5k,Up,5000,Random Forest,1
Impurity,Demographics,0.21983193649653496,Benchmark,A1,Up $5k,Up,5000,Random Forest,1
Impurity,Family / employment,0.03152750412532722,Benchmark,A1,Up $5k,Up,5000,Random Forest,1
Impurity,Occupation,0.07819507489424482,Benchmark,A1,Up $5k,Up,5000,Random Forest,1
Impurity,Industry,0.04534696310788568,Benchmark,A1,Up $5k,Up,5000,Random Forest,1
Impurity,Geography,0.03134986098846461,Benchmark,A1,Up $5k,Up,5000,Random Forest,1
Permutation,Income,0.031723456413547596,Benchmark,A1,Up $5k,Up,5000,Random Forest,1
Permutation,Wealth,0.039988914076049,Benchmark,A1,Up $5k,Up,5000,Random Forest,1
Permutation,Education,0.013738455472116278,Benchmark,A1,Up $5k,Up,5000,Random Forest,1
Permutation,Demographics,0.039573974080280724,Benchmark,A1,Up $5k,Up,5000,Random Forest,1
Permutation,Family / employment,-0.001684508565704629,Benchmark,A1,Up $5k,Up,5000,Random Forest,1
Permutation,Occupation,-0.0027009725565468267,Benchmark,A1,Up $5k,Up,5000,Random Forest,1
Permutation,Industry,-0.004441575938875214,Benchmark,A1,Up $5k,Up,5000,Random Forest,1
Permutation,Geography,-0.0007254661036407484,Benchmark,A1,Up $5k,Up,5000,Random Forest,1
SHAP,Income,0.2215625506294797,Benchmark,A1,Up $5k,Up,5000,Random Forest,1
SHAP,Wealth,0.2410592638345918,Benchmark,A1,Up $5k,Up,5000,Random Forest,1
SHAP,Education,0.12334151345191302,Benchmark,A1,Up $5k,Up,5000,Random Forest,1
SHAP,Demographics,0.22741986479431464,Benchmark,A1,Up $5k,Up,5000,Random Forest,1
SHAP,Family / employment,0.03574174759958674,Benchmark,A1,Up $5k,Up,5000,Random Forest,1
SHAP,Occupation,0.08181687269449452,Benchmark,A1,Up $5k,Up,5000,Random Forest,1
SHAP,Industry,0.03912625843395471,Benchmark,A1,Up $5k,Up,5000,Random Forest,1
SHAP,Geography,0.029931928561664947,Benchmark,A1,Up $5k,Up,5000,Random Forest,1
Impurity,Income,0.23969732514906408,Benchmark,A1,Up $5k,Up,5000,Random Forest,2
Impurity,Wealth,0.24456751520142675,Benchmark,A1,Up $5k,Up,5000,Random Forest,2
Impurity,Education,0.10096166663420489,Benchmark,A1,Up $5k,Up,5000,Random Forest,2
Impurity,Demographics,0.2515936638522629,Benchmark,A1,Up $5k,Up,5000,Random Forest,2
Impurity,Family / employment,0.02418310922119599,Benchmark,A1,Up $5k,Up,5000,Random Forest,2
Impurity,Occupation,0.07048821975442532,Benchmark,A1,Up $5k,Up,5000,Random Forest,2
Impurity,Industry,0.04065661427798332,Benchmark,A1,Up $5k,Up,5000,Random Forest,2
Impurity,Geography,0.02785188590943707,Benchmark,A1,Up $5k,Up,5000,Random Forest,2
Permutation,Income,0.02572784893102183,Benchmark,A1,Up $5k,Up,5000,Random Forest,2
Permutation,Wealth,0.025014099720669418,Benchmark,A1,Up $5k,Up,5000,Random Forest,2
Permutation,Education,0.0023108562492131944,Benchmark,A1,Up $5k,Up,5000,Random Forest,2
Permutation,Demographics,0.023648564281392326,Benchmark,A1,Up $5k,Up,5000,Random Forest,2
Permutation,Family / employment,0.0017670827119218413,Benchmark,A1,Up $5k,Up,5000,Random Forest,2
Permutation,Occupation,-0.00030576245725496556,Benchmark,A1,Up $5k,Up,5000,Random Forest,2
Permutation,Industry,0.000420232260440484,Benchmark,A1,Up $5k,Up,5000,Random Forest,2
Permutation,Geography,0.0013255795739616604,Benchmark,A1,Up $5k,Up,5000,Random Forest,2
SHAP,Income,0.23761527594622092,Benchmark,A1,Up $5k,Up,5000,Random Forest,2
SHAP,Wealth,0.23027092895330697,Benchmark,A1,Up $5k,Up,5000,Random Forest,2
SHAP,Education,0.12550073608407292,Benchmark,A1,Up $5k,Up,5000,Random Forest,2
SHAP,Demographics,0.2565916516012543,Benchmark,A1,Up $5k,Up,5000,Random Forest,2
SHAP,Family / employment,0.027789482458320674,Benchmark,A1,Up $5k,Up,5000,Random Forest,2
SHAP,Occupation,0.07027411208860995,Benchmark,A1,Up $5k,Up,5000,Random Forest,2
SHAP,Industry,0.023723611989365272,Benchmark,A1,Up $5k,Up,5000,Random Forest,2
SHAP,Geography,0.028234200878848946,Benchmark,A1,Up $5k,Up,5000,Random Forest,2
Impurity,Income,0.23608849009680646,Benchmark,A1,Up $5k,Up,5000,Random Forest,3
Impurity,Wealth,0.23851848578387147,Benchmark,A1,Up $5k,Up,5000,Random Forest,3
Impurity,Education,0.09322712199929457,Benchmark,A1,Up $5k,Up,5000,Random Forest,3
Impurity,Demographics,0.24929900614465977,Benchmark,A1,Up $5k,Up,5000,Random Forest,3
Impurity,Family / employment,0.025156319218434232,Benchmark,A1,Up $5k,Up,5000,Random Forest,3
Impurity,Occupation,0.08116139579187114,Benchmark,A1,Up $5k,Up,5000,Random Forest,3
Impurity,Industry,0.04497735307340117,Benchmark,A1,Up $5k,Up,5000,Random Forest,3
Impurity,Geography,0.03157182789166111,Benchmark,A1,Up $5k,Up,5000,Random Forest,3
Permutation,Income,0.025256363097381142,Benchmark,A1,Up $5k,Up,5000,Random Forest,3
Permutation,Wealth,0.03529946886648179,Benchmark,A1,Up $5k,Up,5000,Random Forest,3
Permutation,Education,0.010987669997550409,Benchmark,A1,Up $5k,Up,5000,Random Forest,3
Permutation,Demographics,0.033252853418136594,Benchmark,A1,Up $5k,Up,5000,Random Forest,3
Permutation,Family / employment,-0.0013538848439053675,Benchmark,A1,Up $5k,Up,5000,Random Forest,3
Permutation,Occupation,-0.004443372524268102,Benchmark,A1,Up $5k,Up,5000,Random Forest,3
Permutation,Industry,-0.0007309189613975642,Benchmark,A1,Up $5k,Up,5000,Random Forest,3
Permutation,Geography,0.0009606261080058465,Benchmark,A1,Up $5k,Up,5000,Random Forest,3
SHAP,Income,0.2230689255655207,Benchmark,A1,Up $5k,Up,5000,Random Forest,3
SHAP,Wealth,0.21394852753310234,Benchmark,A1,Up $5k,Up,5000,Random Forest,3
SHAP,Education,0.1081000946228203,Benchmark,A1,Up $5k,Up,5000,Random Forest,3
SHAP,Demographics,0.27528508508008304,Benchmark,A1,Up $5k,Up,5000,Random Forest,3
SHAP,Family / employment,0.026488171229597735,Benchmark,A1,Up $5k,Up,5000,Random Forest,3
SHAP,Occupation,0.08707951817523661,Benchmark,A1,Up $5k,Up,5000,Random Forest,3
SHAP,Industry,0.030228818386077355,Benchmark,A1,Up $5k,Up,5000,Random Forest,3
SHAP,Geography,0.035800859407562,Benchmark,A1,Up $5k,Up,5000,Random Forest,3
Impurity,Income,0.2531663482510799,Benchmark,A1,Up $5k,Up,5000,Random Forest,4
Impurity,Wealth,0.25155034279125527,Benchmark,A1,Up $5k,Up,5000,Random Forest,4
Impurity,Education,0.0964166012975163,Benchmark,A1,Up $5k,Up,5000,Random Forest,4
Impurity,Demographics,0.2108086999913875,Benchmark,A1,Up $5k,Up,5000,Random Forest,4
Impurity,Family / employment,0.037838541200820267,Benchmark,A1,Up $5k,Up,5000,Random Forest,4
Impurity,Occupation,0.05537272607668134,Benchmark,A1,Up $5k,Up,5000,Random Forest,4
Impurity,Industry,0.052481524172403475,Benchmark,A1,Up $5k,Up,5000,Random Forest,4
Impurity,Geography,0.042365216218856326,Benchmark,A1,Up $5k,Up,5000,Random Forest,4
Permutation,Income,0.02894266791870042,Benchmark,A1,Up $5k,Up,5000,Random Forest,4
Permutation,Wealth,0.04207124607239256,Benchmark,A1,Up $5k,Up,5000,Random Forest,4
Permutation,Education,0.013369793283059418,Benchmark,A1,Up $5k,Up,5000,Random Forest,4
Permutation,Demographics,0.024791911551062917,Benchmark,A1,Up $5k,Up,5000,Random Forest,4
Permutation,Family / employment,-0.004362387406302276,Benchmark,A1,Up $5k,Up,5000,Random Forest,4
Permutation,Occupation,0.003988022447472051,Benchmark,A1,Up $5k,Up,5000,Random Forest,4
Permutation,Industry,-0.001496796368518366,Benchmark,A1,Up $5k,Up,5000,Random Forest,4
Permutation,Geography,-0.008032265726934513,Benchmark,A1,Up $5k,Up,5000,Random Forest,4
SHAP,Income,0.24024792229076217,Benchmark,A1,Up $5k,Up,5000,Random Forest,4
SHAP,Wealth,0.22031367643448185,Benchmark,A1,Up $5k,Up,5000,Random Forest,4
SHAP,Education,0.13579276498935897,Benchmark,A1,Up $5k,Up,5000,Random Forest,4
SHAP,Demographics,0.20834893168008278,Benchmark,A1,Up $5k,Up,5000,Random Forest,4
SHAP,Family / employment,0.045789483299064904,Benchmark,A1,Up $5k,Up,5000,Random Forest,4
SHAP,Occupation,0.05602496442876293,Benchmark,A1,Up $5k,Up,5000,Random Forest,4
SHAP,Industry,0.03822283555079758,Benchmark,A1,Up $5k,Up,5000,Random Forest,4
SHAP,Geography,0.05525942132668902,Benchmark,A1,Up $5k,Up,5000,Random Forest,4
Impurity,Income,0.23136112209082768,Benchmark,A1,Up $5k,Up,5000,Random Forest,5
Impurity,Wealth,0.22274202933867504,Benchmark,A1,Up $5k,Up,5000,Random Forest,5
Impurity,Education,0.10848481049084943,Benchmark,A1,Up $5k,Up,5000,Random Forest,5
Impurity,Demographics,0.24872481512415465,Benchmark,A1,Up $5k,Up,5000,Random Forest,5
Impurity,Family / employment,0.040389618125553056,Benchmark,A1,Up $5k,Up,5000,Random Forest,5
Impurity,Occupation,0.07547976499933441,Benchmark,A1,Up $5k,Up,5000,Random Forest,5
Impurity,Industry,0.0441145174824067,Benchmark,A1,Up $5k,Up,5000,Random Forest,5
Impurity,Geography,0.028703322348199126,Benchmark,A1,Up $5k,Up,5000,Random Forest,5
Permutation,Income,0.03077033956752883,Benchmark,A1,Up $5k,Up,5000,Random Forest,5
Permutation,Wealth,0.036252042956536466,Benchmark,A1,Up $5k,Up,5000,Random Forest,5
Permutation,Education,-0.0001852517919718133,Benchmark,A1,Up $5k,Up,5000,Random Forest,5
Permutation,Demographics,0.02940323992468648,Benchmark,A1,Up $5k,Up,5000,Random Forest,5
Permutation,Family / employment,-0.0037224333656379004,Benchmark,A1,Up $5k,Up,5000,Random Forest,5
Permutation,Occupation,0.00038497021055299284,Benchmark,A1,Up $5k,Up,5000,Random Forest,5
Permutation,Industry,-0.0009716920789273664,Benchmark,A1,Up $5k,Up,5000,Random Forest,5
Permutation,Geography,0.0005380207008417237,Benchmark,A1,Up $5k,Up,5000,Random Forest,5
SHAP,Income,0.2133904780927116,Benchmark,A1,Up $5k,Up,5000,Random Forest,5
SHAP,Wealth,0.2114220440100852,Benchmark,A1,Up $5k,Up,5000,Random Forest,5
SHAP,Education,0.13882762962677508,Benchmark,A1,Up $5k,Up,5000,Random Forest,5
SHAP,Demographics,0.26969892121137856,Benchmark,A1,Up $5k,Up,5000,Random Forest,5
SHAP,Family / employment,0.045914846496262374,Benchmark,A1,Up $5k,Up,5000,Random Forest,5
SHAP,Occupation,0.0712685909115018,Benchmark,A1,Up $5k,Up,5000,Random Forest,5
SHAP,Industry,0.030185794089564528,Benchmark,A1,Up $5k,Up,5000,Random Forest,5
SHAP,Geography,0.019291695561720768,Benchmark,A1,Up $5k,Up,5000,Random Forest,5
Impurity,Income,0.21989968399304205,Benchmark,A1,Up $5k,Up,5000,Gradient Boosting,1
Impurity,Wealth,0.28201407658866695,Benchmark,A1,Up $5k,Up,5000,Gradient Boosting,1
Impurity,Education,0.08176878624260032,Benchmark,A1,Up $5k,Up,5000,Gradient Boosting,1
Impurity,Demographics,0.21299485203020962,Benchmark,A1,Up $5k,Up,5000,Gradient Boosting,1
Impurity,Family / employment,0.026553134628277558,Benchmark,A1,Up $5k,Up,5000,Gradient Boosting,1
Impurity,Occupation,0.07487851047305438,Benchmark,A1,Up $5k,Up,5000,Gradient Boosting,1
Impurity,Industry,0.06646272256987669,Benchmark,A1,Up $5k,Up,5000,Gradient Boosting,1
Impurity,Geography,0.03542823347427226,Benchmark,A1,Up $5k,Up,5000,Gradient Boosting,1
Permutation,Income,0.03894487109110327,Benchmark,A1,Up $5k,Up,5000,Gradient Boosting,1
Permutation,Wealth,0.03249536705382666,Benchmark,A1,Up $5k,Up,5000,Gradient Boosting,1
Permutation,Education,0.017874572272855917,Benchmark,A1,Up $5k,Up,5000,Gradient Boosting,1
Permutation,Demographics,0.066027264505056,Benchmark,A1,Up $5k,Up,5000,Gradient Boosting,1
Permutation,Family / employment,-0.003173107550275078,Benchmark,A1,Up $5k,Up,5000,Gradient Boosting,1
Permutation,Occupation,-0.0021886880877217407,Benchmark,A1,Up $5k,Up,5000,Gradient Boosting,1
Permutation,Industry,-0.01820403375864991,Benchmark,A1,Up $5k,Up,5000,Gradient Boosting,1
Permutation,Geography,-0.00520290128433214,Benchmark,A1,Up $5k,Up,5000,Gradient Boosting,1
SHAP,Income,0.18262452143545235,Benchmark,A1,Up $5k,Up,5000,Gradient Boosting,1
SHAP,Wealth,0.18024246398824992,Benchmark,A1,Up $5k,Up,5000,Gradient Boosting,1
SHAP,Education,0.12254450862257357,Benchmark,A1,Up $5k,Up,5000,Gradient Boosting,1
SHAP,Demographics,0.23053978583214368,Benchmark,A1,Up $5k,Up,5000,Gradient Boosting,1
SHAP,Family / employment,0.019010188469922147,Benchmark,A1,Up $5k,Up,5000,Gradient Boosting,1
SHAP,Occupation,0.10484009823797455,Benchmark,A1,Up $5k,Up,5000,Gradient Boosting,1
SHAP,Industry,0.10251118869530816,Benchmark,A1,Up $5k,Up,5000,Gradient Boosting,1
SHAP,Geography,0.05768724471837554,Benchmark,A1,Up $5k,Up,5000,Gradient Boosting,1
Impurity,Income,0.191043118855366,Benchmark,A1,Up $5k,Up,5000,Gradient Boosting,2
Impurity,Wealth,0.3108586700110908,Benchmark,A1,Up $5k,Up,5000,Gradient Boosting,2
Impurity,Education,0.08220212469488804,Benchmark,A1,Up $5k,Up,5000,Gradient Boosting,2
Impurity,Demographics,0.29039281153342783,Benchmark,A1,Up $5k,Up,5000,Gradient Boosting,2
Impurity,Family / employment,0.011050274102470548,Benchmark,A1,Up $5k,Up,5000,Gradient Boosting,2
Impurity,Occupation,0.07634738296257529,Benchmark,A1,Up $5k,Up,5000,Gradient Boosting,2
Impurity,Industry,0.0232651393207393,Benchmark,A1,Up $5k,Up,5000,Gradient Boosting,2
Impurity,Geography,0.014840478519442434,Benchmark,A1,Up $5k,Up,5000,Gradient Boosting,2
Permutation,Income,0.020595054237388805,Benchmark,A1,Up $5k,Up,5000,Gradient Boosting,2
Permutation,Wealth,0.04341220827583271,Benchmark,A1,Up $5k,Up,5000,Gradient Boosting,2
Permutation,Education,0.010186516905007353,Benchmark,A1,Up $5k,Up,5000,Gradient Boosting,2
Permutation,Demographics,0.033937175599063424,Benchmark,A1,Up $5k,Up,5000,Gradient Boosting,2
Permutation,Family / employment,0.0016872738253310704,Benchmark,A1,Up $5k,Up,5000,Gradient Boosting,2
Permutation,Occupation,6.005179346100231e-05,Benchmark,A1,Up $5k,Up,5000,Gradient Boosting,2
Permutation,Industry,0.001866595779281055,Benchmark,A1,Up $5k,Up,5000,Gradient Boosting,2
Permutation,Geography,0.0007406736548028314,Benchmark,A1,Up $5k,Up,5000,Gradient Boosting,2
SHAP,Income,0.1784504237381209,Benchmark,A1,Up $5k,Up,5000,Gradient Boosting,2
SHAP,Wealth,0.24217629336572494,Benchmark,A1,Up $5k,Up,5000,Gradient Boosting,2
SHAP,Education,0.13642293067201422,Benchmark,A1,Up $5k,Up,5000,Gradient Boosting,2
SHAP,Demographics,0.2679846948922128,Benchmark,A1,Up $5k,Up,5000,Gradient Boosting,2
SHAP,Family / employment,0.011165643651751322,Benchmark,A1,Up $5k,Up,5000,Gradient Boosting,2
SHAP,Occupation,0.09155815746552373,Benchmark,A1,Up $5k,Up,5000,Gradient Boosting,2
SHAP,Industry,0.0413749152394476,Benchmark,A1,Up $5k,Up,5000,Gradient Boosting,2
SHAP,Geography,0.0308669409752044,Benchmark,A1,Up $5k,Up,5000,Gradient Boosting,2
Impurity,Income,0.26825006151423453,Benchmark,A1,Up $5k,Up,5000,Gradient Boosting,3
Impurity,Wealth,0.31132002617762006,Benchmark,A1,Up $5k,Up,5000,Gradient Boosting,3
Impurity,Education,0.058045255714888916,Benchmark,A1,Up $5k,Up,5000,Gradient Boosting,3
Impurity,Demographics,0.24144342169843563,Benchmark,A1,Up $5k,Up,5000,Gradient Boosting,3
Impurity,Family / employment,0.0053722802940567175,Benchmark,A1,Up $5k,Up,5000,Gradient Boosting,3
Impurity,Occupation,0.07996991102448393,Benchmark,A1,Up $5k,Up,5000,Gradient Boosting,3
Impurity,Industry,0.020716716625150317,Benchmark,A1,Up $5k,Up,5000,Gradient Boosting,3
Impurity,Geography,0.014882326951129968,Benchmark,A1,Up $5k,Up,5000,Gradient Boosting,3
Permutation,Income,0.031098122616634822,Benchmark,A1,Up $5k,Up,5000,Gradient Boosting,3
Permutation,Wealth,0.037373807207227674,Benchmark,A1,Up $5k,Up,5000,Gradient Boosting,3
Permutation,Education,0.012612239830149757,Benchmark,A1,Up $5k,Up,5000,Gradient Boosting,3
Permutation,Demographics,0.05167076283499496,Benchmark,A1,Up $5k,Up,5000,Gradient Boosting,3
Permutation,Family / employment,0.00024022322431866973,Benchmark,A1,Up $5k,Up,5000,Gradient Boosting,3
Permutation,Occupation,0.0011160780651701119,Benchmark,A1,Up $5k,Up,5000,Gradient Boosting,3
Permutation,Industry,0.0019523152793172681,Benchmark,A1,Up $5k,Up,5000,Gradient Boosting,3
Permutation,Geography,0.0023779891186961723,Benchmark,A1,Up $5k,Up,5000,Gradient Boosting,3
SHAP,Income,0.21378889940214488,Benchmark,A1,Up $5k,Up,5000,Gradient Boosting,3
SHAP,Wealth,0.2104534125873138,Benchmark,A1,Up $5k,Up,5000,Gradient Boosting,3
SHAP,Education,0.0949865286128293,Benchmark,A1,Up $5k,Up,5000,Gradient Boosting,3
SHAP,Demographics,0.302591828470838,Benchmark,A1,Up $5k,Up,5000,Gradient Boosting,3
SHAP,Family / employment,0.005301833796194698,Benchmark,A1,Up $5k,Up,5000,Gradient Boosting,3
SHAP,Occupation,0.11611777458223098,Benchmark,A1,Up $5k,Up,5000,Gradient Boosting,3
SHAP,Industry,0.02732763060974836,Benchmark,A1,Up $5k,Up,5000,Gradient Boosting,3
SHAP,Geography,0.029432091938700115,Benchmark,A1,Up $5k,Up,5000,Gradient Boosting,3
Impurity,Income,0.29827485030944473,Benchmark,A1,Up $5k,Up,5000,Gradient Boosting,4
Impurity,Wealth,0.2680297063475396,Benchmark,A1,Up $5k,Up,5000,Gradient Boosting,4
Impurity,Education,0.06718359655361017,Benchmark,A1,Up $5k,Up,5000,Gradient Boosting,4
Impurity,Demographics,0.25798729733995646,Benchmark,A1,Up $5k,Up,5000,Gradient Boosting,4
Impurity,Family / employment,0.015689342369006376,Benchmark,A1,Up $5k,Up,5000,Gradient Boosting,4
Impurity,Occupation,0.03135412085686618,Benchmark,A1,Up $5k,Up,5000,Gradient Boosting,4
Impurity,Industry,0.03455344176420498,Benchmark,A1,Up $5k,Up,5000,Gradient Boosting,4
Impurity,Geography,0.02692764445937138,Benchmark,A1,Up $5k,Up,5000,Gradient Boosting,4
Permutation,Income,0.03216208189479962,Benchmark,A1,Up $5k,Up,5000,Gradient Boosting,4
Permutation,Wealth,0.03623374678383441,Benchmark,A1,Up $5k,Up,5000,Gradient Boosting,4
Permutation,Education,0.012053445664942247,Benchmark,A1,Up $5k,Up,5000,Gradient Boosting,4
Permutation,Demographics,0.03239483742619128,Benchmark,A1,Up $5k,Up,5000,Gradient Boosting,4
Permutation,Family / employment,-0.002779219222792689,Benchmark,A1,Up $5k,Up,5000,Gradient Boosting,4
Permutation,Occupation,0.003293140425645269,Benchmark,A1,Up $5k,Up,5000,Gradient Boosting,4
Permutation,Industry,-0.006415891245342436,Benchmark,A1,Up $5k,Up,5000,Gradient Boosting,4
Permutation,Geography,-0.004058908252848492,Benchmark,A1,Up $5k,Up,5000,Gradient Boosting,4
SHAP,Income,0.22856986976107008,Benchmark,A1,Up $5k,Up,5000,Gradient Boosting,4
SHAP,Wealth,0.2204790146260112,Benchmark,A1,Up $5k,Up,5000,Gradient Boosting,4
SHAP,Education,0.13280207481832196,Benchmark,A1,Up $5k,Up,5000,Gradient Boosting,4
SHAP,Demographics,0.22571728206709102,Benchmark,A1,Up $5k,Up,5000,Gradient Boosting,4
SHAP,Family / employment,0.022847905806869667,Benchmark,A1,Up $5k,Up,5000,Gradient Boosting,4
SHAP,Occupation,0.04921195395741172,Benchmark,A1,Up $5k,Up,5000,Gradient Boosting,4
SHAP,Industry,0.06464533845505964,Benchmark,A1,Up $5k,Up,5000,Gradient Boosting,4
SHAP,Geography,0.05572656050816474,Benchmark,A1,Up $5k,Up,5000,Gradient Boosting,4
Impurity,Income,0.28480707743020633,Benchmark,A1,Up $5k,Up,5000,Gradient Boosting,5
Impurity,Wealth,0.24686138997757312,Benchmark,A1,Up $5k,Up,5000,Gradient Boosting,5
Impurity,Education,0.13324785392420158,Benchmark,A1,Up $5k,Up,5000,Gradient Boosting,5
Impurity,Demographics,0.24241451491298063,Benchmark,A1,Up $5k,Up,5000,Gradient Boosting,5
Impurity,Family / employment,0.015150624485968841,Benchmark,A1,Up $5k,Up,5000,Gradient Boosting,5
Impurity,Occupation,0.04727345137905726,Benchmark,A1,Up $5k,Up,5000,Gradient Boosting,5
Impurity,Industry,0.020512358785495705,Benchmark,A1,Up $5k,Up,5000,Gradient Boosting,5
Impurity,Geography,0.00973272910451668,Benchmark,A1,Up $5k,Up,5000,Gradient Boosting,5
Permutation,Income,0.030211460938093227,Benchmark,A1,Up $5k,Up,5000,Gradient Boosting,5
Permutation,Wealth,0.03186867479488655,Benchmark,A1,Up $5k,Up,5000,Gradient Boosting,5
Permutation,Education,-0.002260265080994861,Benchmark,A1,Up $5k,Up,5000,Gradient Boosting,5
Permutation,Demographics,0.03358153453469302,Benchmark,A1,Up $5k,Up,5000,Gradient Boosting,5
Permutation,Family / employment,-0.00030122796188046254,Benchmark,A1,Up $5k,Up,5000,Gradient Boosting,5
Permutation,Occupation,-0.0005162859239538186,Benchmark,A1,Up $5k,Up,5000,Gradient Boosting,5
Permutation,Industry,-0.0027425074605388735,Benchmark,A1,Up $5k,Up,5000,Gradient Boosting,5
Permutation,Geography,0.0004684374216226472,Benchmark,A1,Up $5k,Up,5000,Gradient Boosting,5
SHAP,Income,0.2079780991435311,Benchmark,A1,Up $5k,Up,5000,Gradient Boosting,5
SHAP,Wealth,0.1915036762233893,Benchmark,A1,Up $5k,Up,5000,Gradient Boosting,5
SHAP,Education,0.17853747573912654,Benchmark,A1,Up $5k,Up,5000,Gradient Boosting,5
SHAP,Demographics,0.273015390319532,Benchmark,A1,Up $5k,Up,5000,Gradient Boosting,5
SHAP,Family / employment,0.0165402219113762,Benchmark,A1,Up $5k,Up,5000,Gradient Boosting,5
SHAP,Occupation,0.06078266774742291,Benchmark,A1,Up $5k,Up,5000,Gradient Boosting,5
SHAP,Industry,0.0490284013845051,Benchmark,A1,Up $5k,Up,5000,Gradient Boosting,5
SHAP,Geography,0.022614067531116614,Benchmark,A1,Up $5k,Up,5000,Gradient Boosting,5
Impurity,Income,0.24046847582761377,Benchmark,A2,Up $10k,Up,10000,Random Forest,1
Impurity,Wealth,0.25148655470020176,Benchmark,A2,Up $10k,Up,10000,Random Forest,1
Impurity,Education,0.0950232119319451,Benchmark,A2,Up $10k,Up,10000,Random Forest,1
Impurity,Demographics,0.2032152807024776,Benchmark,A2,Up $10k,Up,10000,Random Forest,1
Impurity,Family / employment,0.029136845979552742,Benchmark,A2,Up $10k,Up,10000,Random Forest,1
Impurity,Occupation,0.06921427865525702,Benchmark,A2,Up $10k,Up,10000,Random Forest,1
Impurity,Industry,0.04885125188645175,Benchmark,A2,Up $10k,Up,10000,Random Forest,1
Impurity,Geography,0.06260410031650017,Benchmark,A2,Up $10k,Up,10000,Random Forest,1
Permutation,Income,0.021290457964614023,Benchmark,A2,Up $10k,Up,10000,Random Forest,1
Permutation,Wealth,0.029240658912227917,Benchmark,A2,Up $10k,Up,10000,Random Forest,1
Permutation,Education,-0.00225364561536196,Benchmark,A2,Up $10k,Up,10000,Random Forest,1
Permutation,Demographics,0.025399093056107925,Benchmark,A2,Up $10k,Up,10000,Random Forest,1
Permutation,Family / employment,0.002249429714056073,Benchmark,A2,Up $10k,Up,10000,Random Forest,1
Permutation,Occupation,0.0009296259054203338,Benchmark,A2,Up $10k,Up,10000,Random Forest,1
Permutation,Industry,-0.004165433640680644,Benchmark,A2,Up $10k,Up,10000,Random Forest,1
Permutation,Geography,-0.00957659200308828,Benchmark,A2,Up $10k,Up,10000,Random Forest,1
SHAP,Income,0.22407855514919295,Benchmark,A2,Up $10k,Up,10000,Random Forest,1
SHAP,Wealth,0.22972348585305488,Benchmark,A2,Up $10k,Up,10000,Random Forest,1
SHAP,Education,0.13484015209732647,Benchmark,A2,Up $10k,Up,10000,Random Forest,1
SHAP,Demographics,0.19862089157617982,Benchmark,A2,Up $10k,Up,10000,Random Forest,1
SHAP,Family / employment,0.03511131471505918,Benchmark,A2,Up $10k,Up,10000,Random Forest,1
SHAP,Occupation,0.06752789315319145,Benchmark,A2,Up $10k,Up,10000,Random Forest,1
SHAP,Industry,0.03544796901658278,Benchmark,A2,Up $10k,Up,10000,Random Forest,1
SHAP,Geography,0.07464973843941253,Benchmark,A2,Up $10k,Up,10000,Random Forest,1
Impurity,Income,0.22100404911282592,Benchmark,A2,Up $10k,Up,10000,Random Forest,2
Impurity,Wealth,0.2577042782341836,Benchmark,A2,Up $10k,Up,10000,Random Forest,2
Impurity,Education,0.08230660054179299,Benchmark,A2,Up $10k,Up,10000,Random Forest,2
Impurity,Demographics,0.23939140249166166,Benchmark,A2,Up $10k,Up,10000,Random Forest,2
Impurity,Family / employment,0.06694427896437133,Benchmark,A2,Up $10k,Up,10000,Random Forest,2
Impurity,Occupation,0.06456941444918662,Benchmark,A2,Up $10k,Up,10000,Random Forest,2
Impurity,Industry,0.042517196651683915,Benchmark,A2,Up $10k,Up,10000,Random Forest,2
Impurity,Geography,0.025562779554294087,Benchmark,A2,Up $10k,Up,10000,Random Forest,2
Permutation,Income,0.04457959017402683,Benchmark,A2,Up $10k,Up,10000,Random Forest,2
Permutation,Wealth,0.03295061544315597,Benchmark,A2,Up $10k,Up,10000,Random Forest,2
Permutation,Education,0.018516520212535477,Benchmark,A2,Up $10k,Up,10000,Random Forest,2
Permutation,Demographics,0.022732242041494537,Benchmark,A2,Up $10k,Up,10000,Random Forest,2
Permutation,Family / employment,-0.016008369228258983,Benchmark,A2,Up $10k,Up,10000,Random Forest,2
Permutation,Occupation,0.0034085026835242336,Benchmark,A2,Up $10k,Up,10000,Random Forest,2
Permutation,Industry,-0.003991752197063875,Benchmark,A2,Up $10k,Up,10000,Random Forest,2
Permutation,Geography,0.004251448229235411,Benchmark,A2,Up $10k,Up,10000,Random Forest,2
SHAP,Income,0.19616522403419068,Benchmark,A2,Up $10k,Up,10000,Random Forest,2
SHAP,Wealth,0.25873498023967423,Benchmark,A2,Up $10k,Up,10000,Random Forest,2
SHAP,Education,0.11543903083057871,Benchmark,A2,Up $10k,Up,10000,Random Forest,2
SHAP,Demographics,0.23501089361733016,Benchmark,A2,Up $10k,Up,10000,Random Forest,2
SHAP,Family / employment,0.08520624576859855,Benchmark,A2,Up $10k,Up,10000,Random Forest,2
SHAP,Occupation,0.057190075937481905,Benchmark,A2,Up $10k,Up,10000,Random Forest,2
SHAP,Industry,0.03178634479114304,Benchmark,A2,Up $10k,Up,10000,Random Forest,2
SHAP,Geography,0.020467204781002446,Benchmark,A2,Up $10k,Up,10000,Random Forest,2
Impurity,Income,0.24971553512826086,Benchmark,A2,Up $10k,Up,10000,Random Forest,3
Impurity,Wealth,0.2573405226100584,Benchmark,A2,Up $10k,Up,10000,Random Forest,3
Impurity,Education,0.09110134368241705,Benchmark,A2,Up $10k,Up,10000,Random Forest,3
Impurity,Demographics,0.2215121481403978,Benchmark,A2,Up $10k,Up,10000,Random Forest,3
Impurity,Family / employment,0.04317907551726493,Benchmark,A2,Up $10k,Up,10000,Random Forest,3
Impurity,Occupation,0.060603666841218616,Benchmark,A2,Up $10k,Up,10000,Random Forest,3
Impurity,Industry,0.044201791365967746,Benchmark,A2,Up $10k,Up,10000,Random Forest,3
Impurity,Geography,0.03234591671441452,Benchmark,A2,Up $10k,Up,10000,Random Forest,3
Permutation,Income,0.03504942035715018,Benchmark,A2,Up $10k,Up,10000,Random Forest,3
Permutation,Wealth,0.01656699197827959,Benchmark,A2,Up $10k,Up,10000,Random Forest,3
Permutation,Education,0.019619514228249074,Benchmark,A2,Up $10k,Up,10000,Random Forest,3
Permutation,Demographics,0.034054500702273414,Benchmark,A2,Up $10k,Up,10000,Random Forest,3
Permutation,Family / employment,-0.0008072455242334409,Benchmark,A2,Up $10k,Up,10000,Random Forest,3
Permutation,Occupation,0.005841474946956321,Benchmark,A2,Up $10k,Up,10000,Random Forest,3
Permutation,Industry,0.0009973488241750927,Benchmark,A2,Up $10k,Up,10000,Random Forest,3
Permutation,Geography,0.003001191792460367,Benchmark,A2,Up $10k,Up,10000,Random Forest,3
SHAP,Income,0.22478471936743114,Benchmark,A2,Up $10k,Up,10000,Random Forest,3
SHAP,Wealth,0.2251581256861495,Benchmark,A2,Up $10k,Up,10000,Random Forest,3
SHAP,Education,0.12213893148514318,Benchmark,A2,Up $10k,Up,10000,Random Forest,3
SHAP,Demographics,0.23425248982773705,Benchmark,A2,Up $10k,Up,10000,Random Forest,3
SHAP,Family / employment,0.055502007069314865,Benchmark,A2,Up $10k,Up,10000,Random Forest,3
SHAP,Occupation,0.06566410654487267,Benchmark,A2,Up $10k,Up,10000,Random Forest,3
SHAP,Industry,0.035104908730985734,Benchmark,A2,Up $10k,Up,10000,Random Forest,3
SHAP,Geography,0.037394711288365884,Benchmark,A2,Up $10k,Up,10000,Random Forest,3
Impurity,Income,0.2716368365917522,Benchmark,A2,Up $10k,Up,10000,Random Forest,4
Impurity,Wealth,0.20765594706997412,Benchmark,A2,Up $10k,Up,10000,Random Forest,4
Impurity,Education,0.0989164634123053,Benchmark,A2,Up $10k,Up,10000,Random Forest,4
Impurity,Demographics,0.21080408047354934,Benchmark,A2,Up $10k,Up,10000,Random Forest,4
Impurity,Family / employment,0.038014952764515365,Benchmark,A2,Up $10k,Up,10000,Random Forest,4
Impurity,Occupation,0.08065668247930301,Benchmark,A2,Up $10k,Up,10000,Random Forest,4
Impurity,Industry,0.05461399103734614,Benchmark,A2,Up $10k,Up,10000,Random Forest,4
Impurity,Geography,0.03770104617125453,Benchmark,A2,Up $10k,Up,10000,Random Forest,4
Permutation,Income,0.02061668165561516,Benchmark,A2,Up $10k,Up,10000,Random Forest,4
Permutation,Wealth,0.046886477900859695,Benchmark,A2,Up $10k,Up,10000,Random Forest,4
Permutation,Education,0.006528797237231726,Benchmark,A2,Up $10k,Up,10000,Random Forest,4
Permutation,Demographics,0.0324695354347025,Benchmark,A2,Up $10k,Up,10000,Random Forest,4
Permutation,Family / employment,-0.001149587281943637,Benchmark,A2,Up $10k,Up,10000,Random Forest,4
Permutation,Occupation,-0.0009860496670150542,Benchmark,A2,Up $10k,Up,10000,Random Forest,4
Permutation,Industry,-0.005023911033022804,Benchmark,A2,Up $10k,Up,10000,Random Forest,4
Permutation,Geography,-0.0006164841978205715,Benchmark,A2,Up $10k,Up,10000,Random Forest,4
SHAP,Income,0.24361253634130955,Benchmark,A2,Up $10k,Up,10000,Random Forest,4
SHAP,Wealth,0.19274392564544426,Benchmark,A2,Up $10k,Up,10000,Random Forest,4
SHAP,Education,0.1383637786836247,Benchmark,A2,Up $10k,Up,10000,Random Forest,4
SHAP,Demographics,0.2203455322612859,Benchmark,A2,Up $10k,Up,10000,Random Forest,4
SHAP,Family / employment,0.04770390626103353,Benchmark,A2,Up $10k,Up,10000,Random Forest,4
SHAP,Occupation,0.08269899167378085,Benchmark,A2,Up $10k,Up,10000,Random Forest,4
SHAP,Industry,0.04066484439658541,Benchmark,A2,Up $10k,Up,10000,Random Forest,4
SHAP,Geography,0.033866484736935806,Benchmark,A2,Up $10k,Up,10000,Random Forest,4
Impurity,Income,0.20460985275590216,Benchmark,A2,Up $10k,Up,10000,Random Forest,5
Impurity,Wealth,0.2554088879287932,Benchmark,A2,Up $10k,Up,10000,Random Forest,5
Impurity,Education,0.10008669478529886,Benchmark,A2,Up $10k,Up,10000,Random Forest,5
Impurity,Demographics,0.25278539984080284,Benchmark,A2,Up $10k,Up,10000,Random Forest,5
Impurity,Family / employment,0.03266102505726966,Benchmark,A2,Up $10k,Up,10000,Random Forest,5
Impurity,Occupation,0.0712937169678045,Benchmark,A2,Up $10k,Up,10000,Random Forest,5
Impurity,Industry,0.04554731501744845,Benchmark,A2,Up $10k,Up,10000,Random Forest,5
Impurity,Geography,0.037607107646680564,Benchmark,A2,Up $10k,Up,10000,Random Forest,5
Permutation,Income,0.04257054901252727,Benchmark,A2,Up $10k,Up,10000,Random Forest,5
Permutation,Wealth,0.036419307832468766,Benchmark,A2,Up $10k,Up,10000,Random Forest,5
Permutation,Education,0.0031999336944566635,Benchmark,A2,Up $10k,Up,10000,Random Forest,5
Permutation,Demographics,0.043599281535469145,Benchmark,A2,Up $10k,Up,10000,Random Forest,5
Permutation,Family / employment,-0.001231231600281746,Benchmark,A2,Up $10k,Up,10000,Random Forest,5
Permutation,Occupation,-0.0011166905802404592,Benchmark,A2,Up $10k,Up,10000,Random Forest,5
Permutation,Industry,-0.0009499189665929997,Benchmark,A2,Up $10k,Up,10000,Random Forest,5
Permutation,Geography,0.0022649671509090085,Benchmark,A2,Up $10k,Up,10000,Random Forest,5
SHAP,Income,0.1935337522399686,Benchmark,A2,Up $10k,Up,10000,Random Forest,5
SHAP,Wealth,0.22556353121094197,Benchmark,A2,Up $10k,Up,10000,Random Forest,5
SHAP,Education,0.14415225634980264,Benchmark,A2,Up $10k,Up,10000,Random Forest,5
SHAP,Demographics,0.27104265825668533,Benchmark,A2,Up $10k,Up,10000,Random Forest,5
SHAP,Family / employment,0.033099047159776775,Benchmark,A2,Up $10k,Up,10000,Random Forest,5
SHAP,Occupation,0.06772286495420289,Benchmark,A2,Up $10k,Up,10000,Random Forest,5
SHAP,Industry,0.03156097539283568,Benchmark,A2,Up $10k,Up,10000,Random Forest,5
SHAP,Geography,0.033324914435786224,Benchmark,A2,Up $10k,Up,10000,Random Forest,5
Impurity,Income,0.25176324820328316,Benchmark,A2,Up $10k,Up,10000,Gradient Boosting,1
Impurity,Wealth,0.3219614353160891,Benchmark,A2,Up $10k,Up,10000,Gradient Boosting,1
Impurity,Education,0.11114503111112396,Benchmark,A2,Up $10k,Up,10000,Gradient Boosting,1
Impurity,Demographics,0.21689120292817768,Benchmark,A2,Up $10k,Up,10000,Gradient Boosting,1
Impurity,Family / employment,0.0012457932576563754,Benchmark,A2,Up $10k,Up,10000,Gradient Boosting,1
Impurity,Occupation,0.03745201677136922,Benchmark,A2,Up $10k,Up,10000,Gradient Boosting,1
Impurity,Industry,0.029613447361037614,Benchmark,A2,Up $10k,Up,10000,Gradient Boosting,1
Impurity,Geography,0.029927825051262902,Benchmark,A2,Up $10k,Up,10000,Gradient Boosting,1
Permutation,Income,0.01774718860844931,Benchmark,A2,Up $10k,Up,10000,Gradient Boosting,1
Permutation,Wealth,0.04363074147629022,Benchmark,A2,Up $10k,Up,10000,Gradient Boosting,1
Permutation,Education,0.0034161839537054763,Benchmark,A2,Up $10k,Up,10000,Gradient Boosting,1
Permutation,Demographics,0.04296229460499052,Benchmark,A2,Up $10k,Up,10000,Gradient Boosting,1
Permutation,Family / employment,0.00016597839497908273,Benchmark,A2,Up $10k,Up,10000,Gradient Boosting,1
Permutation,Occupation,-0.00380614960376906,Benchmark,A2,Up $10k,Up,10000,Gradient Boosting,1
Permutation,Industry,-0.0009208333358969977,Benchmark,A2,Up $10k,Up,10000,Gradient Boosting,1
Permutation,Geography,-0.0024992870735362936,Benchmark,A2,Up $10k,Up,10000,Gradient Boosting,1
SHAP,Income,0.20827088667300464,Benchmark,A2,Up $10k,Up,10000,Gradient Boosting,1
SHAP,Wealth,0.2467940572167594,Benchmark,A2,Up $10k,Up,10000,Gradient Boosting,1
SHAP,Education,0.1685542000529634,Benchmark,A2,Up $10k,Up,10000,Gradient Boosting,1
SHAP,Demographics,0.2214081230228102,Benchmark,A2,Up $10k,Up,10000,Gradient Boosting,1
SHAP,Family / employment,0.003498264381652045,Benchmark,A2,Up $10k,Up,10000,Gradient Boosting,1
SHAP,Occupation,0.05528827320490718,Benchmark,A2,Up $10k,Up,10000,Gradient Boosting,1
SHAP,Industry,0.03130247528119752,Benchmark,A2,Up $10k,Up,10000,Gradient Boosting,1
SHAP,Geography,0.06488372016670585,Benchmark,A2,Up $10k,Up,10000,Gradient Boosting,1
Impurity,Income,0.17745576981467218,Benchmark,A2,Up $10k,Up,10000,Gradient Boosting,2
Impurity,Wealth,0.337910510585772,Benchmark,A2,Up $10k,Up,10000,Gradient Boosting,2
Impurity,Education,0.06233659927487817,Benchmark,A2,Up $10k,Up,10000,Gradient Boosting,2
Impurity,Demographics,0.28150568216478966,Benchmark,A2,Up $10k,Up,10000,Gradient Boosting,2
Impurity,Family / employment,0.04328010957480543,Benchmark,A2,Up $10k,Up,10000,Gradient Boosting,2
Impurity,Occupation,0.06549300720207825,Benchmark,A2,Up $10k,Up,10000,Gradient Boosting,2
Impurity,Industry,0.02129506361231229,Benchmark,A2,Up $10k,Up,10000,Gradient Boosting,2
Impurity,Geography,0.010723257770692059,Benchmark,A2,Up $10k,Up,10000,Gradient Boosting,2
Permutation,Income,0.029404275524174777,Benchmark,A2,Up $10k,Up,10000,Gradient Boosting,2
Permutation,Wealth,0.040347519715932874,Benchmark,A2,Up $10k,Up,10000,Gradient Boosting,2
Permutation,Education,0.023018929386072067,Benchmark,A2,Up $10k,Up,10000,Gradient Boosting,2
Permutation,Demographics,0.030229491301947596,Benchmark,A2,Up $10k,Up,10000,Gradient Boosting,2
Permutation,Family / employment,-0.012106182357526562,Benchmark,A2,Up $10k,Up,10000,Gradient Boosting,2
Permutation,Occupation,0.010629131596227448,Benchmark,A2,Up $10k,Up,10000,Gradient Boosting,2
Permutation,Industry,-0.0007891237333819024,Benchmark,A2,Up $10k,Up,10000,Gradient Boosting,2
Permutation,Geography,0.002288594554311324,Benchmark,A2,Up $10k,Up,10000,Gradient Boosting,2
SHAP,Income,0.1496917527836248,Benchmark,A2,Up $10k,Up,10000,Gradient Boosting,2
SHAP,Wealth,0.24535781106988946,Benchmark,A2,Up $10k,Up,10000,Gradient Boosting,2
SHAP,Education,0.1223419889225253,Benchmark,A2,Up $10k,Up,10000,Gradient Boosting,2
SHAP,Demographics,0.2550970227341485,Benchmark,A2,Up $10k,Up,10000,Gradient Boosting,2
SHAP,Family / employment,0.07751563013333405,Benchmark,A2,Up $10k,Up,10000,Gradient Boosting,2
SHAP,Occupation,0.0888278971075822,Benchmark,A2,Up $10k,Up,10000,Gradient Boosting,2
SHAP,Industry,0.039686332453906945,Benchmark,A2,Up $10k,Up,10000,Gradient Boosting,2
SHAP,Geography,0.021481564794988618,Benchmark,A2,Up $10k,Up,10000,Gradient Boosting,2
Impurity,Income,0.25760735165494264,Benchmark,A2,Up $10k,Up,10000,Gradient Boosting,3
Impurity,Wealth,0.3680937270793714,Benchmark,A2,Up $10k,Up,10000,Gradient Boosting,3
Impurity,Education,0.05694053147170341,Benchmark,A2,Up $10k,Up,10000,Gradient Boosting,3
Impurity,Demographics,0.20178737817841752,Benchmark,A2,Up $10k,Up,10000,Gradient Boosting,3
Impurity,Family / employment,0.014304042580244234,Benchmark,A2,Up $10k,Up,10000,Gradient Boosting,3
Impurity,Occupation,0.05315777510436841,Benchmark,A2,Up $10k,Up,10000,Gradient Boosting,3
Impurity,Industry,0.028048562977889088,Benchmark,A2,Up $10k,Up,10000,Gradient Boosting,3
Impurity,Geography,0.02006063095306331,Benchmark,A2,Up $10k,Up,10000,Gradient Boosting,3
Permutation,Income,0.03336659468223083,Benchmark,A2,Up $10k,Up,10000,Gradient Boosting,3
Permutation,Wealth,0.017456933174844463,Benchmark,A2,Up $10k,Up,10000,Gradient Boosting,3
Permutation,Education,0.016543304261042703,Benchmark,A2,Up $10k,Up,10000,Gradient Boosting,3
Permutation,Demographics,0.04334158174906054,Benchmark,A2,Up $10k,Up,10000,Gradient Boosting,3
Permutation,Family / employment,-0.0005552196606933901,Benchmark,A2,Up $10k,Up,10000,Gradient Boosting,3
Permutation,Occupation,0.004085040713248828,Benchmark,A2,Up $10k,Up,10000,Gradient Boosting,3
Permutation,Industry,-0.0048933453778898075,Benchmark,A2,Up $10k,Up,10000,Gradient Boosting,3
Permutation,Geography,-0.00018020285111825519,Benchmark,A2,Up $10k,Up,10000,Gradient Boosting,3
SHAP,Income,0.20886249992639083,Benchmark,A2,Up $10k,Up,10000,Gradient Boosting,3
SHAP,Wealth,0.2418344632539876,Benchmark,A2,Up $10k,Up,10000,Gradient Boosting,3
SHAP,Education,0.10644366328257931,Benchmark,A2,Up $10k,Up,10000,Gradient Boosting,3
SHAP,Demographics,0.2560806084772461,Benchmark,A2,Up $10k,Up,10000,Gradient Boosting,3
SHAP,Family / employment,0.02839410916204633,Benchmark,A2,Up $10k,Up,10000,Gradient Boosting,3
SHAP,Occupation,0.05497277757984133,Benchmark,A2,Up $10k,Up,10000,Gradient Boosting,3
SHAP,Industry,0.057287949689711626,Benchmark,A2,Up $10k,Up,10000,Gradient Boosting,3
SHAP,Geography,0.04612392862819689,Benchmark,A2,Up $10k,Up,10000,Gradient Boosting,3
Impurity,Income,0.3230429902539703,Benchmark,A2,Up $10k,Up,10000,Gradient Boosting,4
Impurity,Wealth,0.21018317724095908,Benchmark,A2,Up $10k,Up,10000,Gradient Boosting,4
Impurity,Education,0.08426287074698151,Benchmark,A2,Up $10k,Up,10000,Gradient Boosting,4
Impurity,Demographics,0.261945851484524,Benchmark,A2,Up $10k,Up,10000,Gradient Boosting,4
Impurity,Family / employment,0.020630196270164453,Benchmark,A2,Up $10k,Up,10000,Gradient Boosting,4
Impurity,Occupation,0.05031179227564256,Benchmark,A2,Up $10k,Up,10000,Gradient Boosting,4
Impurity,Industry,0.038807669107887625,Benchmark,A2,Up $10k,Up,10000,Gradient Boosting,4
Impurity,Geography,0.010815452619870485,Benchmark,A2,Up $10k,Up,10000,Gradient Boosting,4
Permutation,Income,0.027750067523787975,Benchmark,A2,Up $10k,Up,10000,Gradient Boosting,4
Permutation,Wealth,0.03272859868824958,Benchmark,A2,Up $10k,Up,10000,Gradient Boosting,4
Permutation,Education,0.014013853305658852,Benchmark,A2,Up $10k,Up,10000,Gradient Boosting,4
Permutation,Demographics,0.04850340354832491,Benchmark,A2,Up $10k,Up,10000,Gradient Boosting,4
Permutation,Family / employment,0.0034398331846568877,Benchmark,A2,Up $10k,Up,10000,Gradient Boosting,4
Permutation,Occupation,-0.0007563278559590658,Benchmark,A2,Up $10k,Up,10000,Gradient Boosting,4
Permutation,Industry,-0.008776418013185693,Benchmark,A2,Up $10k,Up,10000,Gradient Boosting,4
Permutation,Geography,0.0016006549938138216,Benchmark,A2,Up $10k,Up,10000,Gradient Boosting,4
SHAP,Income,0.21319297906638904,Benchmark,A2,Up $10k,Up,10000,Gradient Boosting,4
SHAP,Wealth,0.15569056523532857,Benchmark,A2,Up $10k,Up,10000,Gradient Boosting,4
SHAP,Education,0.16357529536703075,Benchmark,A2,Up $10k,Up,10000,Gradient Boosting,4
SHAP,Demographics,0.2672134823753434,Benchmark,A2,Up $10k,Up,10000,Gradient Boosting,4
SHAP,Family / employment,0.035253289370782225,Benchmark,A2,Up $10k,Up,10000,Gradient Boosting,4
SHAP,Occupation,0.06671842844528454,Benchmark,A2,Up $10k,Up,10000,Gradient Boosting,4
SHAP,Industry,0.06518885898896529,Benchmark,A2,Up $10k,Up,10000,Gradient Boosting,4
SHAP,Geography,0.03316710115087599,Benchmark,A2,Up $10k,Up,10000,Gradient Boosting,4
Impurity,Income,0.23595333861715617,Benchmark,A2,Up $10k,Up,10000,Gradient Boosting,5
Impurity,Wealth,0.2857371643300054,Benchmark,A2,Up $10k,Up,10000,Gradient Boosting,5
Impurity,Education,0.11866821573488455,Benchmark,A2,Up $10k,Up,10000,Gradient Boosting,5
Impurity,Demographics,0.2420486685963283,Benchmark,A2,Up $10k,Up,10000,Gradient Boosting,5
Impurity,Family / employment,0.023249446596498826,Benchmark,A2,Up $10k,Up,10000,Gradient Boosting,5
Impurity,Occupation,0.054329580751251966,Benchmark,A2,Up $10k,Up,10000,Gradient Boosting,5
Impurity,Industry,0.02805929473232376,Benchmark,A2,Up $10k,Up,10000,Gradient Boosting,5
Impurity,Geography,0.011954290641550906,Benchmark,A2,Up $10k,Up,10000,Gradient Boosting,5
Permutation,Income,0.04541056343700021,Benchmark,A2,Up $10k,Up,10000,Gradient Boosting,5
Permutation,Wealth,0.03605939730447766,Benchmark,A2,Up $10k,Up,10000,Gradient Boosting,5
Permutation,Education,0.011160755648045056,Benchmark,A2,Up $10k,Up,10000,Gradient Boosting,5
Permutation,Demographics,0.05566636072083466,Benchmark,A2,Up $10k,Up,10000,Gradient Boosting,5
Permutation,Family / employment,0.0003918205015737364,Benchmark,A2,Up $10k,Up,10000,Gradient Boosting,5
Permutation,Occupation,0.0021437189699644366,Benchmark,A2,Up $10k,Up,10000,Gradient Boosting,5
Permutation,Industry,-0.002721813638652937,Benchmark,A2,Up $10k,Up,10000,Gradient Boosting,5
Permutation,Geography,0.0009536580374093717,Benchmark,A2,Up $10k,Up,10000,Gradient Boosting,5
SHAP,Income,0.18022184739293673,Benchmark,A2,Up $10k,Up,10000,Gradient Boosting,5
SHAP,Wealth,0.19520755807344403,Benchmark,A2,Up $10k,Up,10000,Gradient Boosting,5
SHAP,Education,0.18236745766061147,Benchmark,A2,Up $10k,Up,10000,Gradient Boosting,5
SHAP,Demographics,0.281928475924163,Benchmark,A2,Up $10k,Up,10000,Gradient Boosting,5
SHAP,Family / employment,0.022246927647238922,Benchmark,A2,Up $10k,Up,10000,Gradient Boosting,5
SHAP,Occupation,0.0756539350362475,Benchmark,A2,Up $10k,Up,10000,Gradient Boosting,5
SHAP,Industry,0.03956034804732194,Benchmark,A2,Up $10k,Up,10000,Gradient Boosting,5
SHAP,Geography,0.022813450218036463,Benchmark,A2,Up $10k,Up,10000,Gradient Boosting,5
Impurity,Income,0.23804574584115462,Benchmark,A3,Up $15k,Up,15000,Random Forest,1
Impurity,Wealth,0.25437412725488673,Benchmark,A3,Up $15k,Up,15000,Random Forest,1
Impurity,Education,0.09901149343031446,Benchmark,A3,Up $15k,Up,15000,Random Forest,1
Impurity,Demographics,0.22199631479567916,Benchmark,A3,Up $15k,Up,15000,Random Forest,1
Impurity,Family / employment,0.03000083181417014,Benchmark,A3,Up $15k,Up,15000,Random Forest,1
Impurity,Occupation,0.07493446575358675,Benchmark,A3,Up $15k,Up,15000,Random Forest,1
Impurity,Industry,0.04284233725135801,Benchmark,A3,Up $15k,Up,15000,Random Forest,1
Impurity,Geography,0.038794683858850244,Benchmark,A3,Up $15k,Up,15000,Random Forest,1
Permutation,Income,0.04060070794048528,Benchmark,A3,Up $15k,Up,15000,Random Forest,1
Permutation,Wealth,0.04554026767722584,Benchmark,A3,Up $15k,Up,15000,Random Forest,1
Permutation,Education,0.009975557758890608,Benchmark,A3,Up $15k,Up,15000,Random Forest,1
Permutation,Demographics,0.03372547267460747,Benchmark,A3,Up $15k,Up,15000,Random Forest,1
Permutation,Family / employment,0.0007035162268249073,Benchmark,A3,Up $15k,Up,15000,Random Forest,1
Permutation,Occupation,-1.0388007911044107e-05,Benchmark,A3,Up $15k,Up,15000,Random Forest,1
Permutation,Industry,0.0033155364270258613,Benchmark,A3,Up $15k,Up,15000,Random Forest,1
Permutation,Geography,0.0034935636987222297,Benchmark,A3,Up $15k,Up,15000,Random Forest,1
SHAP,Income,0.2252119911350022,Benchmark,A3,Up $15k,Up,15000,Random Forest,1
SHAP,Wealth,0.23864245658542296,Benchmark,A3,Up $15k,Up,15000,Random Forest,1
SHAP,Education,0.13326666106310942,Benchmark,A3,Up $15k,Up,15000,Random Forest,1
SHAP,Demographics,0.23937799293152962,Benchmark,A3,Up $15k,Up,15000,Random Forest,1
SHAP,Family / employment,0.04028787300042821,Benchmark,A3,Up $15k,Up,15000,Random Forest,1
SHAP,Occupation,0.0631300690034877,Benchmark,A3,Up $15k,Up,15000,Random Forest,1
SHAP,Industry,0.024929462094273,Benchmark,A3,Up $15k,Up,15000,Random Forest,1
SHAP,Geography,0.035153494186746743,Benchmark,A3,Up $15k,Up,15000,Random Forest,1
Impurity,Income,0.22276288823108997,Benchmark,A3,Up $15k,Up,15000,Random Forest,2
Impurity,Wealth,0.2732878508582142,Benchmark,A3,Up $15k,Up,15000,Random Forest,2
Impurity,Education,0.08490468131540313,Benchmark,A3,Up $15k,Up,15000,Random Forest,2
Impurity,Demographics,0.21265974514427455,Benchmark,A3,Up $15k,Up,15000,Random Forest,2
Impurity,Family / employment,0.029731211579719953,Benchmark,A3,Up $15k,Up,15000,Random Forest,2
Impurity,Occupation,0.07627725881886219,Benchmark,A3,Up $15k,Up,15000,Random Forest,2
Impurity,Industry,0.049161395884617855,Benchmark,A3,Up $15k,Up,15000,Random Forest,2
Impurity,Geography,0.05121496816781807,Benchmark,A3,Up $15k,Up,15000,Random Forest,2
Permutation,Income,0.047731257608015644,Benchmark,A3,Up $15k,Up,15000,Random Forest,2
Permutation,Wealth,0.04008246962633376,Benchmark,A3,Up $15k,Up,15000,Random Forest,2
Permutation,Education,0.006311708162334162,Benchmark,A3,Up $15k,Up,15000,Random Forest,2
Permutation,Demographics,0.028524680865523094,Benchmark,A3,Up $15k,Up,15000,Random Forest,2
Permutation,Family / employment,-0.005180189919284217,Benchmark,A3,Up $15k,Up,15000,Random Forest,2
Permutation,Occupation,-0.002665616878651328,Benchmark,A3,Up $15k,Up,15000,Random Forest,2
Permutation,Industry,-0.004776008168400658,Benchmark,A3,Up $15k,Up,15000,Random Forest,2
Permutation,Geography,-0.0006024951200911122,Benchmark,A3,Up $15k,Up,15000,Random Forest,2
SHAP,Income,0.19909074513964817,Benchmark,A3,Up $15k,Up,15000,Random Forest,2
SHAP,Wealth,0.2522151300724069,Benchmark,A3,Up $15k,Up,15000,Random Forest,2
SHAP,Education,0.12806148911984438,Benchmark,A3,Up $15k,Up,15000,Random Forest,2
SHAP,Demographics,0.22144874934667036,Benchmark,A3,Up $15k,Up,15000,Random Forest,2
SHAP,Family / employment,0.040594181269034496,Benchmark,A3,Up $15k,Up,15000,Random Forest,2
SHAP,Occupation,0.06712632237406022,Benchmark,A3,Up $15k,Up,15000,Random Forest,2
SHAP,Industry,0.04082070327696671,Benchmark,A3,Up $15k,Up,15000,Random Forest,2
SHAP,Geography,0.050642679401368906,Benchmark,A3,Up $15k,Up,15000,Random Forest,2
Impurity,Income,0.22697894017012354,Benchmark,A3,Up $15k,Up,15000,Random Forest,3
Impurity,Wealth,0.24336748317870338,Benchmark,A3,Up $15k,Up,15000,Random Forest,3
Impurity,Education,0.10092798836946054,Benchmark,A3,Up $15k,Up,15000,Random Forest,3
Impurity,Demographics,0.22632773667088935,Benchmark,A3,Up $15k,Up,15000,Random Forest,3
Impurity,Family / employment,0.0339159609595405,Benchmark,A3,Up $15k,Up,15000,Random Forest,3
Impurity,Occupation,0.07120631564565492,Benchmark,A3,Up $15k,Up,15000,Random Forest,3
Impurity,Industry,0.04644612000133953,Benchmark,A3,Up $15k,Up,15000,Random Forest,3
Impurity,Geography,0.050829455004288274,Benchmark,A3,Up $15k,Up,15000,Random Forest,3
Permutation,Income,0.042731577440454215,Benchmark,A3,Up $15k,Up,15000,Random Forest,3
Permutation,Wealth,0.05906695258840846,Benchmark,A3,Up $15k,Up,15000,Random Forest,3
Permutation,Education,0.0027609265972132423,Benchmark,A3,Up $15k,Up,15000,Random Forest,3
Permutation,Demographics,0.028517817712778264,Benchmark,A3,Up $15k,Up,15000,Random Forest,3
Permutation,Family / employment,0.0032133126552228277,Benchmark,A3,Up $15k,Up,15000,Random Forest,3
Permutation,Occupation,0.0028937105052727675,Benchmark,A3,Up $15k,Up,15000,Random Forest,3
Permutation,Industry,-0.0020799006191901948,Benchmark,A3,Up $15k,Up,15000,Random Forest,3
Permutation,Geography,-0.000718967988024416,Benchmark,A3,Up $15k,Up,15000,Random Forest,3
SHAP,Income,0.20702942554563997,Benchmark,A3,Up $15k,Up,15000,Random Forest,3
SHAP,Wealth,0.2165633326279071,Benchmark,A3,Up $15k,Up,15000,Random Forest,3
SHAP,Education,0.15656725267359636,Benchmark,A3,Up $15k,Up,15000,Random Forest,3
SHAP,Demographics,0.21885713249193645,Benchmark,A3,Up $15k,Up,15000,Random Forest,3
SHAP,Family / employment,0.037125513894551,Benchmark,A3,Up $15k,Up,15000,Random Forest,3
SHAP,Occupation,0.06737476097211768,Benchmark,A3,Up $15k,Up,15000,Random Forest,3
SHAP,Industry,0.03749516361172737,Benchmark,A3,Up $15k,Up,15000,Random Forest,3
SHAP,Geography,0.05898741818252403,Benchmark,A3,Up $15k,Up,15000,Random Forest,3
Impurity,Income,0.2413515389884478,Benchmark,A3,Up $15k,Up,15000,Random Forest,4
Impurity,Wealth,0.26895523850999203,Benchmark,A3,Up $15k,Up,15000,Random Forest,4
Impurity,Education,0.08542010913590697,Benchmark,A3,Up $15k,Up,15000,Random Forest,4
Impurity,Demographics,0.22392562938143531,Benchmark,A3,Up $15k,Up,15000,Random Forest,4
Impurity,Family / employment,0.04137391500368962,Benchmark,A3,Up $15k,Up,15000,Random Forest,4
Impurity,Occupation,0.06392447681969454,Benchmark,A3,Up $15k,Up,15000,Random Forest,4
Impurity,Industry,0.04285857406939921,Benchmark,A3,Up $15k,Up,15000,Random Forest,4
Impurity,Geography,0.032190518091434465,Benchmark,A3,Up $15k,Up,15000,Random Forest,4
Permutation,Income,0.029445003567868267,Benchmark,A3,Up $15k,Up,15000,Random Forest,4
Permutation,Wealth,0.03367870337644612,Benchmark,A3,Up $15k,Up,15000,Random Forest,4
Permutation,Education,0.013267983951212675,Benchmark,A3,Up $15k,Up,15000,Random Forest,4
Permutation,Demographics,0.028975650297491613,Benchmark,A3,Up $15k,Up,15000,Random Forest,4
Permutation,Family / employment,-0.005976093820607748,Benchmark,A3,Up $15k,Up,15000,Random Forest,4
Permutation,Occupation,0.0036298381174920567,Benchmark,A3,Up $15k,Up,15000,Random Forest,4
Permutation,Industry,-0.002920745310291273,Benchmark,A3,Up $15k,Up,15000,Random Forest,4
Permutation,Geography,-0.0007659168793372583,Benchmark,A3,Up $15k,Up,15000,Random Forest,4
SHAP,Income,0.2002088511679717,Benchmark,A3,Up $15k,Up,15000,Random Forest,4
SHAP,Wealth,0.26806431485273474,Benchmark,A3,Up $15k,Up,15000,Random Forest,4
SHAP,Education,0.12309504797525925,Benchmark,A3,Up $15k,Up,15000,Random Forest,4
SHAP,Demographics,0.21558755984607092,Benchmark,A3,Up $15k,Up,15000,Random Forest,4
SHAP,Family / employment,0.05463423890095548,Benchmark,A3,Up $15k,Up,15000,Random Forest,4
SHAP,Occupation,0.06176488786230702,Benchmark,A3,Up $15k,Up,15000,Random Forest,4
SHAP,Industry,0.03623081994400877,Benchmark,A3,Up $15k,Up,15000,Random Forest,4
SHAP,Geography,0.040414279450692064,Benchmark,A3,Up $15k,Up,15000,Random Forest,4
Impurity,Income,0.2513788424367827,Benchmark,A3,Up $15k,Up,15000,Random Forest,5
Impurity,Wealth,0.22567290791453626,Benchmark,A3,Up $15k,Up,15000,Random Forest,5
Impurity,Education,0.09925114048079783,Benchmark,A3,Up $15k,Up,15000,Random Forest,5
Impurity,Demographics,0.24262490011593868,Benchmark,A3,Up $15k,Up,15000,Random Forest,5
Impurity,Family / employment,0.03365571735877054,Benchmark,A3,Up $15k,Up,15000,Random Forest,5
Impurity,Occupation,0.05489287719840438,Benchmark,A3,Up $15k,Up,15000,Random Forest,5
Impurity,Industry,0.043518037649024205,Benchmark,A3,Up $15k,Up,15000,Random Forest,5
Impurity,Geography,0.04900557684574557,Benchmark,A3,Up $15k,Up,15000,Random Forest,5
Permutation,Income,0.029386217278281602,Benchmark,A3,Up $15k,Up,15000,Random Forest,5
Permutation,Wealth,0.03042496883968913,Benchmark,A3,Up $15k,Up,15000,Random Forest,5
Permutation,Education,0.008652238586151339,Benchmark,A3,Up $15k,Up,15000,Random Forest,5
Permutation,Demographics,0.023517361657405526,Benchmark,A3,Up $15k,Up,15000,Random Forest,5
Permutation,Family / employment,-0.0020916673610859695,Benchmark,A3,Up $15k,Up,15000,Random Forest,5
Permutation,Occupation,0.0024706746698755,Benchmark,A3,Up $15k,Up,15000,Random Forest,5
Permutation,Industry,-0.004721580704618195,Benchmark,A3,Up $15k,Up,15000,Random Forest,5
Permutation,Geography,-0.0016046220570367753,Benchmark,A3,Up $15k,Up,15000,Random Forest,5
SHAP,Income,0.21510470728111475,Benchmark,A3,Up $15k,Up,15000,Random Forest,5
SHAP,Wealth,0.20559919223031753,Benchmark,A3,Up $15k,Up,15000,Random Forest,5
SHAP,Education,0.12609815772886604,Benchmark,A3,Up $15k,Up,15000,Random Forest,5
SHAP,Demographics,0.25181573043382466,Benchmark,A3,Up $15k,Up,15000,Random Forest,5
SHAP,Family / employment,0.047069742187891485,Benchmark,A3,Up $15k,Up,15000,Random Forest,5
SHAP,Occupation,0.04904990660236252,Benchmark,A3,Up $15k,Up,15000,Random Forest,5
SHAP,Industry,0.0373426314204271,Benchmark,A3,Up $15k,Up,15000,Random Forest,5
SHAP,Geography,0.06791993211519594,Benchmark,A3,Up $15k,Up,15000,Random Forest,5
Impurity,Income,0.22149401967450164,Benchmark,A3,Up $15k,Up,15000,Gradient Boosting,1
Impurity,Wealth,0.29900515922065235,Benchmark,A3,Up $15k,Up,15000,Gradient Boosting,1
Impurity,Education,0.1164654815038948,Benchmark,A3,Up $15k,Up,15000,Gradient Boosting,1
Impurity,Demographics,0.26186648414359326,Benchmark,A3,Up $15k,Up,15000,Gradient Boosting,1
Impurity,Family / employment,0.008261968102751384,Benchmark,A3,Up $15k,Up,15000,Gradient Boosting,1
Impurity,Occupation,0.05923164692855368,Benchmark,A3,Up $15k,Up,15000,Gradient Boosting,1
Impurity,Industry,0.01867931874223756,Benchmark,A3,Up $15k,Up,15000,Gradient Boosting,1
Impurity,Geography,0.014995921683815317,Benchmark,A3,Up $15k,Up,15000,Gradient Boosting,1
Permutation,Income,0.02865692772523301,Benchmark,A3,Up $15k,Up,15000,Gradient Boosting,1
Permutation,Wealth,0.02743252279336363,Benchmark,A3,Up $15k,Up,15000,Gradient Boosting,1
Permutation,Education,0.011651406658042512,Benchmark,A3,Up $15k,Up,15000,Gradient Boosting,1
Permutation,Demographics,0.06062077852615031,Benchmark,A3,Up $15k,Up,15000,Gradient Boosting,1
Permutation,Family / employment,-0.00028685492299100336,Benchmark,A3,Up $15k,Up,15000,Gradient Boosting,1
Permutation,Occupation,-0.009207366152705421,Benchmark,A3,Up $15k,Up,15000,Gradient Boosting,1
Permutation,Industry,0.0010264641825108501,Benchmark,A3,Up $15k,Up,15000,Gradient Boosting,1
Permutation,Geography,-0.0008777120953478434,Benchmark,A3,Up $15k,Up,15000,Gradient Boosting,1
SHAP,Income,0.1871293833597367,Benchmark,A3,Up $15k,Up,15000,Gradient Boosting,1
SHAP,Wealth,0.1923890267394888,Benchmark,A3,Up $15k,Up,15000,Gradient Boosting,1
SHAP,Education,0.16326673060839947,Benchmark,A3,Up $15k,Up,15000,Gradient Boosting,1
SHAP,Demographics,0.31060429323984917,Benchmark,A3,Up $15k,Up,15000,Gradient Boosting,1
SHAP,Family / employment,0.014231754441293803,Benchmark,A3,Up $15k,Up,15000,Gradient Boosting,1
SHAP,Occupation,0.06883460788077066,Benchmark,A3,Up $15k,Up,15000,Gradient Boosting,1
SHAP,Industry,0.02895083539673304,Benchmark,A3,Up $15k,Up,15000,Gradient Boosting,1
SHAP,Geography,0.03459336833372845,Benchmark,A3,Up $15k,Up,15000,Gradient Boosting,1
Impurity,Income,0.21295347786397664,Benchmark,A3,Up $15k,Up,15000,Gradient Boosting,2
Impurity,Wealth,0.3127088561989119,Benchmark,A3,Up $15k,Up,15000,Gradient Boosting,2
Impurity,Education,0.06759564292420359,Benchmark,A3,Up $15k,Up,15000,Gradient Boosting,2
Impurity,Demographics,0.2681642005963139,Benchmark,A3,Up $15k,Up,15000,Gradient Boosting,2
Impurity,Family / employment,0.020605394595369877,Benchmark,A3,Up $15k,Up,15000,Gradient Boosting,2
Impurity,Occupation,0.06875852170757081,Benchmark,A3,Up $15k,Up,15000,Gradient Boosting,2
Impurity,Industry,0.034016965798353054,Benchmark,A3,Up $15k,Up,15000,Gradient Boosting,2
Impurity,Geography,0.015196940315300346,Benchmark,A3,Up $15k,Up,15000,Gradient Boosting,2
Permutation,Income,0.04263917243468762,Benchmark,A3,Up $15k,Up,15000,Gradient Boosting,2
Permutation,Wealth,0.040068533656915845,Benchmark,A3,Up $15k,Up,15000,Gradient Boosting,2
Permutation,Education,0.015085685024840806,Benchmark,A3,Up $15k,Up,15000,Gradient Boosting,2
Permutation,Demographics,0.05003255631769371,Benchmark,A3,Up $15k,Up,15000,Gradient Boosting,2
Permutation,Family / employment,0.0001531767146885743,Benchmark,A3,Up $15k,Up,15000,Gradient Boosting,2
Permutation,Occupation,0.0008731960160986985,Benchmark,A3,Up $15k,Up,15000,Gradient Boosting,2
Permutation,Industry,-0.0007351299322941763,Benchmark,A3,Up $15k,Up,15000,Gradient Boosting,2
Permutation,Geography,0.0009849979505342555,Benchmark,A3,Up $15k,Up,15000,Gradient Boosting,2
SHAP,Income,0.18315807063230796,Benchmark,A3,Up $15k,Up,15000,Gradient Boosting,2
SHAP,Wealth,0.21234477049218328,Benchmark,A3,Up $15k,Up,15000,Gradient Boosting,2
SHAP,Education,0.12854692709596358,Benchmark,A3,Up $15k,Up,15000,Gradient Boosting,2
SHAP,Demographics,0.27835818134249,Benchmark,A3,Up $15k,Up,15000,Gradient Boosting,2
SHAP,Family / employment,0.029351655392265034,Benchmark,A3,Up $15k,Up,15000,Gradient Boosting,2
SHAP,Occupation,0.09058440734467675,Benchmark,A3,Up $15k,Up,15000,Gradient Boosting,2
SHAP,Industry,0.05265799320743377,Benchmark,A3,Up $15k,Up,15000,Gradient Boosting,2
SHAP,Geography,0.024997994492679462,Benchmark,A3,Up $15k,Up,15000,Gradient Boosting,2
Impurity,Income,0.24143506270912346,Benchmark,A3,Up $15k,Up,15000,Gradient Boosting,3
Impurity,Wealth,0.304582386147575,Benchmark,A3,Up $15k,Up,15000,Gradient Boosting,3
Impurity,Education,0.10159265489115307,Benchmark,A3,Up $15k,Up,15000,Gradient Boosting,3
Impurity,Demographics,0.2516323900605622,Benchmark,A3,Up $15k,Up,15000,Gradient Boosting,3
Impurity,Family / employment,0.011295495969891212,Benchmark,A3,Up $15k,Up,15000,Gradient Boosting,3
Impurity,Occupation,0.04804905046217977,Benchmark,A3,Up $15k,Up,15000,Gradient Boosting,3
Impurity,Industry,0.020098460797930786,Benchmark,A3,Up $15k,Up,15000,Gradient Boosting,3
Impurity,Geography,0.02131449896158475,Benchmark,A3,Up $15k,Up,15000,Gradient Boosting,3
Permutation,Income,0.04920596784421489,Benchmark,A3,Up $15k,Up,15000,Gradient Boosting,3
Permutation,Wealth,0.031215517586678974,Benchmark,A3,Up $15k,Up,15000,Gradient Boosting,3
Permutation,Education,0.006128977888524373,Benchmark,A3,Up $15k,Up,15000,Gradient Boosting,3
Permutation,Demographics,0.0415386136287875,Benchmark,A3,Up $15k,Up,15000,Gradient Boosting,3
Permutation,Family / employment,0.0023335473575842812,Benchmark,A3,Up $15k,Up,15000,Gradient Boosting,3
Permutation,Occupation,-0.001214827599557078,Benchmark,A3,Up $15k,Up,15000,Gradient Boosting,3
Permutation,Industry,7.352488638477928e-05,Benchmark,A3,Up $15k,Up,15000,Gradient Boosting,3
Permutation,Geography,-0.0033064408987935057,Benchmark,A3,Up $15k,Up,15000,Gradient Boosting,3
SHAP,Income,0.19450724577189787,Benchmark,A3,Up $15k,Up,15000,Gradient Boosting,3
SHAP,Wealth,0.1739329862746983,Benchmark,A3,Up $15k,Up,15000,Gradient Boosting,3
SHAP,Education,0.19139625302177135,Benchmark,A3,Up $15k,Up,15000,Gradient Boosting,3
SHAP,Demographics,0.2772507986644988,Benchmark,A3,Up $15k,Up,15000,Gradient Boosting,3
SHAP,Family / employment,0.01832547624118737,Benchmark,A3,Up $15k,Up,15000,Gradient Boosting,3
SHAP,Occupation,0.055456616705761665,Benchmark,A3,Up $15k,Up,15000,Gradient Boosting,3
SHAP,Industry,0.04693913861807998,Benchmark,A3,Up $15k,Up,15000,Gradient Boosting,3
SHAP,Geography,0.04219148470210449,Benchmark,A3,Up $15k,Up,15000,Gradient Boosting,3
Impurity,Income,0.2822859235622445,Benchmark,A3,Up $15k,Up,15000,Gradient Boosting,4
Impurity,Wealth,0.2753569950707957,Benchmark,A3,Up $15k,Up,15000,Gradient Boosting,4
Impurity,Education,0.06934862903940398,Benchmark,A3,Up $15k,Up,15000,Gradient Boosting,4
Impurity,Demographics,0.26820177571566683,Benchmark,A3,Up $15k,Up,15000,Gradient Boosting,4
Impurity,Family / employment,0.017997216864919827,Benchmark,A3,Up $15k,Up,15000,Gradient Boosting,4
Impurity,Occupation,0.03694187508462005,Benchmark,A3,Up $15k,Up,15000,Gradient Boosting,4
Impurity,Industry,0.03391002719709586,Benchmark,A3,Up $15k,Up,15000,Gradient Boosting,4
Impurity,Geography,0.015957557465253368,Benchmark,A3,Up $15k,Up,15000,Gradient Boosting,4
Permutation,Income,0.032389478123927104,Benchmark,A3,Up $15k,Up,15000,Gradient Boosting,4
Permutation,Wealth,0.022976140601774636,Benchmark,A3,Up $15k,Up,15000,Gradient Boosting,4
Permutation,Education,0.012204592762318967,Benchmark,A3,Up $15k,Up,15000,Gradient Boosting,4
Permutation,Demographics,0.030223484839878346,Benchmark,A3,Up $15k,Up,15000,Gradient Boosting,4
Permutation,Family / employment,0.002193420490341702,Benchmark,A3,Up $15k,Up,15000,Gradient Boosting,4
Permutation,Occupation,0.002873793831134147,Benchmark,A3,Up $15k,Up,15000,Gradient Boosting,4
Permutation,Industry,-0.002659422780461962,Benchmark,A3,Up $15k,Up,15000,Gradient Boosting,4
Permutation,Geography,6.381709267105906e-05,Benchmark,A3,Up $15k,Up,15000,Gradient Boosting,4
SHAP,Income,0.21155116249516945,Benchmark,A3,Up $15k,Up,15000,Gradient Boosting,4
SHAP,Wealth,0.2509277473219829,Benchmark,A3,Up $15k,Up,15000,Gradient Boosting,4
SHAP,Education,0.13944391758731306,Benchmark,A3,Up $15k,Up,15000,Gradient Boosting,4
SHAP,Demographics,0.23030165123219712,Benchmark,A3,Up $15k,Up,15000,Gradient Boosting,4
SHAP,Family / employment,0.03365504822449998,Benchmark,A3,Up $15k,Up,15000,Gradient Boosting,4
SHAP,Occupation,0.04901375941163818,Benchmark,A3,Up $15k,Up,15000,Gradient Boosting,4
SHAP,Industry,0.055036903690809894,Benchmark,A3,Up $15k,Up,15000,Gradient Boosting,4
SHAP,Geography,0.03006981003638924,Benchmark,A3,Up $15k,Up,15000,Gradient Boosting,4
Impurity,Income,0.28460344218353634,Benchmark,A3,Up $15k,Up,15000,Gradient Boosting,5
Impurity,Wealth,0.2480898810465734,Benchmark,A3,Up $15k,Up,15000,Gradient Boosting,5
Impurity,Education,0.11454225069119009,Benchmark,A3,Up $15k,Up,15000,Gradient Boosting,5
Impurity,Demographics,0.23810595116784994,Benchmark,A3,Up $15k,Up,15000,Gradient Boosting,5
Impurity,Family / employment,0.029363960037952087,Benchmark,A3,Up $15k,Up,15000,Gradient Boosting,5
Impurity,Occupation,0.03554413674055898,Benchmark,A3,Up $15k,Up,15000,Gradient Boosting,5
Impurity,Industry,0.027114702321653555,Benchmark,A3,Up $15k,Up,15000,Gradient Boosting,5
Impurity,Geography,0.022635675810685697,Benchmark,A3,Up $15k,Up,15000,Gradient Boosting,5
Permutation,Income,0.023400325037337143,Benchmark,A3,Up $15k,Up,15000,Gradient Boosting,5
Permutation,Wealth,0.034599760630879044,Benchmark,A3,Up $15k,Up,15000,Gradient Boosting,5
Permutation,Education,0.00939306600392838,Benchmark,A3,Up $15k,Up,15000,Gradient Boosting,5
Permutation,Demographics,0.03945010269961031,Benchmark,A3,Up $15k,Up,15000,Gradient Boosting,5
Permutation,Family / employment,-0.00312952535072778,Benchmark,A3,Up $15k,Up,15000,Gradient Boosting,5
Permutation,Occupation,0.0016973158079533423,Benchmark,A3,Up $15k,Up,15000,Gradient Boosting,5
Permutation,Industry,-0.00436199507862764,Benchmark,A3,Up $15k,Up,15000,Gradient Boosting,5
Permutation,Geography,-0.0015452747732373207,Benchmark,A3,Up $15k,Up,15000,Gradient Boosting,5
SHAP,Income,0.1961587733338475,Benchmark,A3,Up $15k,Up,15000,Gradient Boosting,5
SHAP,Wealth,0.1948898811208865,Benchmark,A3,Up $15k,Up,15000,Gradient Boosting,5
SHAP,Education,0.16988946781248526,Benchmark,A3,Up $15k,Up,15000,Gradient Boosting,5
SHAP,Demographics,0.25308282735104437,Benchmark,A3,Up $15k,Up,15000,Gradient Boosting,5
SHAP,Family / employment,0.03777395759199204,Benchmark,A3,Up $15k,Up,15000,Gradient Boosting,5
SHAP,Occupation,0.044220809841611475,Benchmark,A3,Up $15k,Up,15000,Gradient Boosting,5
SHAP,Industry,0.06055623302697688,Benchmark,A3,Up $15k,Up,15000,Gradient Boosting,5
SHAP,Geography,0.04342804992115578,Benchmark,A3,Up $15k,Up,15000,Gradient Boosting,5
Impurity,Income,0.23214877873764048,Benchmark,A4,Up $20k,Up,20000,Random Forest,1
Impurity,Wealth,0.25288202999309617,Benchmark,A4,Up $20k,Up,20000,Random Forest,1
Impurity,Education,0.09171365714796255,Benchmark,A4,Up $20k,Up,20000,Random Forest,1
Impurity,Demographics,0.23493916035339918,Benchmark,A4,Up $20k,Up,20000,Random Forest,1
Impurity,Family / employment,0.03358070513423299,Benchmark,A4,Up $20k,Up,20000,Random Forest,1
Impurity,Occupation,0.06010583952582042,Benchmark,A4,Up $20k,Up,20000,Random Forest,1
Impurity,Industry,0.04663601966199627,Benchmark,A4,Up $20k,Up,20000,Random Forest,1
Impurity,Geography,0.04799380944585213,Benchmark,A4,Up $20k,Up,20000,Random Forest,1
Permutation,Income,0.030886811501268697,Benchmark,A4,Up $20k,Up,20000,Random Forest,1
Permutation,Wealth,0.010483274636340889,Benchmark,A4,Up $20k,Up,20000,Random Forest,1
Permutation,Education,0.003644731386476724,Benchmark,A4,Up $20k,Up,20000,Random Forest,1
Permutation,Demographics,0.036986332769916114,Benchmark,A4,Up $20k,Up,20000,Random Forest,1
Permutation,Family / employment,-0.0010940170977257358,Benchmark,A4,Up $20k,Up,20000,Random Forest,1
Permutation,Occupation,0.002099014245493308,Benchmark,A4,Up $20k,Up,20000,Random Forest,1
Permutation,Industry,-0.0018462157619539843,Benchmark,A4,Up $20k,Up,20000,Random Forest,1
Permutation,Geography,0.0003206582840430905,Benchmark,A4,Up $20k,Up,20000,Random Forest,1
SHAP,Income,0.18217882329970797,Benchmark,A4,Up $20k,Up,20000,Random Forest,1
SHAP,Wealth,0.23961962902219058,Benchmark,A4,Up $20k,Up,20000,Random Forest,1
SHAP,Education,0.13429447259142252,Benchmark,A4,Up $20k,Up,20000,Random Forest,1
SHAP,Demographics,0.25583026520234353,Benchmark,A4,Up $20k,Up,20000,Random Forest,1
SHAP,Family / employment,0.04605456904191047,Benchmark,A4,Up $20k,Up,20000,Random Forest,1
SHAP,Occupation,0.051195491229892205,Benchmark,A4,Up $20k,Up,20000,Random Forest,1
SHAP,Industry,0.039144261546208786,Benchmark,A4,Up $20k,Up,20000,Random Forest,1
SHAP,Geography,0.051682488066323855,Benchmark,A4,Up $20k,Up,20000,Random Forest,1
Impurity,Income,0.2541667616275754,Benchmark,A4,Up $20k,Up,20000,Random Forest,2
Impurity,Wealth,0.24829099000147192,Benchmark,A4,Up $20k,Up,20000,Random Forest,2
Impurity,Education,0.08181399919820158,Benchmark,A4,Up $20k,Up,20000,Random Forest,2
Impurity,Demographics,0.23893926740251473,Benchmark,A4,Up $20k,Up,20000,Random Forest,2
Impurity,Family / employment,0.021126852756658064,Benchmark,A4,Up $20k,Up,20000,Random Forest,2
Impurity,Occupation,0.06934821598491243,Benchmark,A4,Up $20k,Up,20000,Random Forest,2
Impurity,Industry,0.04327720673222755,Benchmark,A4,Up $20k,Up,20000,Random Forest,2
Impurity,Geography,0.04303670629643835,Benchmark,A4,Up $20k,Up,20000,Random Forest,2
Permutation,Income,0.04408306411376699,Benchmark,A4,Up $20k,Up,20000,Random Forest,2
Permutation,Wealth,0.024866979990997885,Benchmark,A4,Up $20k,Up,20000,Random Forest,2
Permutation,Education,0.01613927786054576,Benchmark,A4,Up $20k,Up,20000,Random Forest,2
Permutation,Demographics,0.034925838589625634,Benchmark,A4,Up $20k,Up,20000,Random Forest,2
Permutation,Family / employment,1.1198470321838184e-05,Benchmark,A4,Up $20k,Up,20000,Random Forest,2
Permutation,Occupation,-0.005950013563198697,Benchmark,A4,Up $20k,Up,20000,Random Forest,2
Permutation,Industry,-0.0038861915208844577,Benchmark,A4,Up $20k,Up,20000,Random Forest,2
Permutation,Geography,0.0016055816801761823,Benchmark,A4,Up $20k,Up,20000,Random Forest,2
SHAP,Income,0.23388439144030826,Benchmark,A4,Up $20k,Up,20000,Random Forest,2
SHAP,Wealth,0.22988736792765171,Benchmark,A4,Up $20k,Up,20000,Random Forest,2
SHAP,Education,0.1215273559852674,Benchmark,A4,Up $20k,Up,20000,Random Forest,2
SHAP,Demographics,0.24327263286762593,Benchmark,A4,Up $20k,Up,20000,Random Forest,2
SHAP,Family / employment,0.019863808406277318,Benchmark,A4,Up $20k,Up,20000,Random Forest,2
SHAP,Occupation,0.06485416197147326,Benchmark,A4,Up $20k,Up,20000,Random Forest,2
SHAP,Industry,0.03680153196286869,Benchmark,A4,Up $20k,Up,20000,Random Forest,2
SHAP,Geography,0.04990874943852716,Benchmark,A4,Up $20k,Up,20000,Random Forest,2
Impurity,Income,0.2323039705623693,Benchmark,A4,Up $20k,Up,20000,Random Forest,3
Impurity,Wealth,0.2566620352032607,Benchmark,A4,Up $20k,Up,20000,Random Forest,3
Impurity,Education,0.09580661699286874,Benchmark,A4,Up $20k,Up,20000,Random Forest,3
Impurity,Demographics,0.20179212928656828,Benchmark,A4,Up $20k,Up,20000,Random Forest,3
Impurity,Family / employment,0.028617855859407716,Benchmark,A4,Up $20k,Up,20000,Random Forest,3
Impurity,Occupation,0.07528685694624795,Benchmark,A4,Up $20k,Up,20000,Random Forest,3
Impurity,Industry,0.04564872224651413,Benchmark,A4,Up $20k,Up,20000,Random Forest,3
Impurity,Geography,0.06388181290276321,Benchmark,A4,Up $20k,Up,20000,Random Forest,3
Permutation,Income,0.037598781183750304,Benchmark,A4,Up $20k,Up,20000,Random Forest,3
Permutation,Wealth,0.038229304641933505,Benchmark,A4,Up $20k,Up,20000,Random Forest,3
Permutation,Education,0.015454165273688009,Benchmark,A4,Up $20k,Up,20000,Random Forest,3
Permutation,Demographics,0.04799263327301143,Benchmark,A4,Up $20k,Up,20000,Random Forest,3
Permutation,Family / employment,0.0023104770790053687,Benchmark,A4,Up $20k,Up,20000,Random Forest,3
Permutation,Occupation,-0.00019888100772030292,Benchmark,A4,Up $20k,Up,20000,Random Forest,3
Permutation,Industry,0.0010028593064817458,Benchmark,A4,Up $20k,Up,20000,Random Forest,3
Permutation,Geography,-0.003451314121495791,Benchmark,A4,Up $20k,Up,20000,Random Forest,3
SHAP,Income,0.1978740968824529,Benchmark,A4,Up $20k,Up,20000,Random Forest,3
SHAP,Wealth,0.23259917487023143,Benchmark,A4,Up $20k,Up,20000,Random Forest,3
SHAP,Education,0.14255670649564506,Benchmark,A4,Up $20k,Up,20000,Random Forest,3
SHAP,Demographics,0.20661388697893288,Benchmark,A4,Up $20k,Up,20000,Random Forest,3
SHAP,Family / employment,0.02434799076870773,Benchmark,A4,Up $20k,Up,20000,Random Forest,3
SHAP,Occupation,0.07890827272580883,Benchmark,A4,Up $20k,Up,20000,Random Forest,3
SHAP,Industry,0.032414150683728556,Benchmark,A4,Up $20k,Up,20000,Random Forest,3
SHAP,Geography,0.08468572059449266,Benchmark,A4,Up $20k,Up,20000,Random Forest,3
Impurity,Income,0.2407120256958518,Benchmark,A4,Up $20k,Up,20000,Random Forest,4
Impurity,Wealth,0.21982458446786665,Benchmark,A4,Up $20k,Up,20000,Random Forest,4
Impurity,Education,0.08780480834107418,Benchmark,A4,Up $20k,Up,20000,Random Forest,4
Impurity,Demographics,0.251093085306587,Benchmark,A4,Up $20k,Up,20000,Random Forest,4
Impurity,Family / employment,0.029291775630170762,Benchmark,A4,Up $20k,Up,20000,Random Forest,4
Impurity,Occupation,0.06538998526556561,Benchmark,A4,Up $20k,Up,20000,Random Forest,4
Impurity,Industry,0.04842451955501283,Benchmark,A4,Up $20k,Up,20000,Random Forest,4
Impurity,Geography,0.05745921573787112,Benchmark,A4,Up $20k,Up,20000,Random Forest,4
Permutation,Income,0.04551889665145736,Benchmark,A4,Up $20k,Up,20000,Random Forest,4
Permutation,Wealth,0.0576911195466427,Benchmark,A4,Up $20k,Up,20000,Random Forest,4
Permutation,Education,0.01594115628842515,Benchmark,A4,Up $20k,Up,20000,Random Forest,4
Permutation,Demographics,0.034689211577877105,Benchmark,A4,Up $20k,Up,20000,Random Forest,4
Permutation,Family / employment,0.0019972193357237432,Benchmark,A4,Up $20k,Up,20000,Random Forest,4
Permutation,Occupation,0.004443502648220615,Benchmark,A4,Up $20k,Up,20000,Random Forest,4
Permutation,Industry,-0.0013049492022169373,Benchmark,A4,Up $20k,Up,20000,Random Forest,4
Permutation,Geography,0.002563835385997104,Benchmark,A4,Up $20k,Up,20000,Random Forest,4
SHAP,Income,0.21666163195816074,Benchmark,A4,Up $20k,Up,20000,Random Forest,4
SHAP,Wealth,0.19078561463105465,Benchmark,A4,Up $20k,Up,20000,Random Forest,4
SHAP,Education,0.12737440941316083,Benchmark,A4,Up $20k,Up,20000,Random Forest,4
SHAP,Demographics,0.25505651997800466,Benchmark,A4,Up $20k,Up,20000,Random Forest,4
SHAP,Family / employment,0.026475443198835144,Benchmark,A4,Up $20k,Up,20000,Random Forest,4
SHAP,Occupation,0.066484098444734,Benchmark,A4,Up $20k,Up,20000,Random Forest,4
SHAP,Industry,0.042053000086587494,Benchmark,A4,Up $20k,Up,20000,Random Forest,4
SHAP,Geography,0.07510928228946247,Benchmark,A4,Up $20k,Up,20000,Random Forest,4
Impurity,Income,0.2576410823268154,Benchmark,A4,Up $20k,Up,20000,Random Forest,5
Impurity,Wealth,0.23031906816367476,Benchmark,A4,Up $20k,Up,20000,Random Forest,5
Impurity,Education,0.08415205407199751,Benchmark,A4,Up $20k,Up,20000,Random Forest,5
Impurity,Demographics,0.2604262909002834,Benchmark,A4,Up $20k,Up,20000,Random Forest,5
Impurity,Family / employment,0.02780136388603996,Benchmark,A4,Up $20k,Up,20000,Random Forest,5
Impurity,Occupation,0.0649255127222702,Benchmark,A4,Up $20k,Up,20000,Random Forest,5
Impurity,Industry,0.03807972233616813,Benchmark,A4,Up $20k,Up,20000,Random Forest,5
Impurity,Geography,0.03665490559275065,Benchmark,A4,Up $20k,Up,20000,Random Forest,5
Permutation,Income,0.02247654158507903,Benchmark,A4,Up $20k,Up,20000,Random Forest,5
Permutation,Wealth,0.03603580851575615,Benchmark,A4,Up $20k,Up,20000,Random Forest,5
Permutation,Education,0.007727451438247967,Benchmark,A4,Up $20k,Up,20000,Random Forest,5
Permutation,Demographics,0.04503407007479867,Benchmark,A4,Up $20k,Up,20000,Random Forest,5
Permutation,Family / employment,-0.003456030932866311,Benchmark,A4,Up $20k,Up,20000,Random Forest,5
Permutation,Occupation,-0.0002856473953980865,Benchmark,A4,Up $20k,Up,20000,Random Forest,5
Permutation,Industry,-0.0009343506919807842,Benchmark,A4,Up $20k,Up,20000,Random Forest,5
Permutation,Geography,0.0035298351060041476,Benchmark,A4,Up $20k,Up,20000,Random Forest,5
SHAP,Income,0.2213239832205215,Benchmark,A4,Up $20k,Up,20000,Random Forest,5
SHAP,Wealth,0.21208115940048647,Benchmark,A4,Up $20k,Up,20000,Random Forest,5
SHAP,Education,0.11529928062636413,Benchmark,A4,Up $20k,Up,20000,Random Forest,5
SHAP,Demographics,0.2927552767990006,Benchmark,A4,Up $20k,Up,20000,Random Forest,5
SHAP,Family / employment,0.0327046135316225,Benchmark,A4,Up $20k,Up,20000,Random Forest,5
SHAP,Occupation,0.06003168633660331,Benchmark,A4,Up $20k,Up,20000,Random Forest,5
SHAP,Industry,0.023869316689072446,Benchmark,A4,Up $20k,Up,20000,Random Forest,5
SHAP,Geography,0.04193468339632917,Benchmark,A4,Up $20k,Up,20000,Random Forest,5
Impurity,Income,0.21622528593665247,Benchmark,A4,Up $20k,Up,20000,Gradient Boosting,1
Impurity,Wealth,0.32469723785864063,Benchmark,A4,Up $20k,Up,20000,Gradient Boosting,1
Impurity,Education,0.10585474767656777,Benchmark,A4,Up $20k,Up,20000,Gradient Boosting,1
Impurity,Demographics,0.26272590449347016,Benchmark,A4,Up $20k,Up,20000,Gradient Boosting,1
Impurity,Family / employment,0.014362352247261087,Benchmark,A4,Up $20k,Up,20000,Gradient Boosting,1
Impurity,Occupation,0.027081289336166547,Benchmark,A4,Up $20k,Up,20000,Gradient Boosting,1
Impurity,Industry,0.03331518351352884,Benchmark,A4,Up $20k,Up,20000,Gradient Boosting,1
Impurity,Geography,0.015737998937712685,Benchmark,A4,Up $20k,Up,20000,Gradient Boosting,1
Permutation,Income,0.028575152805542386,Benchmark,A4,Up $20k,Up,20000,Gradient Boosting,1
Permutation,Wealth,0.014800916000521597,Benchmark,A4,Up $20k,Up,20000,Gradient Boosting,1
Permutation,Education,0.00842430212666349,Benchmark,A4,Up $20k,Up,20000,Gradient Boosting,1
Permutation,Demographics,0.0678238377944991,Benchmark,A4,Up $20k,Up,20000,Gradient Boosting,1
Permutation,Family / employment,-0.0027987565846533113,Benchmark,A4,Up $20k,Up,20000,Gradient Boosting,1
Permutation,Occupation,-0.001996230673555299,Benchmark,A4,Up $20k,Up,20000,Gradient Boosting,1
Permutation,Industry,-0.005434274645923692,Benchmark,A4,Up $20k,Up,20000,Gradient Boosting,1
Permutation,Geography,0.0007922012621466134,Benchmark,A4,Up $20k,Up,20000,Gradient Boosting,1
SHAP,Income,0.15971597980028113,Benchmark,A4,Up $20k,Up,20000,Gradient Boosting,1
SHAP,Wealth,0.22619512832598385,Benchmark,A4,Up $20k,Up,20000,Gradient Boosting,1
SHAP,Education,0.14841614793678654,Benchmark,A4,Up $20k,Up,20000,Gradient Boosting,1
SHAP,Demographics,0.3222866053210377,Benchmark,A4,Up $20k,Up,20000,Gradient Boosting,1
SHAP,Family / employment,0.020531600950039842,Benchmark,A4,Up $20k,Up,20000,Gradient Boosting,1
SHAP,Occupation,0.04186618197226987,Benchmark,A4,Up $20k,Up,20000,Gradient Boosting,1
SHAP,Industry,0.049846887404940116,Benchmark,A4,Up $20k,Up,20000,Gradient Boosting,1
SHAP,Geography,0.031141468288661045,Benchmark,A4,Up $20k,Up,20000,Gradient Boosting,1
Impurity,Income,0.22031964795111553,Benchmark,A4,Up $20k,Up,20000,Gradient Boosting,2
Impurity,Wealth,0.30729006876046455,Benchmark,A4,Up $20k,Up,20000,Gradient Boosting,2
Impurity,Education,0.06675144801724095,Benchmark,A4,Up $20k,Up,20000,Gradient Boosting,2
Impurity,Demographics,0.27532443997305756,Benchmark,A4,Up $20k,Up,20000,Gradient Boosting,2
Impurity,Family / employment,0.007191802756635562,Benchmark,A4,Up $20k,Up,20000,Gradient Boosting,2
Impurity,Occupation,0.07206285527405216,Benchmark,A4,Up $20k,Up,20000,Gradient Boosting,2
Impurity,Industry,0.031265209151291475,Benchmark,A4,Up $20k,Up,20000,Gradient Boosting,2
Impurity,Geography,0.019794528116142285,Benchmark,A4,Up $20k,Up,20000,Gradient Boosting,2
Permutation,Income,0.03272489815176017,Benchmark,A4,Up $20k,Up,20000,Gradient Boosting,2
Permutation,Wealth,0.0225489317231442,Benchmark,A4,Up $20k,Up,20000,Gradient Boosting,2
Permutation,Education,0.014104283695330361,Benchmark,A4,Up $20k,Up,20000,Gradient Boosting,2
Permutation,Demographics,0.06688002488998557,Benchmark,A4,Up $20k,Up,20000,Gradient Boosting,2
Permutation,Family / employment,-0.0005048179736606706,Benchmark,A4,Up $20k,Up,20000,Gradient Boosting,2
Permutation,Occupation,-0.0038649153341285382,Benchmark,A4,Up $20k,Up,20000,Gradient Boosting,2
Permutation,Industry,-0.006198938729342596,Benchmark,A4,Up $20k,Up,20000,Gradient Boosting,2
Permutation,Geography,0.0020684814366918993,Benchmark,A4,Up $20k,Up,20000,Gradient Boosting,2
SHAP,Income,0.1858173572351635,Benchmark,A4,Up $20k,Up,20000,Gradient Boosting,2
SHAP,Wealth,0.19475316060533482,Benchmark,A4,Up $20k,Up,20000,Gradient Boosting,2
SHAP,Education,0.11985038940488506,Benchmark,A4,Up $20k,Up,20000,Gradient Boosting,2
SHAP,Demographics,0.3063053672764911,Benchmark,A4,Up $20k,Up,20000,Gradient Boosting,2
SHAP,Family / employment,0.006793766914649095,Benchmark,A4,Up $20k,Up,20000,Gradient Boosting,2
SHAP,Occupation,0.09592414104095734,Benchmark,A4,Up $20k,Up,20000,Gradient Boosting,2
SHAP,Industry,0.05243870375870089,Benchmark,A4,Up $20k,Up,20000,Gradient Boosting,2
SHAP,Geography,0.038117113763818176,Benchmark,A4,Up $20k,Up,20000,Gradient Boosting,2
Impurity,Income,0.25972377766978155,Benchmark,A4,Up $20k,Up,20000,Gradient Boosting,3
Impurity,Wealth,0.3206484660903583,Benchmark,A4,Up $20k,Up,20000,Gradient Boosting,3
Impurity,Education,0.07967790576188954,Benchmark,A4,Up $20k,Up,20000,Gradient Boosting,3
Impurity,Demographics,0.20685008251849155,Benchmark,A4,Up $20k,Up,20000,Gradient Boosting,3
Impurity,Family / employment,0.00732514854173663,Benchmark,A4,Up $20k,Up,20000,Gradient Boosting,3
Impurity,Occupation,0.067659418638065,Benchmark,A4,Up $20k,Up,20000,Gradient Boosting,3
Impurity,Industry,0.014954320789421473,Benchmark,A4,Up $20k,Up,20000,Gradient Boosting,3
Impurity,Geography,0.043160879990255946,Benchmark,A4,Up $20k,Up,20000,Gradient Boosting,3
Permutation,Income,0.04108677769872273,Benchmark,A4,Up $20k,Up,20000,Gradient Boosting,3
Permutation,Wealth,0.024206761963150296,Benchmark,A4,Up $20k,Up,20000,Gradient Boosting,3
Permutation,Education,0.0159548229805494,Benchmark,A4,Up $20k,Up,20000,Gradient Boosting,3
Permutation,Demographics,0.05966344656146574,Benchmark,A4,Up $20k,Up,20000,Gradient Boosting,3
Permutation,Family / employment,3.366687540380386e-05,Benchmark,A4,Up $20k,Up,20000,Gradient Boosting,3
Permutation,Occupation,-0.005715128578146872,Benchmark,A4,Up $20k,Up,20000,Gradient Boosting,3
Permutation,Industry,-0.0015618700274536545,Benchmark,A4,Up $20k,Up,20000,Gradient Boosting,3
Permutation,Geography,-0.005279332479034227,Benchmark,A4,Up $20k,Up,20000,Gradient Boosting,3
SHAP,Income,0.1939313237121556,Benchmark,A4,Up $20k,Up,20000,Gradient Boosting,3
SHAP,Wealth,0.19732281805148663,Benchmark,A4,Up $20k,Up,20000,Gradient Boosting,3
SHAP,Education,0.14665343325247643,Benchmark,A4,Up $20k,Up,20000,Gradient Boosting,3
SHAP,Demographics,0.2645633564170407,Benchmark,A4,Up $20k,Up,20000,Gradient Boosting,3
SHAP,Family / employment,0.010239444757204435,Benchmark,A4,Up $20k,Up,20000,Gradient Boosting,3
SHAP,Occupation,0.08912733043150321,Benchmark,A4,Up $20k,Up,20000,Gradient Boosting,3
SHAP,Industry,0.02782121475340273,Benchmark,A4,Up $20k,Up,20000,Gradient Boosting,3
SHAP,Geography,0.07034107862473034,Benchmark,A4,Up $20k,Up,20000,Gradient Boosting,3
Impurity,Income,0.30598242356789984,Benchmark,A4,Up $20k,Up,20000,Gradient Boosting,4
Impurity,Wealth,0.20655357120477585,Benchmark,A4,Up $20k,Up,20000,Gradient Boosting,4
Impurity,Education,0.07445739132369214,Benchmark,A4,Up $20k,Up,20000,Gradient Boosting,4
Impurity,Demographics,0.30639092482299085,Benchmark,A4,Up $20k,Up,20000,Gradient Boosting,4
Impurity,Family / employment,0.013313833446291253,Benchmark,A4,Up $20k,Up,20000,Gradient Boosting,4
Impurity,Occupation,0.04733836769510047,Benchmark,A4,Up $20k,Up,20000,Gradient Boosting,4
Impurity,Industry,0.021690253546590002,Benchmark,A4,Up $20k,Up,20000,Gradient Boosting,4
Impurity,Geography,0.02427323439265966,Benchmark,A4,Up $20k,Up,20000,Gradient Boosting,4
Permutation,Income,0.0502523012532012,Benchmark,A4,Up $20k,Up,20000,Gradient Boosting,4
Permutation,Wealth,0.03825000440119306,Benchmark,A4,Up $20k,Up,20000,Gradient Boosting,4
Permutation,Education,0.013719192437040983,Benchmark,A4,Up $20k,Up,20000,Gradient Boosting,4
Permutation,Demographics,0.05413031400007688,Benchmark,A4,Up $20k,Up,20000,Gradient Boosting,4
Permutation,Family / employment,-0.00022437217081445194,Benchmark,A4,Up $20k,Up,20000,Gradient Boosting,4
Permutation,Occupation,0.0022094263681919748,Benchmark,A4,Up $20k,Up,20000,Gradient Boosting,4
Permutation,Industry,0.00036546482943932145,Benchmark,A4,Up $20k,Up,20000,Gradient Boosting,4
Permutation,Geography,0.0009496829506815574,Benchmark,A4,Up $20k,Up,20000,Gradient Boosting,4
SHAP,Income,0.22904724766733947,Benchmark,A4,Up $20k,Up,20000,Gradient Boosting,4
SHAP,Wealth,0.15787304222860518,Benchmark,A4,Up $20k,Up,20000,Gradient Boosting,4
SHAP,Education,0.14901831209372568,Benchmark,A4,Up $20k,Up,20000,Gradient Boosting,4
SHAP,Demographics,0.2793186852570183,Benchmark,A4,Up $20k,Up,20000,Gradient Boosting,4
SHAP,Family / employment,0.024307923563366467,Benchmark,A4,Up $20k,Up,20000,Gradient Boosting,4
SHAP,Occupation,0.05595435864198175,Benchmark,A4,Up $20k,Up,20000,Gradient Boosting,4
SHAP,Industry,0.03799110898209508,Benchmark,A4,Up $20k,Up,20000,Gradient Boosting,4
SHAP,Geography,0.06648932156586815,Benchmark,A4,Up $20k,Up,20000,Gradient Boosting,4
Impurity,Income,0.2940491863285705,Benchmark,A4,Up $20k,Up,20000,Gradient Boosting,5
Impurity,Wealth,0.2569419469413435,Benchmark,A4,Up $20k,Up,20000,Gradient Boosting,5
Impurity,Education,0.0887258321157844,Benchmark,A4,Up $20k,Up,20000,Gradient Boosting,5
Impurity,Demographics,0.25967097966611435,Benchmark,A4,Up $20k,Up,20000,Gradient Boosting,5
Impurity,Family / employment,0.019528666722400403,Benchmark,A4,Up $20k,Up,20000,Gradient Boosting,5
Impurity,Occupation,0.046049514173536234,Benchmark,A4,Up $20k,Up,20000,Gradient Boosting,5
Impurity,Industry,0.02439820391253715,Benchmark,A4,Up $20k,Up,20000,Gradient Boosting,5
Impurity,Geography,0.010635670139713513,Benchmark,A4,Up $20k,Up,20000,Gradient Boosting,5
Permutation,Income,0.02035975027044004,Benchmark,A4,Up $20k,Up,20000,Gradient Boosting,5
Permutation,Wealth,0.024600979689937776,Benchmark,A4,Up $20k,Up,20000,Gradient Boosting,5
Permutation,Education,0.01406565668019375,Benchmark,A4,Up $20k,Up,20000,Gradient Boosting,5
Permutation,Demographics,0.0644472405399581,Benchmark,A4,Up $20k,Up,20000,Gradient Boosting,5
Permutation,Family / employment,-0.002623609258610832,Benchmark,A4,Up $20k,Up,20000,Gradient Boosting,5
Permutation,Occupation,0.004684892368250626,Benchmark,A4,Up $20k,Up,20000,Gradient Boosting,5
Permutation,Industry,-0.001932871627770122,Benchmark,A4,Up $20k,Up,20000,Gradient Boosting,5
Permutation,Geography,0.0026974024870991043,Benchmark,A4,Up $20k,Up,20000,Gradient Boosting,5
SHAP,Income,0.21797914205605143,Benchmark,A4,Up $20k,Up,20000,Gradient Boosting,5
SHAP,Wealth,0.16909707159603707,Benchmark,A4,Up $20k,Up,20000,Gradient Boosting,5
SHAP,Education,0.14833069073294136,Benchmark,A4,Up $20k,Up,20000,Gradient Boosting,5
SHAP,Demographics,0.3389648760868742,Benchmark,A4,Up $20k,Up,20000,Gradient Boosting,5
SHAP,Family / employment,0.025892778609896444,Benchmark,A4,Up $20k,Up,20000,Gradient Boosting,5
SHAP,Occupation,0.05276637421824167,Benchmark,A4,Up $20k,Up,20000,Gradient Boosting,5
SHAP,Industry,0.02920589763529441,Benchmark,A4,Up $20k,Up,20000,Gradient Boosting,5
SHAP,Geography,0.017763169064663388,Benchmark,A4,Up $20k,Up,20000,Gradient Boosting,5
Impurity,Income,0.2543124038816292,Benchmark,A5,Down $5k,Down,5000,Random Forest,1
Impurity,Wealth,0.2278704496259965,Benchmark,A5,Down $5k,Down,5000,Random Forest,1
Impurity,Education,0.09703791908179626,Benchmark,A5,Down $5k,Down,5000,Random Forest,1
Impurity,Demographics,0.23200162221069803,Benchmark,A5,Down $5k,Down,5000,Random Forest,1
Impurity,Family / employment,0.033440418767443296,Benchmark,A5,Down $5k,Down,5000,Random Forest,1
Impurity,Occupation,0.0790159256533685,Benchmark,A5,Down $5k,Down,5000,Random Forest,1
Impurity,Industry,0.04341897509803069,Benchmark,A5,Down $5k,Down,5000,Random Forest,1
Impurity,Geography,0.032902285681037605,Benchmark,A5,Down $5k,Down,5000,Random Forest,1
Permutation,Income,0.023359186220898075,Benchmark,A5,Down $5k,Down,5000,Random Forest,1
Permutation,Wealth,0.028779808126857275,Benchmark,A5,Down $5k,Down,5000,Random Forest,1
Permutation,Education,0.0036262905838982174,Benchmark,A5,Down $5k,Down,5000,Random Forest,1
Permutation,Demographics,0.027960708975412363,Benchmark,A5,Down $5k,Down,5000,Random Forest,1
Permutation,Family / employment,-0.002597167021927982,Benchmark,A5,Down $5k,Down,5000,Random Forest,1
Permutation,Occupation,0.002142637425267552,Benchmark,A5,Down $5k,Down,5000,Random Forest,1
Permutation,Industry,-2.6240708636532385e-05,Benchmark,A5,Down $5k,Down,5000,Random Forest,1
Permutation,Geography,0.0017607056749253114,Benchmark,A5,Down $5k,Down,5000,Random Forest,1
SHAP,Income,0.23257565745824224,Benchmark,A5,Down $5k,Down,5000,Random Forest,1
SHAP,Wealth,0.21392146791473207,Benchmark,A5,Down $5k,Down,5000,Random Forest,1
SHAP,Education,0.1274313876078679,Benchmark,A5,Down $5k,Down,5000,Random Forest,1
SHAP,Demographics,0.26072642306838095,Benchmark,A5,Down $5k,Down,5000,Random Forest,1
SHAP,Family / employment,0.034657514374577876,Benchmark,A5,Down $5k,Down,5000,Random Forest,1
SHAP,Occupation,0.07622704619982468,Benchmark,A5,Down $5k,Down,5000,Random Forest,1
SHAP,Industry,0.030975878090009276,Benchmark,A5,Down $5k,Down,5000,Random Forest,1
SHAP,Geography,0.023484625286365104,Benchmark,A5,Down $5k,Down,5000,Random Forest,1
Impurity,Income,0.26206063102947086,Benchmark,A5,Down $5k,Down,5000,Random Forest,2
Impurity,Wealth,0.22418217797153678,Benchmark,A5,Down $5k,Down,5000,Random Forest,2
Impurity,Education,0.08402670001533376,Benchmark,A5,Down $5k,Down,5000,Random Forest,2
Impurity,Demographics,0.23804769375711787,Benchmark,A5,Down $5k,Down,5000,Random Forest,2
Impurity,Family / employment,0.03017633879115832,Benchmark,A5,Down $5k,Down,5000,Random Forest,2
Impurity,Occupation,0.07375912030320494,Benchmark,A5,Down $5k,Down,5000,Random Forest,2
Impurity,Industry,0.04812959861521717,Benchmark,A5,Down $5k,Down,5000,Random Forest,2
Impurity,Geography,0.039617739516960404,Benchmark,A5,Down $5k,Down,5000,Random Forest,2
Permutation,Income,0.036212372644185586,Benchmark,A5,Down $5k,Down,5000,Random Forest,2
Permutation,Wealth,0.024806504654607396,Benchmark,A5,Down $5k,Down,5000,Random Forest,2
Permutation,Education,0.01117670989828754,Benchmark,A5,Down $5k,Down,5000,Random Forest,2
Permutation,Demographics,0.013036636917481975,Benchmark,A5,Down $5k,Down,5000,Random Forest,2
Permutation,Family / employment,-0.0035081511286422506,Benchmark,A5,Down $5k,Down,5000,Random Forest,2
Permutation,Occupation,0.0005982912335346702,Benchmark,A5,Down $5k,Down,5000,Random Forest,2
Permutation,Industry,-0.003910129593970408,Benchmark,A5,Down $5k,Down,5000,Random Forest,2
Permutation,Geography,-0.002386659461767765,Benchmark,A5,Down $5k,Down,5000,Random Forest,2
SHAP,Income,0.25167937176621685,Benchmark,A5,Down $5k,Down,5000,Random Forest,2
SHAP,Wealth,0.20640476088712448,Benchmark,A5,Down $5k,Down,5000,Random Forest,2
SHAP,Education,0.10731324925840277,Benchmark,A5,Down $5k,Down,5000,Random Forest,2
SHAP,Demographics,0.25463820813951754,Benchmark,A5,Down $5k,Down,5000,Random Forest,2
SHAP,Family / employment,0.03311076842018244,Benchmark,A5,Down $5k,Down,5000,Random Forest,2
SHAP,Occupation,0.07859919511557814,Benchmark,A5,Down $5k,Down,5000,Random Forest,2
SHAP,Industry,0.034320128423542616,Benchmark,A5,Down $5k,Down,5000,Random Forest,2
SHAP,Geography,0.03393431798943509,Benchmark,A5,Down $5k,Down,5000,Random Forest,2
Impurity,Income,0.25678143398892994,Benchmark,A5,Down $5k,Down,5000,Random Forest,3
Impurity,Wealth,0.20100248977450663,Benchmark,A5,Down $5k,Down,5000,Random Forest,3
Impurity,Education,0.11077367337115998,Benchmark,A5,Down $5k,Down,5000,Random Forest,3
Impurity,Demographics,0.24813462287872765,Benchmark,A5,Down $5k,Down,5000,Random Forest,3
Impurity,Family / employment,0.02589384760725163,Benchmark,A5,Down $5k,Down,5000,Random Forest,3
Impurity,Occupation,0.07143286737909857,Benchmark,A5,Down $5k,Down,5000,Random Forest,3
Impurity,Industry,0.04775628110364649,Benchmark,A5,Down $5k,Down,5000,Random Forest,3
Impurity,Geography,0.038224783896678945,Benchmark,A5,Down $5k,Down,5000,Random Forest,3
Permutation,Income,0.025171370762626478,Benchmark,A5,Down $5k,Down,5000,Random Forest,3
Permutation,Wealth,0.022936480446811312,Benchmark,A5,Down $5k,Down,5000,Random Forest,3
Permutation,Education,0.008093782619942647,Benchmark,A5,Down $5k,Down,5000,Random Forest,3
Permutation,Demographics,0.020987038507761346,Benchmark,A5,Down $5k,Down,5000,Random Forest,3
Permutation,Family / employment,0.0009540632061554088,Benchmark,A5,Down $5k,Down,5000,Random Forest,3
Permutation,Occupation,0.00247670513193225,Benchmark,A5,Down $5k,Down,5000,Random Forest,3
Permutation,Industry,-0.0003301384703751242,Benchmark,A5,Down $5k,Down,5000,Random Forest,3
Permutation,Geography,0.002552064551745198,Benchmark,A5,Down $5k,Down,5000,Random Forest,3
SHAP,Income,0.23319629228832056,Benchmark,A5,Down $5k,Down,5000,Random Forest,3
SHAP,Wealth,0.1927848422321035,Benchmark,A5,Down $5k,Down,5000,Random Forest,3
SHAP,Education,0.1329654653311352,Benchmark,A5,Down $5k,Down,5000,Random Forest,3
SHAP,Demographics,0.27277799990256746,Benchmark,A5,Down $5k,Down,5000,Random Forest,3
SHAP,Family / employment,0.02109037128309141,Benchmark,A5,Down $5k,Down,5000,Random Forest,3
SHAP,Occupation,0.07432901873623306,Benchmark,A5,Down $5k,Down,5000,Random Forest,3
SHAP,Industry,0.03595563621681284,Benchmark,A5,Down $5k,Down,5000,Random Forest,3
SHAP,Geography,0.03690037400973606,Benchmark,A5,Down $5k,Down,5000,Random Forest,3
Impurity,Income,0.2634624757192661,Benchmark,A5,Down $5k,Down,5000,Random Forest,4
Impurity,Wealth,0.2183842907903622,Benchmark,A5,Down $5k,Down,5000,Random Forest,4
Impurity,Education,0.11861741885576954,Benchmark,A5,Down $5k,Down,5000,Random Forest,4
Impurity,Demographics,0.19577545427073903,Benchmark,A5,Down $5k,Down,5000,Random Forest,4
Impurity,Family / employment,0.037713035502607725,Benchmark,A5,Down $5k,Down,5000,Random Forest,4
Impurity,Occupation,0.08548059667998315,Benchmark,A5,Down $5k,Down,5000,Random Forest,4
Impurity,Industry,0.04860022634992611,Benchmark,A5,Down $5k,Down,5000,Random Forest,4
Impurity,Geography,0.031966501831346236,Benchmark,A5,Down $5k,Down,5000,Random Forest,4
Permutation,Income,0.0319716323299646,Benchmark,A5,Down $5k,Down,5000,Random Forest,4
Permutation,Wealth,0.030247543083978035,Benchmark,A5,Down $5k,Down,5000,Random Forest,4
Permutation,Education,-0.001414535049218829,Benchmark,A5,Down $5k,Down,5000,Random Forest,4
Permutation,Demographics,0.03308604118740534,Benchmark,A5,Down $5k,Down,5000,Random Forest,4
Permutation,Family / employment,-0.002659627045284835,Benchmark,A5,Down $5k,Down,5000,Random Forest,4
Permutation,Occupation,-0.0017588555907628145,Benchmark,A5,Down $5k,Down,5000,Random Forest,4
Permutation,Industry,-0.003187015741930849,Benchmark,A5,Down $5k,Down,5000,Random Forest,4
Permutation,Geography,0.0012268737108754534,Benchmark,A5,Down $5k,Down,5000,Random Forest,4
SHAP,Income,0.24018759425092723,Benchmark,A5,Down $5k,Down,5000,Random Forest,4
SHAP,Wealth,0.19651416243593325,Benchmark,A5,Down $5k,Down,5000,Random Forest,4
SHAP,Education,0.1473319136467516,Benchmark,A5,Down $5k,Down,5000,Random Forest,4
SHAP,Demographics,0.20529612753275422,Benchmark,A5,Down $5k,Down,5000,Random Forest,4
SHAP,Family / employment,0.04723861237841184,Benchmark,A5,Down $5k,Down,5000,Random Forest,4
SHAP,Occupation,0.09487106582283758,Benchmark,A5,Down $5k,Down,5000,Random Forest,4
SHAP,Industry,0.04509997205512216,Benchmark,A5,Down $5k,Down,5000,Random Forest,4
SHAP,Geography,0.0234605518772623,Benchmark,A5,Down $5k,Down,5000,Random Forest,4
Impurity,Income,0.2371676609015088,Benchmark,A5,Down $5k,Down,5000,Random Forest,5
Impurity,Wealth,0.23522379411194397,Benchmark,A5,Down $5k,Down,5000,Random Forest,5
Impurity,Education,0.08802252813070667,Benchmark,A5,Down $5k,Down,5000,Random Forest,5
Impurity,Demographics,0.20463353487394334,Benchmark,A5,Down $5k,Down,5000,Random Forest,5
Impurity,Family / employment,0.029293385562063456,Benchmark,A5,Down $5k,Down,5000,Random Forest,5
Impurity,Occupation,0.09061112602511504,Benchmark,A5,Down $5k,Down,5000,Random Forest,5
Impurity,Industry,0.05631968090436427,Benchmark,A5,Down $5k,Down,5000,Random Forest,5
Impurity,Geography,0.05872828949035448,Benchmark,A5,Down $5k,Down,5000,Random Forest,5
Permutation,Income,0.03692856604489715,Benchmark,A5,Down $5k,Down,5000,Random Forest,5
Permutation,Wealth,0.023965862963613138,Benchmark,A5,Down $5k,Down,5000,Random Forest,5
Permutation,Education,0.007641738760869765,Benchmark,A5,Down $5k,Down,5000,Random Forest,5
Permutation,Demographics,0.028102483926758015,Benchmark,A5,Down $5k,Down,5000,Random Forest,5
Permutation,Family / employment,-0.0012782436199547942,Benchmark,A5,Down $5k,Down,5000,Random Forest,5
Permutation,Occupation,-0.0007891592538440961,Benchmark,A5,Down $5k,Down,5000,Random Forest,5
Permutation,Industry,-0.0035525409492906334,Benchmark,A5,Down $5k,Down,5000,Random Forest,5
Permutation,Geography,-0.008168309287219528,Benchmark,A5,Down $5k,Down,5000,Random Forest,5
SHAP,Income,0.2223716076640444,Benchmark,A5,Down $5k,Down,5000,Random Forest,5
SHAP,Wealth,0.22299019927742203,Benchmark,A5,Down $5k,Down,5000,Random Forest,5
SHAP,Education,0.11716710967859284,Benchmark,A5,Down $5k,Down,5000,Random Forest,5
SHAP,Demographics,0.18654235039586883,Benchmark,A5,Down $5k,Down,5000,Random Forest,5
SHAP,Family / employment,0.03235519780010934,Benchmark,A5,Down $5k,Down,5000,Random Forest,5
SHAP,Occupation,0.10622719824316368,Benchmark,A5,Down $5k,Down,5000,Random Forest,5
SHAP,Industry,0.04794199468507929,Benchmark,A5,Down $5k,Down,5000,Random Forest,5
SHAP,Geography,0.06440434225571962,Benchmark,A5,Down $5k,Down,5000,Random Forest,5
Impurity,Income,0.294853217430832,Benchmark,A5,Down $5k,Down,5000,Gradient Boosting,1
Impurity,Wealth,0.2430289019446913,Benchmark,A5,Down $5k,Down,5000,Gradient Boosting,1
Impurity,Education,0.10645211937624298,Benchmark,A5,Down $5k,Down,5000,Gradient Boosting,1
Impurity,Demographics,0.2628904156499918,Benchmark,A5,Down $5k,Down,5000,Gradient Boosting,1
Impurity,Family / employment,0.007961458213326063,Benchmark,A5,Down $5k,Down,5000,Gradient Boosting,1
Impurity,Occupation,0.05020568571490702,Benchmark,A5,Down $5k,Down,5000,Gradient Boosting,1
Impurity,Industry,0.022656650707395094,Benchmark,A5,Down $5k,Down,5000,Gradient Boosting,1
Impurity,Geography,0.011951550962613685,Benchmark,A5,Down $5k,Down,5000,Gradient Boosting,1
Permutation,Income,0.02524233296512705,Benchmark,A5,Down $5k,Down,5000,Gradient Boosting,1
Permutation,Wealth,0.030650803791160135,Benchmark,A5,Down $5k,Down,5000,Gradient Boosting,1
Permutation,Education,0.005316870845042454,Benchmark,A5,Down $5k,Down,5000,Gradient Boosting,1
Permutation,Demographics,0.03383279034315338,Benchmark,A5,Down $5k,Down,5000,Gradient Boosting,1
Permutation,Family / employment,0.00039629354017327035,Benchmark,A5,Down $5k,Down,5000,Gradient Boosting,1
Permutation,Occupation,-0.00033444388374306855,Benchmark,A5,Down $5k,Down,5000,Gradient Boosting,1
Permutation,Industry,0.001404417845181294,Benchmark,A5,Down $5k,Down,5000,Gradient Boosting,1
Permutation,Geography,0.0017214579547320085,Benchmark,A5,Down $5k,Down,5000,Gradient Boosting,1
SHAP,Income,0.24578726412778323,Benchmark,A5,Down $5k,Down,5000,Gradient Boosting,1
SHAP,Wealth,0.19372685640016074,Benchmark,A5,Down $5k,Down,5000,Gradient Boosting,1
SHAP,Education,0.145553356410105,Benchmark,A5,Down $5k,Down,5000,Gradient Boosting,1
SHAP,Demographics,0.28374169438725616,Benchmark,A5,Down $5k,Down,5000,Gradient Boosting,1
SHAP,Family / employment,0.003450995188860698,Benchmark,A5,Down $5k,Down,5000,Gradient Boosting,1
SHAP,Occupation,0.0709619585576842,Benchmark,A5,Down $5k,Down,5000,Gradient Boosting,1
SHAP,Industry,0.0432760493163264,Benchmark,A5,Down $5k,Down,5000,Gradient Boosting,1
SHAP,Geography,0.01350182561182394,Benchmark,A5,Down $5k,Down,5000,Gradient Boosting,1
Impurity,Income,0.2500018940632837,Benchmark,A5,Down $5k,Down,5000,Gradient Boosting,2
Impurity,Wealth,0.27759295535644846,Benchmark,A5,Down $5k,Down,5000,Gradient Boosting,2
Impurity,Education,0.061871183124052376,Benchmark,A5,Down $5k,Down,5000,Gradient Boosting,2
Impurity,Demographics,0.2681397644394278,Benchmark,A5,Down $5k,Down,5000,Gradient Boosting,2
Impurity,Family / employment,0.015935522612024286,Benchmark,A5,Down $5k,Down,5000,Gradient Boosting,2
Impurity,Occupation,0.07362209187243139,Benchmark,A5,Down $5k,Down,5000,Gradient Boosting,2
Impurity,Industry,0.030637821897487247,Benchmark,A5,Down $5k,Down,5000,Gradient Boosting,2
Impurity,Geography,0.022198766634844984,Benchmark,A5,Down $5k,Down,5000,Gradient Boosting,2
Permutation,Income,0.03838576212282585,Benchmark,A5,Down $5k,Down,5000,Gradient Boosting,2
Permutation,Wealth,0.0219076876822716,Benchmark,A5,Down $5k,Down,5000,Gradient Boosting,2
Permutation,Education,0.011539417630820037,Benchmark,A5,Down $5k,Down,5000,Gradient Boosting,2
Permutation,Demographics,0.028964452244076715,Benchmark,A5,Down $5k,Down,5000,Gradient Boosting,2
Permutation,Family / employment,-0.0004639935238643589,Benchmark,A5,Down $5k,Down,5000,Gradient Boosting,2
Permutation,Occupation,0.006384127725468369,Benchmark,A5,Down $5k,Down,5000,Gradient Boosting,2
Permutation,Industry,0.00040007951679262856,Benchmark,A5,Down $5k,Down,5000,Gradient Boosting,2
Permutation,Geography,0.0009035587348972252,Benchmark,A5,Down $5k,Down,5000,Gradient Boosting,2
SHAP,Income,0.22900975618183997,Benchmark,A5,Down $5k,Down,5000,Gradient Boosting,2
SHAP,Wealth,0.1946974179251779,Benchmark,A5,Down $5k,Down,5000,Gradient Boosting,2
SHAP,Education,0.09254018350467005,Benchmark,A5,Down $5k,Down,5000,Gradient Boosting,2
SHAP,Demographics,0.2682555293547496,Benchmark,A5,Down $5k,Down,5000,Gradient Boosting,2
SHAP,Family / employment,0.016244362768026783,Benchmark,A5,Down $5k,Down,5000,Gradient Boosting,2
SHAP,Occupation,0.10722635003048427,Benchmark,A5,Down $5k,Down,5000,Gradient Boosting,2
SHAP,Industry,0.050660304370422966,Benchmark,A5,Down $5k,Down,5000,Gradient Boosting,2
SHAP,Geography,0.04136609586462854,Benchmark,A5,Down $5k,Down,5000,Gradient Boosting,2
Impurity,Income,0.2880429904633874,Benchmark,A5,Down $5k,Down,5000,Gradient Boosting,3
Impurity,Wealth,0.25657559489185405,Benchmark,A5,Down $5k,Down,5000,Gradient Boosting,3
Impurity,Education,0.09210176015620704,Benchmark,A5,Down $5k,Down,5000,Gradient Boosting,3
Impurity,Demographics,0.25866515647230437,Benchmark,A5,Down $5k,Down,5000,Gradient Boosting,3
Impurity,Family / employment,0.004875261216054579,Benchmark,A5,Down $5k,Down,5000,Gradient Boosting,3
Impurity,Occupation,0.05190002947599193,Benchmark,A5,Down $5k,Down,5000,Gradient Boosting,3
Impurity,Industry,0.03246911968099298,Benchmark,A5,Down $5k,Down,5000,Gradient Boosting,3
Impurity,Geography,0.015370087643207743,Benchmark,A5,Down $5k,Down,5000,Gradient Boosting,3
Permutation,Income,0.026491984432470465,Benchmark,A5,Down $5k,Down,5000,Gradient Boosting,3
Permutation,Wealth,0.028583432180875716,Benchmark,A5,Down $5k,Down,5000,Gradient Boosting,3
Permutation,Education,0.011393578539805854,Benchmark,A5,Down $5k,Down,5000,Gradient Boosting,3
Permutation,Demographics,0.02925233788236451,Benchmark,A5,Down $5k,Down,5000,Gradient Boosting,3
Permutation,Family / employment,-0.0004234628099101523,Benchmark,A5,Down $5k,Down,5000,Gradient Boosting,3
Permutation,Occupation,0.003323572877711345,Benchmark,A5,Down $5k,Down,5000,Gradient Boosting,3
Permutation,Industry,0.0007471725687919428,Benchmark,A5,Down $5k,Down,5000,Gradient Boosting,3
Permutation,Geography,0.001954555685139375,Benchmark,A5,Down $5k,Down,5000,Gradient Boosting,3
SHAP,Income,0.21199681179099147,Benchmark,A5,Down $5k,Down,5000,Gradient Boosting,3
SHAP,Wealth,0.1848005852857923,Benchmark,A5,Down $5k,Down,5000,Gradient Boosting,3
SHAP,Education,0.1289902602188055,Benchmark,A5,Down $5k,Down,5000,Gradient Boosting,3
SHAP,Demographics,0.2977047501034811,Benchmark,A5,Down $5k,Down,5000,Gradient Boosting,3
SHAP,Family / employment,0.005430554201091679,Benchmark,A5,Down $5k,Down,5000,Gradient Boosting,3
SHAP,Occupation,0.07548380080610198,Benchmark,A5,Down $5k,Down,5000,Gradient Boosting,3
SHAP,Industry,0.06510006589582051,Benchmark,A5,Down $5k,Down,5000,Gradient Boosting,3
SHAP,Geography,0.03049317169791529,Benchmark,A5,Down $5k,Down,5000,Gradient Boosting,3
Impurity,Income,0.3463797169691718,Benchmark,A5,Down $5k,Down,5000,Gradient Boosting,4
Impurity,Wealth,0.18195346466464526,Benchmark,A5,Down $5k,Down,5000,Gradient Boosting,4
Impurity,Education,0.11521040173541197,Benchmark,A5,Down $5k,Down,5000,Gradient Boosting,4
Impurity,Demographics,0.22426423668103515,Benchmark,A5,Down $5k,Down,5000,Gradient Boosting,4
Impurity,Family / employment,0.02015603441089432,Benchmark,A5,Down $5k,Down,5000,Gradient Boosting,4
Impurity,Occupation,0.06236990509582197,Benchmark,A5,Down $5k,Down,5000,Gradient Boosting,4
Impurity,Industry,0.038515930774486735,Benchmark,A5,Down $5k,Down,5000,Gradient Boosting,4
Impurity,Geography,0.011150309668532853,Benchmark,A5,Down $5k,Down,5000,Gradient Boosting,4
Permutation,Income,0.040764387662306396,Benchmark,A5,Down $5k,Down,5000,Gradient Boosting,4
Permutation,Wealth,0.02914597811559553,Benchmark,A5,Down $5k,Down,5000,Gradient Boosting,4
Permutation,Education,0.0028386776752399754,Benchmark,A5,Down $5k,Down,5000,Gradient Boosting,4
Permutation,Demographics,0.03922577038562664,Benchmark,A5,Down $5k,Down,5000,Gradient Boosting,4
Permutation,Family / employment,-0.0002754840972499062,Benchmark,A5,Down $5k,Down,5000,Gradient Boosting,4
Permutation,Occupation,0.0009672500363528735,Benchmark,A5,Down $5k,Down,5000,Gradient Boosting,4
Permutation,Industry,-0.002104824784264181,Benchmark,A5,Down $5k,Down,5000,Gradient Boosting,4
Permutation,Geography,0.0004078626189737866,Benchmark,A5,Down $5k,Down,5000,Gradient Boosting,4
SHAP,Income,0.23983994832047362,Benchmark,A5,Down $5k,Down,5000,Gradient Boosting,4
SHAP,Wealth,0.17189819487977628,Benchmark,A5,Down $5k,Down,5000,Gradient Boosting,4
SHAP,Education,0.14309426848021373,Benchmark,A5,Down $5k,Down,5000,Gradient Boosting,4
SHAP,Demographics,0.21993400096294566,Benchmark,A5,Down $5k,Down,5000,Gradient Boosting,4
SHAP,Family / employment,0.02407157388702303,Benchmark,A5,Down $5k,Down,5000,Gradient Boosting,4
SHAP,Occupation,0.08792982173015518,Benchmark,A5,Down $5k,Down,5000,Gradient Boosting,4
SHAP,Industry,0.08371860829939193,Benchmark,A5,Down $5k,Down,5000,Gradient Boosting,4
SHAP,Geography,0.02951358344002061,Benchmark,A5,Down $5k,Down,5000,Gradient Boosting,4
Impurity,Income,0.3128582231908512,Benchmark,A5,Down $5k,Down,5000,Gradient Boosting,5
Impurity,Wealth,0.2473598506401913,Benchmark,A5,Down $5k,Down,5000,Gradient Boosting,5
Impurity,Education,0.0877145410424917,Benchmark,A5,Down $5k,Down,5000,Gradient Boosting,5
Impurity,Demographics,0.19747287708181868,Benchmark,A5,Down $5k,Down,5000,Gradient Boosting,5
Impurity,Family / employment,0.020725802274794494,Benchmark,A5,Down $5k,Down,5000,Gradient Boosting,5
Impurity,Occupation,0.07312634428913845,Benchmark,A5,Down $5k,Down,5000,Gradient Boosting,5
Impurity,Industry,0.03251921309191189,Benchmark,A5,Down $5k,Down,5000,Gradient Boosting,5
Impurity,Geography,0.028223148388802206,Benchmark,A5,Down $5k,Down,5000,Gradient Boosting,5
Permutation,Income,0.04879859351147477,Benchmark,A5,Down $5k,Down,5000,Gradient Boosting,5
Permutation,Wealth,0.02054940661540914,Benchmark,A5,Down $5k,Down,5000,Gradient Boosting,5
Permutation,Education,0.010439209894823382,Benchmark,A5,Down $5k,Down,5000,Gradient Boosting,5
Permutation,Demographics,0.027244563524233344,Benchmark,A5,Down $5k,Down,5000,Gradient Boosting,5
Permutation,Family / employment,0.00010907707012268175,Benchmark,A5,Down $5k,Down,5000,Gradient Boosting,5
Permutation,Occupation,-0.0022780207208534242,Benchmark,A5,Down $5k,Down,5000,Gradient Boosting,5
Permutation,Industry,-0.006030357186258062,Benchmark,A5,Down $5k,Down,5000,Gradient Boosting,5
Permutation,Geography,-0.005227313814010209,Benchmark,A5,Down $5k,Down,5000,Gradient Boosting,5
SHAP,Income,0.250337253642261,Benchmark,A5,Down $5k,Down,5000,Gradient Boosting,5
SHAP,Wealth,0.21756167749319233,Benchmark,A5,Down $5k,Down,5000,Gradient Boosting,5
SHAP,Education,0.11201507331605158,Benchmark,A5,Down $5k,Down,5000,Gradient Boosting,5
SHAP,Demographics,0.17927557771197838,Benchmark,A5,Down $5k,Down,5000,Gradient Boosting,5
SHAP,Family / employment,0.03165851771276402,Benchmark,A5,Down $5k,Down,5000,Gradient Boosting,5
SHAP,Occupation,0.09684990220779628,Benchmark,A5,Down $5k,Down,5000,Gradient Boosting,5
SHAP,Industry,0.05982995042383357,Benchmark,A5,Down $5k,Down,5000,Gradient Boosting,5
SHAP,Geography,0.05247204749212269,Benchmark,A5,Down $5k,Down,5000,Gradient Boosting,5
Impurity,Income,0.270138177278918,Benchmark,A6,Down $10k,Down,10000,Random Forest,1
Impurity,Wealth,0.19345221773442048,Benchmark,A6,Down $10k,Down,10000,Random Forest,1
Impurity,Education,0.08117774045742658,Benchmark,A6,Down $10k,Down,10000,Random Forest,1
Impurity,Demographics,0.22609606660861092,Benchmark,A6,Down $10k,Down,10000,Random Forest,1
Impurity,Family / employment,0.03316500850315172,Benchmark,A6,Down $10k,Down,10000,Random Forest,1
Impurity,Occupation,0.08375419048433144,Benchmark,A6,Down $10k,Down,10000,Random Forest,1
Impurity,Industry,0.055528368566796334,Benchmark,A6,Down $10k,Down,10000,Random Forest,1
Impurity,Geography,0.05668823036634468,Benchmark,A6,Down $10k,Down,10000,Random Forest,1
Permutation,Income,0.014433120913692116,Benchmark,A6,Down $10k,Down,10000,Random Forest,1
Permutation,Wealth,0.025352107123173047,Benchmark,A6,Down $10k,Down,10000,Random Forest,1
Permutation,Education,0.011970778151124867,Benchmark,A6,Down $10k,Down,10000,Random Forest,1
Permutation,Demographics,0.034776613299026995,Benchmark,A6,Down $10k,Down,10000,Random Forest,1
Permutation,Family / employment,-0.0007777198851074251,Benchmark,A6,Down $10k,Down,10000,Random Forest,1
Permutation,Occupation,-0.00032701816304765984,Benchmark,A6,Down $10k,Down,10000,Random Forest,1
Permutation,Industry,-0.0048672103008800096,Benchmark,A6,Down $10k,Down,10000,Random Forest,1
Permutation,Geography,-0.00011268139880125095,Benchmark,A6,Down $10k,Down,10000,Random Forest,1
SHAP,Income,0.2518054026045112,Benchmark,A6,Down $10k,Down,10000,Random Forest,1
SHAP,Wealth,0.169023286115627,Benchmark,A6,Down $10k,Down,10000,Random Forest,1
SHAP,Education,0.0972800502453597,Benchmark,A6,Down $10k,Down,10000,Random Forest,1
SHAP,Demographics,0.2425306572585324,Benchmark,A6,Down $10k,Down,10000,Random Forest,1
SHAP,Family / employment,0.03801355280619642,Benchmark,A6,Down $10k,Down,10000,Random Forest,1
SHAP,Occupation,0.08721157977831519,Benchmark,A6,Down $10k,Down,10000,Random Forest,1
SHAP,Industry,0.045882228129576125,Benchmark,A6,Down $10k,Down,10000,Random Forest,1
SHAP,Geography,0.06825324306188207,Benchmark,A6,Down $10k,Down,10000,Random Forest,1
Impurity,Income,0.25371543594248486,Benchmark,A6,Down $10k,Down,10000,Random Forest,2
Impurity,Wealth,0.21053286149415779,Benchmark,A6,Down $10k,Down,10000,Random Forest,2
Impurity,Education,0.09530788962982575,Benchmark,A6,Down $10k,Down,10000,Random Forest,2
Impurity,Demographics,0.22763394015545488,Benchmark,A6,Down $10k,Down,10000,Random Forest,2
Impurity,Family / employment,0.027692665514057777,Benchmark,A6,Down $10k,Down,10000,Random Forest,2
Impurity,Occupation,0.09570564760703107,Benchmark,A6,Down $10k,Down,10000,Random Forest,2
Impurity,Industry,0.04936420570377836,Benchmark,A6,Down $10k,Down,10000,Random Forest,2
Impurity,Geography,0.04004735395320962,Benchmark,A6,Down $10k,Down,10000,Random Forest,2
Permutation,Income,0.03613166710585455,Benchmark,A6,Down $10k,Down,10000,Random Forest,2
Permutation,Wealth,0.0128399576913658,Benchmark,A6,Down $10k,Down,10000,Random Forest,2
Permutation,Education,0.005096198734074664,Benchmark,A6,Down $10k,Down,10000,Random Forest,2
Permutation,Demographics,0.025066885269433403,Benchmark,A6,Down $10k,Down,10000,Random Forest,2
Permutation,Family / employment,-0.0017770512523601289,Benchmark,A6,Down $10k,Down,10000,Random Forest,2
Permutation,Occupation,-0.0014599297849463787,Benchmark,A6,Down $10k,Down,10000,Random Forest,2
Permutation,Industry,-7.604766698084963e-05,Benchmark,A6,Down $10k,Down,10000,Random Forest,2
Permutation,Geography,0.0026310223777723575,Benchmark,A6,Down $10k,Down,10000,Random Forest,2
SHAP,Income,0.23227090263712727,Benchmark,A6,Down $10k,Down,10000,Random Forest,2
SHAP,Wealth,0.21424408569349027,Benchmark,A6,Down $10k,Down,10000,Random Forest,2
SHAP,Education,0.1299254615569965,Benchmark,A6,Down $10k,Down,10000,Random Forest,2
SHAP,Demographics,0.2186538612046248,Benchmark,A6,Down $10k,Down,10000,Random Forest,2
SHAP,Family / employment,0.02505610808508281,Benchmark,A6,Down $10k,Down,10000,Random Forest,2
SHAP,Occupation,0.10907725270413125,Benchmark,A6,Down $10k,Down,10000,Random Forest,2
SHAP,Industry,0.031170622763619704,Benchmark,A6,Down $10k,Down,10000,Random Forest,2
SHAP,Geography,0.03960170535492735,Benchmark,A6,Down $10k,Down,10000,Random Forest,2
Impurity,Income,0.27059766986355294,Benchmark,A6,Down $10k,Down,10000,Random Forest,3
Impurity,Wealth,0.1822111390967912,Benchmark,A6,Down $10k,Down,10000,Random Forest,3
Impurity,Education,0.11415836522313731,Benchmark,A6,Down $10k,Down,10000,Random Forest,3
Impurity,Demographics,0.23864733261176602,Benchmark,A6,Down $10k,Down,10000,Random Forest,3
Impurity,Family / employment,0.040577862566082,Benchmark,A6,Down $10k,Down,10000,Random Forest,3
Impurity,Occupation,0.07398733540173423,Benchmark,A6,Down $10k,Down,10000,Random Forest,3
Impurity,Industry,0.043229217596728126,Benchmark,A6,Down $10k,Down,10000,Random Forest,3
Impurity,Geography,0.03659107764020832,Benchmark,A6,Down $10k,Down,10000,Random Forest,3
Permutation,Income,0.04971692307358282,Benchmark,A6,Down $10k,Down,10000,Random Forest,3
Permutation,Wealth,0.017205307214965125,Benchmark,A6,Down $10k,Down,10000,Random Forest,3
Permutation,Education,0.0021990384697450293,Benchmark,A6,Down $10k,Down,10000,Random Forest,3
Permutation,Demographics,0.026259707032738954,Benchmark,A6,Down $10k,Down,10000,Random Forest,3
Permutation,Family / employment,-0.004613455710827763,Benchmark,A6,Down $10k,Down,10000,Random Forest,3
Permutation,Occupation,0.002719801071266614,Benchmark,A6,Down $10k,Down,10000,Random Forest,3
Permutation,Industry,-0.0006324154782514357,Benchmark,A6,Down $10k,Down,10000,Random Forest,3
Permutation,Geography,0.0006439064313782439,Benchmark,A6,Down $10k,Down,10000,Random Forest,3
SHAP,Income,0.24973873034263125,Benchmark,A6,Down $10k,Down,10000,Random Forest,3
SHAP,Wealth,0.1672846582018181,Benchmark,A6,Down $10k,Down,10000,Random Forest,3
SHAP,Education,0.13762088958464957,Benchmark,A6,Down $10k,Down,10000,Random Forest,3
SHAP,Demographics,0.24338875113320532,Benchmark,A6,Down $10k,Down,10000,Random Forest,3
SHAP,Family / employment,0.054387254895460424,Benchmark,A6,Down $10k,Down,10000,Random Forest,3
SHAP,Occupation,0.07709227334258616,Benchmark,A6,Down $10k,Down,10000,Random Forest,3
SHAP,Industry,0.03595158700608721,Benchmark,A6,Down $10k,Down,10000,Random Forest,3
SHAP,Geography,0.034535855493561904,Benchmark,A6,Down $10k,Down,10000,Random Forest,3
Impurity,Income,0.24239397462560563,Benchmark,A6,Down $10k,Down,10000,Random Forest,4
Impurity,Wealth,0.1928818243751443,Benchmark,A6,Down $10k,Down,10000,Random Forest,4
Impurity,Education,0.08014843183431156,Benchmark,A6,Down $10k,Down,10000,Random Forest,4
Impurity,Demographics,0.21731737211901023,Benchmark,A6,Down $10k,Down,10000,Random Forest,4
Impurity,Family / employment,0.02422331362519957,Benchmark,A6,Down $10k,Down,10000,Random Forest,4
Impurity,Occupation,0.09394206320548917,Benchmark,A6,Down $10k,Down,10000,Random Forest,4
Impurity,Industry,0.07413536512820008,Benchmark,A6,Down $10k,Down,10000,Random Forest,4
Impurity,Geography,0.07495765508703939,Benchmark,A6,Down $10k,Down,10000,Random Forest,4
Permutation,Income,0.04378400565167453,Benchmark,A6,Down $10k,Down,10000,Random Forest,4
Permutation,Wealth,0.014295121083624674,Benchmark,A6,Down $10k,Down,10000,Random Forest,4
Permutation,Education,0.010069319764473972,Benchmark,A6,Down $10k,Down,10000,Random Forest,4
Permutation,Demographics,0.03070670967331446,Benchmark,A6,Down $10k,Down,10000,Random Forest,4
Permutation,Family / employment,0.0022604722305963887,Benchmark,A6,Down $10k,Down,10000,Random Forest,4
Permutation,Occupation,0.0030111915886049446,Benchmark,A6,Down $10k,Down,10000,Random Forest,4
Permutation,Industry,0.006370338754834615,Benchmark,A6,Down $10k,Down,10000,Random Forest,4
Permutation,Geography,-0.002264875368401137,Benchmark,A6,Down $10k,Down,10000,Random Forest,4
SHAP,Income,0.21775663319218602,Benchmark,A6,Down $10k,Down,10000,Random Forest,4
SHAP,Wealth,0.16620678441043715,Benchmark,A6,Down $10k,Down,10000,Random Forest,4
SHAP,Education,0.10412901976296501,Benchmark,A6,Down $10k,Down,10000,Random Forest,4
SHAP,Demographics,0.2550656576549024,Benchmark,A6,Down $10k,Down,10000,Random Forest,4
SHAP,Family / employment,0.012949046285684211,Benchmark,A6,Down $10k,Down,10000,Random Forest,4
SHAP,Occupation,0.0995034266575467,Benchmark,A6,Down $10k,Down,10000,Random Forest,4
SHAP,Industry,0.05667915997913439,Benchmark,A6,Down $10k,Down,10000,Random Forest,4
SHAP,Geography,0.0877102720571443,Benchmark,A6,Down $10k,Down,10000,Random Forest,4
Impurity,Income,0.25991870888030544,Benchmark,A6,Down $10k,Down,10000,Random Forest,5
Impurity,Wealth,0.1818380167762587,Benchmark,A6,Down $10k,Down,10000,Random Forest,5
Impurity,Education,0.0827356584857257,Benchmark,A6,Down $10k,Down,10000,Random Forest,5
Impurity,Demographics,0.2581770321403432,Benchmark,A6,Down $10k,Down,10000,Random Forest,5
Impurity,Family / employment,0.03873530164283637,Benchmark,A6,Down $10k,Down,10000,Random Forest,5
Impurity,Occupation,0.0866272145249751,Benchmark,A6,Down $10k,Down,10000,Random Forest,5
Impurity,Industry,0.05353983654911082,Benchmark,A6,Down $10k,Down,10000,Random Forest,5
Impurity,Geography,0.03842823100044473,Benchmark,A6,Down $10k,Down,10000,Random Forest,5
Permutation,Income,0.04136751939801321,Benchmark,A6,Down $10k,Down,10000,Random Forest,5
Permutation,Wealth,0.015218031555023204,Benchmark,A6,Down $10k,Down,10000,Random Forest,5
Permutation,Education,0.0058759227015944045,Benchmark,A6,Down $10k,Down,10000,Random Forest,5
Permutation,Demographics,0.03194273026497696,Benchmark,A6,Down $10k,Down,10000,Random Forest,5
Permutation,Family / employment,-0.002023048637381558,Benchmark,A6,Down $10k,Down,10000,Random Forest,5
Permutation,Occupation,0.0026593934179782617,Benchmark,A6,Down $10k,Down,10000,Random Forest,5
Permutation,Industry,-0.0016026619054762049,Benchmark,A6,Down $10k,Down,10000,Random Forest,5
Permutation,Geography,0.0017403016893579094,Benchmark,A6,Down $10k,Down,10000,Random Forest,5
SHAP,Income,0.2459601312276525,Benchmark,A6,Down $10k,Down,10000,Random Forest,5
SHAP,Wealth,0.16901587269521817,Benchmark,A6,Down $10k,Down,10000,Random Forest,5
SHAP,Education,0.10536225078923123,Benchmark,A6,Down $10k,Down,10000,Random Forest,5
SHAP,Demographics,0.2547250279539488,Benchmark,A6,Down $10k,Down,10000,Random Forest,5
SHAP,Family / employment,0.04910680585972424,Benchmark,A6,Down $10k,Down,10000,Random Forest,5
SHAP,Occupation,0.09477962357174631,Benchmark,A6,Down $10k,Down,10000,Random Forest,5
SHAP,Industry,0.047966388456065684,Benchmark,A6,Down $10k,Down,10000,Random Forest,5
SHAP,Geography,0.03308389944641292,Benchmark,A6,Down $10k,Down,10000,Random Forest,5
Impurity,Income,0.32715997565494703,Benchmark,A6,Down $10k,Down,10000,Gradient Boosting,1
Impurity,Wealth,0.17959629321613713,Benchmark,A6,Down $10k,Down,10000,Gradient Boosting,1
Impurity,Education,0.0695050717059641,Benchmark,A6,Down $10k,Down,10000,Gradient Boosting,1
Impurity,Demographics,0.28335958539313044,Benchmark,A6,Down $10k,Down,10000,Gradient Boosting,1
Impurity,Family / employment,0.0084025812705719,Benchmark,A6,Down $10k,Down,10000,Gradient Boosting,1
Impurity,Occupation,0.05881873251383007,Benchmark,A6,Down $10k,Down,10000,Gradient Boosting,1
Impurity,Industry,0.039009696520174074,Benchmark,A6,Down $10k,Down,10000,Gradient Boosting,1
Impurity,Geography,0.03414806372524544,Benchmark,A6,Down $10k,Down,10000,Gradient Boosting,1
Permutation,Income,0.017033284507049096,Benchmark,A6,Down $10k,Down,10000,Gradient Boosting,1
Permutation,Wealth,0.025999047720839663,Benchmark,A6,Down $10k,Down,10000,Gradient Boosting,1
Permutation,Education,0.011463356479829673,Benchmark,A6,Down $10k,Down,10000,Gradient Boosting,1
Permutation,Demographics,0.047030911761245325,Benchmark,A6,Down $10k,Down,10000,Gradient Boosting,1
Permutation,Family / employment,-0.0010795230703478874,Benchmark,A6,Down $10k,Down,10000,Gradient Boosting,1
Permutation,Occupation,-0.0005105829564716058,Benchmark,A6,Down $10k,Down,10000,Gradient Boosting,1
Permutation,Industry,-0.0035595561899348926,Benchmark,A6,Down $10k,Down,10000,Gradient Boosting,1
Permutation,Geography,-0.0007267476115882521,Benchmark,A6,Down $10k,Down,10000,Gradient Boosting,1
SHAP,Income,0.25300094820129,Benchmark,A6,Down $10k,Down,10000,Gradient Boosting,1
SHAP,Wealth,0.16154152498206234,Benchmark,A6,Down $10k,Down,10000,Gradient Boosting,1
SHAP,Education,0.0749056841047715,Benchmark,A6,Down $10k,Down,10000,Gradient Boosting,1
SHAP,Demographics,0.2854994512150886,Benchmark,A6,Down $10k,Down,10000,Gradient Boosting,1
SHAP,Family / employment,0.007458491710533735,Benchmark,A6,Down $10k,Down,10000,Gradient Boosting,1
SHAP,Occupation,0.07845165382900449,Benchmark,A6,Down $10k,Down,10000,Gradient Boosting,1
SHAP,Industry,0.06271411272643419,Benchmark,A6,Down $10k,Down,10000,Gradient Boosting,1
SHAP,Geography,0.07642813323081513,Benchmark,A6,Down $10k,Down,10000,Gradient Boosting,1
Impurity,Income,0.26988468049874237,Benchmark,A6,Down $10k,Down,10000,Gradient Boosting,2
Impurity,Wealth,0.24851060556652665,Benchmark,A6,Down $10k,Down,10000,Gradient Boosting,2
Impurity,Education,0.06666670475708847,Benchmark,A6,Down $10k,Down,10000,Gradient Boosting,2
Impurity,Demographics,0.24483219051933738,Benchmark,A6,Down $10k,Down,10000,Gradient Boosting,2
Impurity,Family / employment,0.008599439323857835,Benchmark,A6,Down $10k,Down,10000,Gradient Boosting,2
Impurity,Occupation,0.11099648174115626,Benchmark,A6,Down $10k,Down,10000,Gradient Boosting,2
Impurity,Industry,0.03081764050872248,Benchmark,A6,Down $10k,Down,10000,Gradient Boosting,2
Impurity,Geography,0.019692257084568548,Benchmark,A6,Down $10k,Down,10000,Gradient Boosting,2
Permutation,Income,0.04110081720538546,Benchmark,A6,Down $10k,Down,10000,Gradient Boosting,2
Permutation,Wealth,0.01814492689287615,Benchmark,A6,Down $10k,Down,10000,Gradient Boosting,2
Permutation,Education,0.005296869051662445,Benchmark,A6,Down $10k,Down,10000,Gradient Boosting,2
Permutation,Demographics,0.029694327471892618,Benchmark,A6,Down $10k,Down,10000,Gradient Boosting,2
Permutation,Family / employment,-0.0036318347907889903,Benchmark,A6,Down $10k,Down,10000,Gradient Boosting,2
Permutation,Occupation,-0.0006426809813342371,Benchmark,A6,Down $10k,Down,10000,Gradient Boosting,2
Permutation,Industry,0.002414793973094337,Benchmark,A6,Down $10k,Down,10000,Gradient Boosting,2
Permutation,Geography,0.0031618819558733857,Benchmark,A6,Down $10k,Down,10000,Gradient Boosting,2
SHAP,Income,0.21595705049513853,Benchmark,A6,Down $10k,Down,10000,Gradient Boosting,2
SHAP,Wealth,0.21919846809110397,Benchmark,A6,Down $10k,Down,10000,Gradient Boosting,2
SHAP,Education,0.10542793245559255,Benchmark,A6,Down $10k,Down,10000,Gradient Boosting,2
SHAP,Demographics,0.20714468858256563,Benchmark,A6,Down $10k,Down,10000,Gradient Boosting,2
SHAP,Family / employment,0.009332387291617474,Benchmark,A6,Down $10k,Down,10000,Gradient Boosting,2
SHAP,Occupation,0.1438051035896763,Benchmark,A6,Down $10k,Down,10000,Gradient Boosting,2
SHAP,Industry,0.0459194371222664,Benchmark,A6,Down $10k,Down,10000,Gradient Boosting,2
SHAP,Geography,0.05321493237203921,Benchmark,A6,Down $10k,Down,10000,Gradient Boosting,2
Impurity,Income,0.30266611371116664,Benchmark,A6,Down $10k,Down,10000,Gradient Boosting,3
Impurity,Wealth,0.2300056721812203,Benchmark,A6,Down $10k,Down,10000,Gradient Boosting,3
Impurity,Education,0.09678952886966222,Benchmark,A6,Down $10k,Down,10000,Gradient Boosting,3
Impurity,Demographics,0.2360254347663497,Benchmark,A6,Down $10k,Down,10000,Gradient Boosting,3
Impurity,Family / employment,0.019254830085037183,Benchmark,A6,Down $10k,Down,10000,Gradient Boosting,3
Impurity,Occupation,0.07033018531352438,Benchmark,A6,Down $10k,Down,10000,Gradient Boosting,3
Impurity,Industry,0.028065281696581026,Benchmark,A6,Down $10k,Down,10000,Gradient Boosting,3
Impurity,Geography,0.016862953376458434,Benchmark,A6,Down $10k,Down,10000,Gradient Boosting,3
Permutation,Income,0.05484075765495937,Benchmark,A6,Down $10k,Down,10000,Gradient Boosting,3
Permutation,Wealth,0.013526993157920464,Benchmark,A6,Down $10k,Down,10000,Gradient Boosting,3
Permutation,Education,0.0037740424694045925,Benchmark,A6,Down $10k,Down,10000,Gradient Boosting,3
Permutation,Demographics,0.026806021898512018,Benchmark,A6,Down $10k,Down,10000,Gradient Boosting,3
Permutation,Family / employment,-0.0020699815073260295,Benchmark,A6,Down $10k,Down,10000,Gradient Boosting,3
Permutation,Occupation,-0.00010301346567999637,Benchmark,A6,Down $10k,Down,10000,Gradient Boosting,3
Permutation,Industry,5.2439038823520744e-05,Benchmark,A6,Down $10k,Down,10000,Gradient Boosting,3
Permutation,Geography,0.003803964644779051,Benchmark,A6,Down $10k,Down,10000,Gradient Boosting,3
SHAP,Income,0.2508863414224129,Benchmark,A6,Down $10k,Down,10000,Gradient Boosting,3
SHAP,Wealth,0.18635649113460617,Benchmark,A6,Down $10k,Down,10000,Gradient Boosting,3
SHAP,Education,0.11837505461484725,Benchmark,A6,Down $10k,Down,10000,Gradient Boosting,3
SHAP,Demographics,0.21738721211125153,Benchmark,A6,Down $10k,Down,10000,Gradient Boosting,3
SHAP,Family / employment,0.0376576670614424,Benchmark,A6,Down $10k,Down,10000,Gradient Boosting,3
SHAP,Occupation,0.0823013488648922,Benchmark,A6,Down $10k,Down,10000,Gradient Boosting,3
SHAP,Industry,0.06435442986106965,Benchmark,A6,Down $10k,Down,10000,Gradient Boosting,3
SHAP,Geography,0.04268145492947799,Benchmark,A6,Down $10k,Down,10000,Gradient Boosting,3
Impurity,Income,0.35042612854190125,Benchmark,A6,Down $10k,Down,10000,Gradient Boosting,4
Impurity,Wealth,0.16565659951960604,Benchmark,A6,Down $10k,Down,10000,Gradient Boosting,4
Impurity,Education,0.060407390929895576,Benchmark,A6,Down $10k,Down,10000,Gradient Boosting,4
Impurity,Demographics,0.2667294801176848,Benchmark,A6,Down $10k,Down,10000,Gradient Boosting,4
Impurity,Family / employment,0.01455234536320696,Benchmark,A6,Down $10k,Down,10000,Gradient Boosting,4
Impurity,Occupation,0.06919092358725489,Benchmark,A6,Down $10k,Down,10000,Gradient Boosting,4
Impurity,Industry,0.032124066959200545,Benchmark,A6,Down $10k,Down,10000,Gradient Boosting,4
Impurity,Geography,0.040913064981249865,Benchmark,A6,Down $10k,Down,10000,Gradient Boosting,4
Permutation,Income,0.04822261560385327,Benchmark,A6,Down $10k,Down,10000,Gradient Boosting,4
Permutation,Wealth,0.011127516501589597,Benchmark,A6,Down $10k,Down,10000,Gradient Boosting,4
Permutation,Education,0.007505169282795277,Benchmark,A6,Down $10k,Down,10000,Gradient Boosting,4
Permutation,Demographics,0.028955049052661847,Benchmark,A6,Down $10k,Down,10000,Gradient Boosting,4
Permutation,Family / employment,-0.0009829205976273404,Benchmark,A6,Down $10k,Down,10000,Gradient Boosting,4
Permutation,Occupation,0.0029928628238106323,Benchmark,A6,Down $10k,Down,10000,Gradient Boosting,4
Permutation,Industry,0.0030314832214099253,Benchmark,A6,Down $10k,Down,10000,Gradient Boosting,4
Permutation,Geography,0.0005619810179458729,Benchmark,A6,Down $10k,Down,10000,Gradient Boosting,4
SHAP,Income,0.23686455359208117,Benchmark,A6,Down $10k,Down,10000,Gradient Boosting,4
SHAP,Wealth,0.15403296037287667,Benchmark,A6,Down $10k,Down,10000,Gradient Boosting,4
SHAP,Education,0.08001897568286001,Benchmark,A6,Down $10k,Down,10000,Gradient Boosting,4
SHAP,Demographics,0.2726511017717994,Benchmark,A6,Down $10k,Down,10000,Gradient Boosting,4
SHAP,Family / employment,0.010279510224068146,Benchmark,A6,Down $10k,Down,10000,Gradient Boosting,4
SHAP,Occupation,0.08706965105422854,Benchmark,A6,Down $10k,Down,10000,Gradient Boosting,4
SHAP,Industry,0.0615104202372721,Benchmark,A6,Down $10k,Down,10000,Gradient Boosting,4
SHAP,Geography,0.09757282706481393,Benchmark,A6,Down $10k,Down,10000,Gradient Boosting,4
Impurity,Income,0.31545033439493636,Benchmark,A6,Down $10k,Down,10000,Gradient Boosting,5
Impurity,Wealth,0.19306108989981544,Benchmark,A6,Down $10k,Down,10000,Gradient Boosting,5
Impurity,Education,0.08896006361072731,Benchmark,A6,Down $10k,Down,10000,Gradient Boosting,5
Impurity,Demographics,0.2291162626572159,Benchmark,A6,Down $10k,Down,10000,Gradient Boosting,5
Impurity,Family / employment,0.03645188421383302,Benchmark,A6,Down $10k,Down,10000,Gradient Boosting,5
Impurity,Occupation,0.06771132772907994,Benchmark,A6,Down $10k,Down,10000,Gradient Boosting,5
Impurity,Industry,0.044976920367658726,Benchmark,A6,Down $10k,Down,10000,Gradient Boosting,5
Impurity,Geography,0.02427211712673335,Benchmark,A6,Down $10k,Down,10000,Gradient Boosting,5
Permutation,Income,0.05719880781607282,Benchmark,A6,Down $10k,Down,10000,Gradient Boosting,5
Permutation,Wealth,0.012434041346139724,Benchmark,A6,Down $10k,Down,10000,Gradient Boosting,5
Permutation,Education,0.009324824521109332,Benchmark,A6,Down $10k,Down,10000,Gradient Boosting,5
Permutation,Demographics,0.029949579383140867,Benchmark,A6,Down $10k,Down,10000,Gradient Boosting,5
Permutation,Family / employment,-0.003734283670974303,Benchmark,A6,Down $10k,Down,10000,Gradient Boosting,5
Permutation,Occupation,-0.003822930280297365,Benchmark,A6,Down $10k,Down,10000,Gradient Boosting,5
Permutation,Industry,-0.0034915898097075625,Benchmark,A6,Down $10k,Down,10000,Gradient Boosting,5
Permutation,Geography,0.0005158359434375759,Benchmark,A6,Down $10k,Down,10000,Gradient Boosting,5
SHAP,Income,0.2528800796094316,Benchmark,A6,Down $10k,Down,10000,Gradient Boosting,5
SHAP,Wealth,0.16919873140209035,Benchmark,A6,Down $10k,Down,10000,Gradient Boosting,5
SHAP,Education,0.10701129397717866,Benchmark,A6,Down $10k,Down,10000,Gradient Boosting,5
SHAP,Demographics,0.21170421848427712,Benchmark,A6,Down $10k,Down,10000,Gradient Boosting,5
SHAP,Family / employment,0.042110364971775685,Benchmark,A6,Down $10k,Down,10000,Gradient Boosting,5
SHAP,Occupation,0.0975233777909688,Benchmark,A6,Down $10k,Down,10000,Gradient Boosting,5
SHAP,Industry,0.07833743685053582,Benchmark,A6,Down $10k,Down,10000,Gradient Boosting,5
SHAP,Geography,0.04123449691374201,Benchmark,A6,Down $10k,Down,10000,Gradient Boosting,5
Impurity,Income,0.24852790903386907,Benchmark,A7,Down $15k,Down,15000,Random Forest,1
Impurity,Wealth,0.17875907229468846,Benchmark,A7,Down $15k,Down,15000,Random Forest,1
Impurity,Education,0.09769217331746724,Benchmark,A7,Down $15k,Down,15000,Random Forest,1
Impurity,Demographics,0.2522090660151918,Benchmark,A7,Down $15k,Down,15000,Random Forest,1
Impurity,Family / employment,0.026319287824352722,Benchmark,A7,Down $15k,Down,15000,Random Forest,1
Impurity,Occupation,0.08459539930460638,Benchmark,A7,Down $15k,Down,15000,Random Forest,1
Impurity,Industry,0.06350315200006215,Benchmark,A7,Down $15k,Down,15000,Random Forest,1
Impurity,Geography,0.04839394020976212,Benchmark,A7,Down $15k,Down,15000,Random Forest,1
Permutation,Income,0.043418004568081196,Benchmark,A7,Down $15k,Down,15000,Random Forest,1
Permutation,Wealth,0.029687001739800302,Benchmark,A7,Down $15k,Down,15000,Random Forest,1
Permutation,Education,0.01361465513555769,Benchmark,A7,Down $15k,Down,15000,Random Forest,1
Permutation,Demographics,0.04493315420085788,Benchmark,A7,Down $15k,Down,15000,Random Forest,1
Permutation,Family / employment,0.0003376103311863832,Benchmark,A7,Down $15k,Down,15000,Random Forest,1
Permutation,Occupation,0.004814132643785196,Benchmark,A7,Down $15k,Down,15000,Random Forest,1
Permutation,Industry,-0.0049620300912041225,Benchmark,A7,Down $15k,Down,15000,Random Forest,1
Permutation,Geography,0.0053247172985918636,Benchmark,A7,Down $15k,Down,15000,Random Forest,1
SHAP,Income,0.23124186761654636,Benchmark,A7,Down $15k,Down,15000,Random Forest,1
SHAP,Wealth,0.1651914573464644,Benchmark,A7,Down $15k,Down,15000,Random Forest,1
SHAP,Education,0.14304935994971185,Benchmark,A7,Down $15k,Down,15000,Random Forest,1
SHAP,Demographics,0.2439466449397129,Benchmark,A7,Down $15k,Down,15000,Random Forest,1
SHAP,Family / employment,0.01889275395755574,Benchmark,A7,Down $15k,Down,15000,Random Forest,1
SHAP,Occupation,0.1096529895284378,Benchmark,A7,Down $15k,Down,15000,Random Forest,1
SHAP,Industry,0.051612364845621185,Benchmark,A7,Down $15k,Down,15000,Random Forest,1
SHAP,Geography,0.03641256181594975,Benchmark,A7,Down $15k,Down,15000,Random Forest,1
Impurity,Income,0.2601415053551761,Benchmark,A7,Down $15k,Down,15000,Random Forest,2
Impurity,Wealth,0.2030254807689163,Benchmark,A7,Down $15k,Down,15000,Random Forest,2
Impurity,Education,0.0811371070685548,Benchmark,A7,Down $15k,Down,15000,Random Forest,2
Impurity,Demographics,0.24811833200595768,Benchmark,A7,Down $15k,Down,15000,Random Forest,2
Impurity,Family / employment,0.03128978265195035,Benchmark,A7,Down $15k,Down,15000,Random Forest,2
Impurity,Occupation,0.10115860223071191,Benchmark,A7,Down $15k,Down,15000,Random Forest,2
Impurity,Industry,0.04439392544032937,Benchmark,A7,Down $15k,Down,15000,Random Forest,2
Impurity,Geography,0.030735264478403374,Benchmark,A7,Down $15k,Down,15000,Random Forest,2
Permutation,Income,0.029252241182298723,Benchmark,A7,Down $15k,Down,15000,Random Forest,2
Permutation,Wealth,0.0151103715114909,Benchmark,A7,Down $15k,Down,15000,Random Forest,2
Permutation,Education,0.007949222691068274,Benchmark,A7,Down $15k,Down,15000,Random Forest,2
Permutation,Demographics,0.030236429283468997,Benchmark,A7,Down $15k,Down,15000,Random Forest,2
Permutation,Family / employment,-0.0017544888839568396,Benchmark,A7,Down $15k,Down,15000,Random Forest,2
Permutation,Occupation,3.619820570499033e-05,Benchmark,A7,Down $15k,Down,15000,Random Forest,2
Permutation,Industry,0.004262342041288625,Benchmark,A7,Down $15k,Down,15000,Random Forest,2
Permutation,Geography,0.0024352399362917443,Benchmark,A7,Down $15k,Down,15000,Random Forest,2
SHAP,Income,0.21203778964421682,Benchmark,A7,Down $15k,Down,15000,Random Forest,2
SHAP,Wealth,0.2048274643841117,Benchmark,A7,Down $15k,Down,15000,Random Forest,2
SHAP,Education,0.11472729969296026,Benchmark,A7,Down $15k,Down,15000,Random Forest,2
SHAP,Demographics,0.25468995982125153,Benchmark,A7,Down $15k,Down,15000,Random Forest,2
SHAP,Family / employment,0.030703614903262025,Benchmark,A7,Down $15k,Down,15000,Random Forest,2
SHAP,Occupation,0.12097344507543,Benchmark,A7,Down $15k,Down,15000,Random Forest,2
SHAP,Industry,0.028663406789410022,Benchmark,A7,Down $15k,Down,15000,Random Forest,2
SHAP,Geography,0.03337701968935765,Benchmark,A7,Down $15k,Down,15000,Random Forest,2
Impurity,Income,0.2611954260372911,Benchmark,A7,Down $15k,Down,15000,Random Forest,3
Impurity,Wealth,0.19368322138520777,Benchmark,A7,Down $15k,Down,15000,Random Forest,3
Impurity,Education,0.09216765627628204,Benchmark,A7,Down $15k,Down,15000,Random Forest,3
Impurity,Demographics,0.22908680795542202,Benchmark,A7,Down $15k,Down,15000,Random Forest,3
Impurity,Family / employment,0.030042916823193218,Benchmark,A7,Down $15k,Down,15000,Random Forest,3
Impurity,Occupation,0.08861393931298757,Benchmark,A7,Down $15k,Down,15000,Random Forest,3
Impurity,Industry,0.059684913394275986,Benchmark,A7,Down $15k,Down,15000,Random Forest,3
Impurity,Geography,0.04552511881534036,Benchmark,A7,Down $15k,Down,15000,Random Forest,3
Permutation,Income,0.032982711914222515,Benchmark,A7,Down $15k,Down,15000,Random Forest,3
Permutation,Wealth,0.0020823273629188123,Benchmark,A7,Down $15k,Down,15000,Random Forest,3
Permutation,Education,0.006325548961548249,Benchmark,A7,Down $15k,Down,15000,Random Forest,3
Permutation,Demographics,0.028157502970391667,Benchmark,A7,Down $15k,Down,15000,Random Forest,3
Permutation,Family / employment,-0.0015267654406828702,Benchmark,A7,Down $15k,Down,15000,Random Forest,3
Permutation,Occupation,0.0009863561472263193,Benchmark,A7,Down $15k,Down,15000,Random Forest,3
Permutation,Industry,-0.0042227832041691615,Benchmark,A7,Down $15k,Down,15000,Random Forest,3
Permutation,Geography,0.0007354237389019358,Benchmark,A7,Down $15k,Down,15000,Random Forest,3
SHAP,Income,0.2198628242517186,Benchmark,A7,Down $15k,Down,15000,Random Forest,3
SHAP,Wealth,0.1833470662721133,Benchmark,A7,Down $15k,Down,15000,Random Forest,3
SHAP,Education,0.11134038366824192,Benchmark,A7,Down $15k,Down,15000,Random Forest,3
SHAP,Demographics,0.23115506143749154,Benchmark,A7,Down $15k,Down,15000,Random Forest,3
SHAP,Family / employment,0.032736708888638597,Benchmark,A7,Down $15k,Down,15000,Random Forest,3
SHAP,Occupation,0.11932139379018875,Benchmark,A7,Down $15k,Down,15000,Random Forest,3
SHAP,Industry,0.06505652992960428,Benchmark,A7,Down $15k,Down,15000,Random Forest,3
SHAP,Geography,0.03718003176200296,Benchmark,A7,Down $15k,Down,15000,Random Forest,3
Impurity,Income,0.22755229744859712,Benchmark,A7,Down $15k,Down,15000,Random Forest,4
Impurity,Wealth,0.20387020815920834,Benchmark,A7,Down $15k,Down,15000,Random Forest,4
Impurity,Education,0.09535398165437041,Benchmark,A7,Down $15k,Down,15000,Random Forest,4
Impurity,Demographics,0.2464580236000803,Benchmark,A7,Down $15k,Down,15000,Random Forest,4
Impurity,Family / employment,0.030231669113650154,Benchmark,A7,Down $15k,Down,15000,Random Forest,4
Impurity,Occupation,0.09023607962942604,Benchmark,A7,Down $15k,Down,15000,Random Forest,4
Impurity,Industry,0.05504101704325805,Benchmark,A7,Down $15k,Down,15000,Random Forest,4
Impurity,Geography,0.05125672335140944,Benchmark,A7,Down $15k,Down,15000,Random Forest,4
Permutation,Income,0.0506027886038416,Benchmark,A7,Down $15k,Down,15000,Random Forest,4
Permutation,Wealth,0.01731348350461734,Benchmark,A7,Down $15k,Down,15000,Random Forest,4
Permutation,Education,0.00840233490879878,Benchmark,A7,Down $15k,Down,15000,Random Forest,4
Permutation,Demographics,0.03959891501507619,Benchmark,A7,Down $15k,Down,15000,Random Forest,4
Permutation,Family / employment,-0.00032856544614808805,Benchmark,A7,Down $15k,Down,15000,Random Forest,4
Permutation,Occupation,0.00798494248132096,Benchmark,A7,Down $15k,Down,15000,Random Forest,4
Permutation,Industry,0.003409097583553222,Benchmark,A7,Down $15k,Down,15000,Random Forest,4
Permutation,Geography,0.0014226560861388127,Benchmark,A7,Down $15k,Down,15000,Random Forest,4
SHAP,Income,0.19941688570240407,Benchmark,A7,Down $15k,Down,15000,Random Forest,4
SHAP,Wealth,0.186924310969424,Benchmark,A7,Down $15k,Down,15000,Random Forest,4
SHAP,Education,0.13835849036216577,Benchmark,A7,Down $15k,Down,15000,Random Forest,4
SHAP,Demographics,0.2436711965375129,Benchmark,A7,Down $15k,Down,15000,Random Forest,4
SHAP,Family / employment,0.03639999164126955,Benchmark,A7,Down $15k,Down,15000,Random Forest,4
SHAP,Occupation,0.11367084198107663,Benchmark,A7,Down $15k,Down,15000,Random Forest,4
SHAP,Industry,0.04370973556055204,Benchmark,A7,Down $15k,Down,15000,Random Forest,4
SHAP,Geography,0.03784854724559481,Benchmark,A7,Down $15k,Down,15000,Random Forest,4
Impurity,Income,0.2410420375755337,Benchmark,A7,Down $15k,Down,15000,Random Forest,5
Impurity,Wealth,0.16649739063829824,Benchmark,A7,Down $15k,Down,15000,Random Forest,5
Impurity,Education,0.11827526830826185,Benchmark,A7,Down $15k,Down,15000,Random Forest,5
Impurity,Demographics,0.25474111408386185,Benchmark,A7,Down $15k,Down,15000,Random Forest,5
Impurity,Family / employment,0.02447043250198638,Benchmark,A7,Down $15k,Down,15000,Random Forest,5
Impurity,Occupation,0.09072030700820276,Benchmark,A7,Down $15k,Down,15000,Random Forest,5
Impurity,Industry,0.06660679004045239,Benchmark,A7,Down $15k,Down,15000,Random Forest,5
Impurity,Geography,0.037646659843402756,Benchmark,A7,Down $15k,Down,15000,Random Forest,5
Permutation,Income,0.05123633226501238,Benchmark,A7,Down $15k,Down,15000,Random Forest,5
Permutation,Wealth,0.01798336851981715,Benchmark,A7,Down $15k,Down,15000,Random Forest,5
Permutation,Education,0.004102762861001535,Benchmark,A7,Down $15k,Down,15000,Random Forest,5
Permutation,Demographics,0.03761750468045053,Benchmark,A7,Down $15k,Down,15000,Random Forest,5
Permutation,Family / employment,-0.0005929850343690812,Benchmark,A7,Down $15k,Down,15000,Random Forest,5
Permutation,Occupation,0.0026201188693672772,Benchmark,A7,Down $15k,Down,15000,Random Forest,5
Permutation,Industry,-0.0036240211719942962,Benchmark,A7,Down $15k,Down,15000,Random Forest,5
Permutation,Geography,-0.0025036824910121326,Benchmark,A7,Down $15k,Down,15000,Random Forest,5
SHAP,Income,0.21225942519190502,Benchmark,A7,Down $15k,Down,15000,Random Forest,5
SHAP,Wealth,0.15652041485696272,Benchmark,A7,Down $15k,Down,15000,Random Forest,5
SHAP,Education,0.1360425477066618,Benchmark,A7,Down $15k,Down,15000,Random Forest,5
SHAP,Demographics,0.2820838157926465,Benchmark,A7,Down $15k,Down,15000,Random Forest,5
SHAP,Family / employment,0.02430318805538944,Benchmark,A7,Down $15k,Down,15000,Random Forest,5
SHAP,Occupation,0.09641001704658826,Benchmark,A7,Down $15k,Down,15000,Random Forest,5
SHAP,Industry,0.05900347593823003,Benchmark,A7,Down $15k,Down,15000,Random Forest,5
SHAP,Geography,0.03337711541161619,Benchmark,A7,Down $15k,Down,15000,Random Forest,5
Impurity,Income,0.2886306389399812,Benchmark,A7,Down $15k,Down,15000,Gradient Boosting,1
Impurity,Wealth,0.18226784870153345,Benchmark,A7,Down $15k,Down,15000,Gradient Boosting,1
Impurity,Education,0.0996001873742153,Benchmark,A7,Down $15k,Down,15000,Gradient Boosting,1
Impurity,Demographics,0.3131704684293867,Benchmark,A7,Down $15k,Down,15000,Gradient Boosting,1
Impurity,Family / employment,0.008337499344001669,Benchmark,A7,Down $15k,Down,15000,Gradient Boosting,1
Impurity,Occupation,0.05635162650774048,Benchmark,A7,Down $15k,Down,15000,Gradient Boosting,1
Impurity,Industry,0.043760526363870574,Benchmark,A7,Down $15k,Down,15000,Gradient Boosting,1
Impurity,Geography,0.007881204339270791,Benchmark,A7,Down $15k,Down,15000,Gradient Boosting,1
Permutation,Income,0.057341864862411995,Benchmark,A7,Down $15k,Down,15000,Gradient Boosting,1
Permutation,Wealth,0.0253680780845839,Benchmark,A7,Down $15k,Down,15000,Gradient Boosting,1
Permutation,Education,0.017085749420202006,Benchmark,A7,Down $15k,Down,15000,Gradient Boosting,1
Permutation,Demographics,0.04630811150350937,Benchmark,A7,Down $15k,Down,15000,Gradient Boosting,1
Permutation,Family / employment,-0.006024849103647406,Benchmark,A7,Down $15k,Down,15000,Gradient Boosting,1
Permutation,Occupation,0.0028044860254692995,Benchmark,A7,Down $15k,Down,15000,Gradient Boosting,1
Permutation,Industry,-0.007669062366035068,Benchmark,A7,Down $15k,Down,15000,Gradient Boosting,1
Permutation,Geography,0.0002418010417091665,Benchmark,A7,Down $15k,Down,15000,Gradient Boosting,1
SHAP,Income,0.25227299816845145,Benchmark,A7,Down $15k,Down,15000,Gradient Boosting,1
SHAP,Wealth,0.16032522564300422,Benchmark,A7,Down $15k,Down,15000,Gradient Boosting,1
SHAP,Education,0.13319961789684337,Benchmark,A7,Down $15k,Down,15000,Gradient Boosting,1
SHAP,Demographics,0.25658946599977456,Benchmark,A7,Down $15k,Down,15000,Gradient Boosting,1
SHAP,Family / employment,0.03440717500856916,Benchmark,A7,Down $15k,Down,15000,Gradient Boosting,1
SHAP,Occupation,0.08465070524686173,Benchmark,A7,Down $15k,Down,15000,Gradient Boosting,1
SHAP,Industry,0.060146290872372866,Benchmark,A7,Down $15k,Down,15000,Gradient Boosting,1
SHAP,Geography,0.01840852116412235,Benchmark,A7,Down $15k,Down,15000,Gradient Boosting,1
Impurity,Income,0.2615603620123294,Benchmark,A7,Down $15k,Down,15000,Gradient Boosting,2
Impurity,Wealth,0.20949305851280964,Benchmark,A7,Down $15k,Down,15000,Gradient Boosting,2
Impurity,Education,0.04551058823609415,Benchmark,A7,Down $15k,Down,15000,Gradient Boosting,2
Impurity,Demographics,0.2866166565375505,Benchmark,A7,Down $15k,Down,15000,Gradient Boosting,2
Impurity,Family / employment,0.016676135797146063,Benchmark,A7,Down $15k,Down,15000,Gradient Boosting,2
Impurity,Occupation,0.13748090197137683,Benchmark,A7,Down $15k,Down,15000,Gradient Boosting,2
Impurity,Industry,0.027913204756999252,Benchmark,A7,Down $15k,Down,15000,Gradient Boosting,2
Impurity,Geography,0.014749092175694417,Benchmark,A7,Down $15k,Down,15000,Gradient Boosting,2
Permutation,Income,0.03397305484266186,Benchmark,A7,Down $15k,Down,15000,Gradient Boosting,2
Permutation,Wealth,0.02086839123879536,Benchmark,A7,Down $15k,Down,15000,Gradient Boosting,2
Permutation,Education,0.005864008272250032,Benchmark,A7,Down $15k,Down,15000,Gradient Boosting,2
Permutation,Demographics,0.03006527660571235,Benchmark,A7,Down $15k,Down,15000,Gradient Boosting,2
Permutation,Family / employment,-0.0001866839451008906,Benchmark,A7,Down $15k,Down,15000,Gradient Boosting,2
Permutation,Occupation,-0.00025355977155198104,Benchmark,A7,Down $15k,Down,15000,Gradient Boosting,2
Permutation,Industry,0.0026125512712053154,Benchmark,A7,Down $15k,Down,15000,Gradient Boosting,2
Permutation,Geography,-0.0021272257185914467,Benchmark,A7,Down $15k,Down,15000,Gradient Boosting,2
SHAP,Income,0.20241448010730279,Benchmark,A7,Down $15k,Down,15000,Gradient Boosting,2
SHAP,Wealth,0.18140325318959555,Benchmark,A7,Down $15k,Down,15000,Gradient Boosting,2
SHAP,Education,0.0841644105925702,Benchmark,A7,Down $15k,Down,15000,Gradient Boosting,2
SHAP,Demographics,0.24268921637357133,Benchmark,A7,Down $15k,Down,15000,Gradient Boosting,2
SHAP,Family / employment,0.025908663527576148,Benchmark,A7,Down $15k,Down,15000,Gradient Boosting,2
SHAP,Occupation,0.18469436658679217,Benchmark,A7,Down $15k,Down,15000,Gradient Boosting,2
SHAP,Industry,0.038247273524241766,Benchmark,A7,Down $15k,Down,15000,Gradient Boosting,2
SHAP,Geography,0.04047833609834999,Benchmark,A7,Down $15k,Down,15000,Gradient Boosting,2
Impurity,Income,0.30761332349806253,Benchmark,A7,Down $15k,Down,15000,Gradient Boosting,3
Impurity,Wealth,0.2325882917223733,Benchmark,A7,Down $15k,Down,15000,Gradient Boosting,3
Impurity,Education,0.07620691807505182,Benchmark,A7,Down $15k,Down,15000,Gradient Boosting,3
Impurity,Demographics,0.21049850927682318,Benchmark,A7,Down $15k,Down,15000,Gradient Boosting,3
Impurity,Family / employment,0.01455443711521642,Benchmark,A7,Down $15k,Down,15000,Gradient Boosting,3
Impurity,Occupation,0.10344627373613073,Benchmark,A7,Down $15k,Down,15000,Gradient Boosting,3
Impurity,Industry,0.03979791867835716,Benchmark,A7,Down $15k,Down,15000,Gradient Boosting,3
Impurity,Geography,0.015294327897984858,Benchmark,A7,Down $15k,Down,15000,Gradient Boosting,3
Permutation,Income,0.03362045422411121,Benchmark,A7,Down $15k,Down,15000,Gradient Boosting,3
Permutation,Wealth,0.008360873880903546,Benchmark,A7,Down $15k,Down,15000,Gradient Boosting,3
Permutation,Education,0.006913780704128925,Benchmark,A7,Down $15k,Down,15000,Gradient Boosting,3
Permutation,Demographics,0.03151317576909437,Benchmark,A7,Down $15k,Down,15000,Gradient Boosting,3
Permutation,Family / employment,0.0002649204278808326,Benchmark,A7,Down $15k,Down,15000,Gradient Boosting,3
Permutation,Occupation,-0.004698146159589162,Benchmark,A7,Down $15k,Down,15000,Gradient Boosting,3
Permutation,Industry,-0.005955983663917719,Benchmark,A7,Down $15k,Down,15000,Gradient Boosting,3
Permutation,Geography,-0.0008346960410661963,Benchmark,A7,Down $15k,Down,15000,Gradient Boosting,3
SHAP,Income,0.20805388633221722,Benchmark,A7,Down $15k,Down,15000,Gradient Boosting,3
SHAP,Wealth,0.19218201100121865,Benchmark,A7,Down $15k,Down,15000,Gradient Boosting,3
SHAP,Education,0.09902642212019953,Benchmark,A7,Down $15k,Down,15000,Gradient Boosting,3
SHAP,Demographics,0.21071503248194615,Benchmark,A7,Down $15k,Down,15000,Gradient Boosting,3
SHAP,Family / employment,0.038594653835682224,Benchmark,A7,Down $15k,Down,15000,Gradient Boosting,3
SHAP,Occupation,0.15008397365174472,Benchmark,A7,Down $15k,Down,15000,Gradient Boosting,3
SHAP,Industry,0.07565544710679117,Benchmark,A7,Down $15k,Down,15000,Gradient Boosting,3
SHAP,Geography,0.02568857347020051,Benchmark,A7,Down $15k,Down,15000,Gradient Boosting,3
Impurity,Income,0.2997169890142349,Benchmark,A7,Down $15k,Down,15000,Gradient Boosting,4
Impurity,Wealth,0.15251159837794495,Benchmark,A7,Down $15k,Down,15000,Gradient Boosting,4
Impurity,Education,0.08085540229376867,Benchmark,A7,Down $15k,Down,15000,Gradient Boosting,4
Impurity,Demographics,0.3231609655379012,Benchmark,A7,Down $15k,Down,15000,Gradient Boosting,4
Impurity,Family / employment,0.013119702770808496,Benchmark,A7,Down $15k,Down,15000,Gradient Boosting,4
Impurity,Occupation,0.07057224284902164,Benchmark,A7,Down $15k,Down,15000,Gradient Boosting,4
Impurity,Industry,0.03825023955811806,Benchmark,A7,Down $15k,Down,15000,Gradient Boosting,4
Impurity,Geography,0.021812859598201853,Benchmark,A7,Down $15k,Down,15000,Gradient Boosting,4
Permutation,Income,0.05640396717845092,Benchmark,A7,Down $15k,Down,15000,Gradient Boosting,4
Permutation,Wealth,0.017776122675322997,Benchmark,A7,Down $15k,Down,15000,Gradient Boosting,4
Permutation,Education,0.01294241151684188,Benchmark,A7,Down $15k,Down,15000,Gradient Boosting,4
Permutation,Demographics,0.03641671859687109,Benchmark,A7,Down $15k,Down,15000,Gradient Boosting,4
Permutation,Family / employment,0.0010097819821558661,Benchmark,A7,Down $15k,Down,15000,Gradient Boosting,4
Permutation,Occupation,0.012287322144869346,Benchmark,A7,Down $15k,Down,15000,Gradient Boosting,4
Permutation,Industry,0.011247394763017999,Benchmark,A7,Down $15k,Down,15000,Gradient Boosting,4
Permutation,Geography,0.0014262278125512563,Benchmark,A7,Down $15k,Down,15000,Gradient Boosting,4
SHAP,Income,0.2183145911152755,Benchmark,A7,Down $15k,Down,15000,Gradient Boosting,4
SHAP,Wealth,0.1716712387691184,Benchmark,A7,Down $15k,Down,15000,Gradient Boosting,4
SHAP,Education,0.13356989720367382,Benchmark,A7,Down $15k,Down,15000,Gradient Boosting,4
SHAP,Demographics,0.24424892115070415,Benchmark,A7,Down $15k,Down,15000,Gradient Boosting,4
SHAP,Family / employment,0.019337125212112602,Benchmark,A7,Down $15k,Down,15000,Gradient Boosting,4
SHAP,Occupation,0.12798898296022096,Benchmark,A7,Down $15k,Down,15000,Gradient Boosting,4
SHAP,Industry,0.06581217517770445,Benchmark,A7,Down $15k,Down,15000,Gradient Boosting,4
SHAP,Geography,0.019057068411190394,Benchmark,A7,Down $15k,Down,15000,Gradient Boosting,4
Impurity,Income,0.275415811449037,Benchmark,A7,Down $15k,Down,15000,Gradient Boosting,5
Impurity,Wealth,0.14103424528789096,Benchmark,A7,Down $15k,Down,15000,Gradient Boosting,5
Impurity,Education,0.1235014077307698,Benchmark,A7,Down $15k,Down,15000,Gradient Boosting,5
Impurity,Demographics,0.26258789612551947,Benchmark,A7,Down $15k,Down,15000,Gradient Boosting,5
Impurity,Family / employment,0.015092275782937706,Benchmark,A7,Down $15k,Down,15000,Gradient Boosting,5
Impurity,Occupation,0.09438215909211327,Benchmark,A7,Down $15k,Down,15000,Gradient Boosting,5
Impurity,Industry,0.0734861711958023,Benchmark,A7,Down $15k,Down,15000,Gradient Boosting,5
Impurity,Geography,0.014500033335929932,Benchmark,A7,Down $15k,Down,15000,Gradient Boosting,5
Permutation,Income,0.05261859920360499,Benchmark,A7,Down $15k,Down,15000,Gradient Boosting,5
Permutation,Wealth,0.021491477940654195,Benchmark,A7,Down $15k,Down,15000,Gradient Boosting,5
Permutation,Education,0.007253719225973921,Benchmark,A7,Down $15k,Down,15000,Gradient Boosting,5
Permutation,Demographics,0.04160003936683272,Benchmark,A7,Down $15k,Down,15000,Gradient Boosting,5
Permutation,Family / employment,0.0008742060619340797,Benchmark,A7,Down $15k,Down,15000,Gradient Boosting,5
Permutation,Occupation,0.0033401172565317937,Benchmark,A7,Down $15k,Down,15000,Gradient Boosting,5
Permutation,Industry,-0.011874888178452591,Benchmark,A7,Down $15k,Down,15000,Gradient Boosting,5
Permutation,Geography,0.0002198111758207666,Benchmark,A7,Down $15k,Down,15000,Gradient Boosting,5
SHAP,Income,0.19572038830019273,Benchmark,A7,Down $15k,Down,15000,Gradient Boosting,5
SHAP,Wealth,0.14456735296852924,Benchmark,A7,Down $15k,Down,15000,Gradient Boosting,5
SHAP,Education,0.12615300398363138,Benchmark,A7,Down $15k,Down,15000,Gradient Boosting,5
SHAP,Demographics,0.2702847150685315,Benchmark,A7,Down $15k,Down,15000,Gradient Boosting,5
SHAP,Family / employment,0.01650822267486723,Benchmark,A7,Down $15k,Down,15000,Gradient Boosting,5
SHAP,Occupation,0.11234780884415194,Benchmark,A7,Down $15k,Down,15000,Gradient Boosting,5
SHAP,Industry,0.10421412175313009,Benchmark,A7,Down $15k,Down,15000,Gradient Boosting,5
SHAP,Geography,0.03020438640696578,Benchmark,A7,Down $15k,Down,15000,Gradient Boosting,5
Impurity,Income,0.2188020242380687,Benchmark,A8,Down $20k,Down,20000,Random Forest,1
Impurity,Wealth,0.182180990800252,Benchmark,A8,Down $20k,Down,20000,Random Forest,1
Impurity,Education,0.08759624312754316,Benchmark,A8,Down $20k,Down,20000,Random Forest,1
Impurity,Demographics,0.23012136078545978,Benchmark,A8,Down $20k,Down,20000,Random Forest,1
Impurity,Family / employment,0.02849090048884804,Benchmark,A8,Down $20k,Down,20000,Random Forest,1
Impurity,Occupation,0.09924884102585468,Benchmark,A8,Down $20k,Down,20000,Random Forest,1
Impurity,Industry,0.08383379286980325,Benchmark,A8,Down $20k,Down,20000,Random Forest,1
Impurity,Geography,0.06972584666417045,Benchmark,A8,Down $20k,Down,20000,Random Forest,1
Permutation,Income,0.028097463266736337,Benchmark,A8,Down $20k,Down,20000,Random Forest,1
Permutation,Wealth,0.005246106691400671,Benchmark,A8,Down $20k,Down,20000,Random Forest,1
Permutation,Education,0.0169672461559738,Benchmark,A8,Down $20k,Down,20000,Random Forest,1
Permutation,Demographics,0.027432174781682077,Benchmark,A8,Down $20k,Down,20000,Random Forest,1
Permutation,Family / employment,-0.0025056557487981744,Benchmark,A8,Down $20k,Down,20000,Random Forest,1
Permutation,Occupation,0.011499638248090105,Benchmark,A8,Down $20k,Down,20000,Random Forest,1
Permutation,Industry,0.0007149863592093297,Benchmark,A8,Down $20k,Down,20000,Random Forest,1
Permutation,Geography,-0.0019439370233715891,Benchmark,A8,Down $20k,Down,20000,Random Forest,1
SHAP,Income,0.19738757374879795,Benchmark,A8,Down $20k,Down,20000,Random Forest,1
SHAP,Wealth,0.14752679165355767,Benchmark,A8,Down $20k,Down,20000,Random Forest,1
SHAP,Education,0.11631138735109123,Benchmark,A8,Down $20k,Down,20000,Random Forest,1
SHAP,Demographics,0.2659133270918539,Benchmark,A8,Down $20k,Down,20000,Random Forest,1
SHAP,Family / employment,0.034214477469878504,Benchmark,A8,Down $20k,Down,20000,Random Forest,1
SHAP,Occupation,0.11173034036302566,Benchmark,A8,Down $20k,Down,20000,Random Forest,1
SHAP,Industry,0.06455854252965042,Benchmark,A8,Down $20k,Down,20000,Random Forest,1
SHAP,Geography,0.062357559792144496,Benchmark,A8,Down $20k,Down,20000,Random Forest,1
Impurity,Income,0.2433626809333622,Benchmark,A8,Down $20k,Down,20000,Random Forest,2
Impurity,Wealth,0.17170782043716273,Benchmark,A8,Down $20k,Down,20000,Random Forest,2
Impurity,Education,0.08721736128668112,Benchmark,A8,Down $20k,Down,20000,Random Forest,2
Impurity,Demographics,0.21937904664278035,Benchmark,A8,Down $20k,Down,20000,Random Forest,2
Impurity,Family / employment,0.02809328805777157,Benchmark,A8,Down $20k,Down,20000,Random Forest,2
Impurity,Occupation,0.11397546180308045,Benchmark,A8,Down $20k,Down,20000,Random Forest,2
Impurity,Industry,0.06729354022001745,Benchmark,A8,Down $20k,Down,20000,Random Forest,2
Impurity,Geography,0.068970800619144,Benchmark,A8,Down $20k,Down,20000,Random Forest,2
Permutation,Income,0.03251551205490013,Benchmark,A8,Down $20k,Down,20000,Random Forest,2
Permutation,Wealth,0.022756511155359642,Benchmark,A8,Down $20k,Down,20000,Random Forest,2
Permutation,Education,0.009908402529110443,Benchmark,A8,Down $20k,Down,20000,Random Forest,2
Permutation,Demographics,0.038596698805101956,Benchmark,A8,Down $20k,Down,20000,Random Forest,2
Permutation,Family / employment,-0.0012731519410278391,Benchmark,A8,Down $20k,Down,20000,Random Forest,2
Permutation,Occupation,0.007640219299639711,Benchmark,A8,Down $20k,Down,20000,Random Forest,2
Permutation,Industry,0.0009381653946421264,Benchmark,A8,Down $20k,Down,20000,Random Forest,2
Permutation,Geography,-0.001243681211078973,Benchmark,A8,Down $20k,Down,20000,Random Forest,2
SHAP,Income,0.20939292880280586,Benchmark,A8,Down $20k,Down,20000,Random Forest,2
SHAP,Wealth,0.1451301817725032,Benchmark,A8,Down $20k,Down,20000,Random Forest,2
SHAP,Education,0.10875903672784842,Benchmark,A8,Down $20k,Down,20000,Random Forest,2
SHAP,Demographics,0.21109736345854047,Benchmark,A8,Down $20k,Down,20000,Random Forest,2
SHAP,Family / employment,0.021770579605437025,Benchmark,A8,Down $20k,Down,20000,Random Forest,2
SHAP,Occupation,0.15453164760689148,Benchmark,A8,Down $20k,Down,20000,Random Forest,2
SHAP,Industry,0.07703918380644474,Benchmark,A8,Down $20k,Down,20000,Random Forest,2
SHAP,Geography,0.07227907821952877,Benchmark,A8,Down $20k,Down,20000,Random Forest,2
Impurity,Income,0.21563659963160584,Benchmark,A8,Down $20k,Down,20000,Random Forest,3
Impurity,Wealth,0.1634300190570445,Benchmark,A8,Down $20k,Down,20000,Random Forest,3
Impurity,Education,0.09005855747764749,Benchmark,A8,Down $20k,Down,20000,Random Forest,3
Impurity,Demographics,0.23763604420466944,Benchmark,A8,Down $20k,Down,20000,Random Forest,3
Impurity,Family / employment,0.02836872764230524,Benchmark,A8,Down $20k,Down,20000,Random Forest,3
Impurity,Occupation,0.1119275949850432,Benchmark,A8,Down $20k,Down,20000,Random Forest,3
Impurity,Industry,0.08568679496991387,Benchmark,A8,Down $20k,Down,20000,Random Forest,3
Impurity,Geography,0.06725566203177051,Benchmark,A8,Down $20k,Down,20000,Random Forest,3
Permutation,Income,0.060361008532646344,Benchmark,A8,Down $20k,Down,20000,Random Forest,3
Permutation,Wealth,0.0005969954247576293,Benchmark,A8,Down $20k,Down,20000,Random Forest,3
Permutation,Education,0.017955758500535983,Benchmark,A8,Down $20k,Down,20000,Random Forest,3
Permutation,Demographics,0.023782780919491524,Benchmark,A8,Down $20k,Down,20000,Random Forest,3
Permutation,Family / employment,-0.0023312161800336517,Benchmark,A8,Down $20k,Down,20000,Random Forest,3
Permutation,Occupation,-0.0031304080109294473,Benchmark,A8,Down $20k,Down,20000,Random Forest,3
Permutation,Industry,0.0037359244572032825,Benchmark,A8,Down $20k,Down,20000,Random Forest,3
Permutation,Geography,0.008745649116039911,Benchmark,A8,Down $20k,Down,20000,Random Forest,3
SHAP,Income,0.19263445942409052,Benchmark,A8,Down $20k,Down,20000,Random Forest,3
SHAP,Wealth,0.1445437396236454,Benchmark,A8,Down $20k,Down,20000,Random Forest,3
SHAP,Education,0.135925701679572,Benchmark,A8,Down $20k,Down,20000,Random Forest,3
SHAP,Demographics,0.23371103175371266,Benchmark,A8,Down $20k,Down,20000,Random Forest,3
SHAP,Family / employment,0.030080106516504494,Benchmark,A8,Down $20k,Down,20000,Random Forest,3
SHAP,Occupation,0.13122309649801722,Benchmark,A8,Down $20k,Down,20000,Random Forest,3
SHAP,Industry,0.07329060588371523,Benchmark,A8,Down $20k,Down,20000,Random Forest,3
SHAP,Geography,0.05859125862074263,Benchmark,A8,Down $20k,Down,20000,Random Forest,3
Impurity,Income,0.24125530533490494,Benchmark,A8,Down $20k,Down,20000,Random Forest,4
Impurity,Wealth,0.16410001429362486,Benchmark,A8,Down $20k,Down,20000,Random Forest,4
Impurity,Education,0.10946608924993062,Benchmark,A8,Down $20k,Down,20000,Random Forest,4
Impurity,Demographics,0.2537162981430809,Benchmark,A8,Down $20k,Down,20000,Random Forest,4
Impurity,Family / employment,0.030052784417930398,Benchmark,A8,Down $20k,Down,20000,Random Forest,4
Impurity,Occupation,0.09478714940839296,Benchmark,A8,Down $20k,Down,20000,Random Forest,4
Impurity,Industry,0.058972660025963755,Benchmark,A8,Down $20k,Down,20000,Random Forest,4
Impurity,Geography,0.04764969912617177,Benchmark,A8,Down $20k,Down,20000,Random Forest,4
Permutation,Income,0.02572443991807777,Benchmark,A8,Down $20k,Down,20000,Random Forest,4
Permutation,Wealth,0.013154809215527957,Benchmark,A8,Down $20k,Down,20000,Random Forest,4
Permutation,Education,0.0034980885097811777,Benchmark,A8,Down $20k,Down,20000,Random Forest,4
Permutation,Demographics,0.04531420557993694,Benchmark,A8,Down $20k,Down,20000,Random Forest,4
Permutation,Family / employment,-0.0016855578115374415,Benchmark,A8,Down $20k,Down,20000,Random Forest,4
Permutation,Occupation,0.007179521281588197,Benchmark,A8,Down $20k,Down,20000,Random Forest,4
Permutation,Industry,0.0017275456816452871,Benchmark,A8,Down $20k,Down,20000,Random Forest,4
Permutation,Geography,0.002356187858715991,Benchmark,A8,Down $20k,Down,20000,Random Forest,4
SHAP,Income,0.21666099203190203,Benchmark,A8,Down $20k,Down,20000,Random Forest,4
SHAP,Wealth,0.1411389550311826,Benchmark,A8,Down $20k,Down,20000,Random Forest,4
SHAP,Education,0.14217179846661288,Benchmark,A8,Down $20k,Down,20000,Random Forest,4
SHAP,Demographics,0.2593911099958224,Benchmark,A8,Down $20k,Down,20000,Random Forest,4
SHAP,Family / employment,0.03729261584373362,Benchmark,A8,Down $20k,Down,20000,Random Forest,4
SHAP,Occupation,0.10293129915772806,Benchmark,A8,Down $20k,Down,20000,Random Forest,4
SHAP,Industry,0.05056320605976329,Benchmark,A8,Down $20k,Down,20000,Random Forest,4
SHAP,Geography,0.04985002341325515,Benchmark,A8,Down $20k,Down,20000,Random Forest,4
Impurity,Income,0.21212624226155508,Benchmark,A8,Down $20k,Down,20000,Random Forest,5
Impurity,Wealth,0.17137656772174067,Benchmark,A8,Down $20k,Down,20000,Random Forest,5
Impurity,Education,0.10613124718245169,Benchmark,A8,Down $20k,Down,20000,Random Forest,5
Impurity,Demographics,0.2938426225672372,Benchmark,A8,Down $20k,Down,20000,Random Forest,5
Impurity,Family / employment,0.03330016708758399,Benchmark,A8,Down $20k,Down,20000,Random Forest,5
Impurity,Occupation,0.082776182031651,Benchmark,A8,Down $20k,Down,20000,Random Forest,5
Impurity,Industry,0.05370908883225686,Benchmark,A8,Down $20k,Down,20000,Random Forest,5
Impurity,Geography,0.046737882315523664,Benchmark,A8,Down $20k,Down,20000,Random Forest,5
Permutation,Income,0.046229087120982434,Benchmark,A8,Down $20k,Down,20000,Random Forest,5
Permutation,Wealth,0.008609605323754243,Benchmark,A8,Down $20k,Down,20000,Random Forest,5
Permutation,Education,0.020407500524825335,Benchmark,A8,Down $20k,Down,20000,Random Forest,5
Permutation,Demographics,0.029479584518770523,Benchmark,A8,Down $20k,Down,20000,Random Forest,5
Permutation,Family / employment,0.0018993635785014285,Benchmark,A8,Down $20k,Down,20000,Random Forest,5
Permutation,Occupation,0.012766571911744734,Benchmark,A8,Down $20k,Down,20000,Random Forest,5
Permutation,Industry,0.002027414829826596,Benchmark,A8,Down $20k,Down,20000,Random Forest,5
Permutation,Geography,0.006806853941084395,Benchmark,A8,Down $20k,Down,20000,Random Forest,5
SHAP,Income,0.19973842691350402,Benchmark,A8,Down $20k,Down,20000,Random Forest,5
SHAP,Wealth,0.16140833219278225,Benchmark,A8,Down $20k,Down,20000,Random Forest,5
SHAP,Education,0.1536730290920512,Benchmark,A8,Down $20k,Down,20000,Random Forest,5
SHAP,Demographics,0.24428596782859502,Benchmark,A8,Down $20k,Down,20000,Random Forest,5
SHAP,Family / employment,0.040131844990704386,Benchmark,A8,Down $20k,Down,20000,Random Forest,5
SHAP,Occupation,0.10743970338170777,Benchmark,A8,Down $20k,Down,20000,Random Forest,5
SHAP,Industry,0.04773742239253404,Benchmark,A8,Down $20k,Down,20000,Random Forest,5
SHAP,Geography,0.045585273208121425,Benchmark,A8,Down $20k,Down,20000,Random Forest,5
Impurity,Income,0.2673749552389185,Benchmark,A8,Down $20k,Down,20000,Gradient Boosting,1
Impurity,Wealth,0.1639422005968022,Benchmark,A8,Down $20k,Down,20000,Gradient Boosting,1
Impurity,Education,0.1287379325833125,Benchmark,A8,Down $20k,Down,20000,Gradient Boosting,1
Impurity,Demographics,0.30086714405814197,Benchmark,A8,Down $20k,Down,20000,Gradient Boosting,1
Impurity,Family / employment,0.015419999566734247,Benchmark,A8,Down $20k,Down,20000,Gradient Boosting,1
Impurity,Occupation,0.04781755451223849,Benchmark,A8,Down $20k,Down,20000,Gradient Boosting,1
Impurity,Industry,0.0532851699606589,Benchmark,A8,Down $20k,Down,20000,Gradient Boosting,1
Impurity,Geography,0.022555043483193173,Benchmark,A8,Down $20k,Down,20000,Gradient Boosting,1
Permutation,Income,0.029239000873953286,Benchmark,A8,Down $20k,Down,20000,Gradient Boosting,1
Permutation,Wealth,0.010412625730365716,Benchmark,A8,Down $20k,Down,20000,Gradient Boosting,1
Permutation,Education,0.022062336696406244,Benchmark,A8,Down $20k,Down,20000,Gradient Boosting,1
Permutation,Demographics,0.03204102823927435,Benchmark,A8,Down $20k,Down,20000,Gradient Boosting,1
Permutation,Family / employment,0.0010491385498982986,Benchmark,A8,Down $20k,Down,20000,Gradient Boosting,1
Permutation,Occupation,0.0103368692205778,Benchmark,A8,Down $20k,Down,20000,Gradient Boosting,1
Permutation,Industry,0.005446390863030443,Benchmark,A8,Down $20k,Down,20000,Gradient Boosting,1
Permutation,Geography,0.0018517975959578825,Benchmark,A8,Down $20k,Down,20000,Gradient Boosting,1
SHAP,Income,0.2067126204283196,Benchmark,A8,Down $20k,Down,20000,Gradient Boosting,1
SHAP,Wealth,0.15762115397938103,Benchmark,A8,Down $20k,Down,20000,Gradient Boosting,1
SHAP,Education,0.141360332252418,Benchmark,A8,Down $20k,Down,20000,Gradient Boosting,1
SHAP,Demographics,0.26626314161844417,Benchmark,A8,Down $20k,Down,20000,Gradient Boosting,1
SHAP,Family / employment,0.032362427357563624,Benchmark,A8,Down $20k,Down,20000,Gradient Boosting,1
SHAP,Occupation,0.07873474122436483,Benchmark,A8,Down $20k,Down,20000,Gradient Boosting,1
SHAP,Industry,0.07069902074191617,Benchmark,A8,Down $20k,Down,20000,Gradient Boosting,1
SHAP,Geography,0.04624656239759255,Benchmark,A8,Down $20k,Down,20000,Gradient Boosting,1
Impurity,Income,0.23059057586363146,Benchmark,A8,Down $20k,Down,20000,Gradient Boosting,2
Impurity,Wealth,0.13462017983072214,Benchmark,A8,Down $20k,Down,20000,Gradient Boosting,2
Impurity,Education,0.07584815879059309,Benchmark,A8,Down $20k,Down,20000,Gradient Boosting,2
Impurity,Demographics,0.24436988270736498,Benchmark,A8,Down $20k,Down,20000,Gradient Boosting,2
Impurity,Family / employment,0.029332863247592753,Benchmark,A8,Down $20k,Down,20000,Gradient Boosting,2
Impurity,Occupation,0.13037878160201227,Benchmark,A8,Down $20k,Down,20000,Gradient Boosting,2
Impurity,Industry,0.09789031884544626,Benchmark,A8,Down $20k,Down,20000,Gradient Boosting,2
Impurity,Geography,0.05696923911263707,Benchmark,A8,Down $20k,Down,20000,Gradient Boosting,2
Permutation,Income,0.0315444930383078,Benchmark,A8,Down $20k,Down,20000,Gradient Boosting,2
Permutation,Wealth,0.017600293043494114,Benchmark,A8,Down $20k,Down,20000,Gradient Boosting,2
Permutation,Education,0.011544590698272994,Benchmark,A8,Down $20k,Down,20000,Gradient Boosting,2
Permutation,Demographics,0.032462431936215556,Benchmark,A8,Down $20k,Down,20000,Gradient Boosting,2
Permutation,Family / employment,-0.0007641904635704244,Benchmark,A8,Down $20k,Down,20000,Gradient Boosting,2
Permutation,Occupation,0.007202933776997078,Benchmark,A8,Down $20k,Down,20000,Gradient Boosting,2
Permutation,Industry,0.0008365344317751878,Benchmark,A8,Down $20k,Down,20000,Gradient Boosting,2
Permutation,Geography,-0.00856134706272007,Benchmark,A8,Down $20k,Down,20000,Gradient Boosting,2
SHAP,Income,0.17599642890612235,Benchmark,A8,Down $20k,Down,20000,Gradient Boosting,2
SHAP,Wealth,0.09373683466812138,Benchmark,A8,Down $20k,Down,20000,Gradient Boosting,2
SHAP,Education,0.08547281893049608,Benchmark,A8,Down $20k,Down,20000,Gradient Boosting,2
SHAP,Demographics,0.209138252793597,Benchmark,A8,Down $20k,Down,20000,Gradient Boosting,2
SHAP,Family / employment,0.02256129436945719,Benchmark,A8,Down $20k,Down,20000,Gradient Boosting,2
SHAP,Occupation,0.18034997870711628,Benchmark,A8,Down $20k,Down,20000,Gradient Boosting,2
SHAP,Industry,0.144796028775531,Benchmark,A8,Down $20k,Down,20000,Gradient Boosting,2
SHAP,Geography,0.08794836284955873,Benchmark,A8,Down $20k,Down,20000,Gradient Boosting,2
Impurity,Income,0.22475671505906006,Benchmark,A8,Down $20k,Down,20000,Gradient Boosting,3
Impurity,Wealth,0.18364597254368017,Benchmark,A8,Down $20k,Down,20000,Gradient Boosting,3
Impurity,Education,0.08225626236981834,Benchmark,A8,Down $20k,Down,20000,Gradient Boosting,3
Impurity,Demographics,0.30748856024211524,Benchmark,A8,Down $20k,Down,20000,Gradient Boosting,3
Impurity,Family / employment,0.012809697760846199,Benchmark,A8,Down $20k,Down,20000,Gradient Boosting,3
Impurity,Occupation,0.11479827850479231,Benchmark,A8,Down $20k,Down,20000,Gradient Boosting,3
Impurity,Industry,0.047019083399312295,Benchmark,A8,Down $20k,Down,20000,Gradient Boosting,3
Impurity,Geography,0.02722543012037545,Benchmark,A8,Down $20k,Down,20000,Gradient Boosting,3
Permutation,Income,0.04689749446259812,Benchmark,A8,Down $20k,Down,20000,Gradient Boosting,3
Permutation,Wealth,0.004382626379849303,Benchmark,A8,Down $20k,Down,20000,Gradient Boosting,3
Permutation,Education,0.008455486887300962,Benchmark,A8,Down $20k,Down,20000,Gradient Boosting,3
Permutation,Demographics,0.02170951620369227,Benchmark,A8,Down $20k,Down,20000,Gradient Boosting,3
Permutation,Family / employment,-0.003052332916126099,Benchmark,A8,Down $20k,Down,20000,Gradient Boosting,3
Permutation,Occupation,6.434227187617214e-05,Benchmark,A8,Down $20k,Down,20000,Gradient Boosting,3
Permutation,Industry,0.0005384903350282077,Benchmark,A8,Down $20k,Down,20000,Gradient Boosting,3
Permutation,Geography,-0.0010139370876355136,Benchmark,A8,Down $20k,Down,20000,Gradient Boosting,3
SHAP,Income,0.1735358679490277,Benchmark,A8,Down $20k,Down,20000,Gradient Boosting,3
SHAP,Wealth,0.16409931633793062,Benchmark,A8,Down $20k,Down,20000,Gradient Boosting,3
SHAP,Education,0.12964021781748358,Benchmark,A8,Down $20k,Down,20000,Gradient Boosting,3
SHAP,Demographics,0.2271133596988071,Benchmark,A8,Down $20k,Down,20000,Gradient Boosting,3
SHAP,Family / employment,0.03822575744792708,Benchmark,A8,Down $20k,Down,20000,Gradient Boosting,3
SHAP,Occupation,0.14491529736735542,Benchmark,A8,Down $20k,Down,20000,Gradient Boosting,3
SHAP,Industry,0.08718803775365981,Benchmark,A8,Down $20k,Down,20000,Gradient Boosting,3
SHAP,Geography,0.03528214562780878,Benchmark,A8,Down $20k,Down,20000,Gradient Boosting,3
Impurity,Income,0.3237414450751838,Benchmark,A8,Down $20k,Down,20000,Gradient Boosting,4
Impurity,Wealth,0.14021651539202012,Benchmark,A8,Down $20k,Down,20000,Gradient Boosting,4
Impurity,Education,0.11690662084894035,Benchmark,A8,Down $20k,Down,20000,Gradient Boosting,4
Impurity,Demographics,0.2684351989785435,Benchmark,A8,Down $20k,Down,20000,Gradient Boosting,4
Impurity,Family / employment,0.016943604529796902,Benchmark,A8,Down $20k,Down,20000,Gradient Boosting,4
Impurity,Occupation,0.06381629227157558,Benchmark,A8,Down $20k,Down,20000,Gradient Boosting,4
Impurity,Industry,0.04542797969098967,Benchmark,A8,Down $20k,Down,20000,Gradient Boosting,4
Impurity,Geography,0.024512343212950087,Benchmark,A8,Down $20k,Down,20000,Gradient Boosting,4
Permutation,Income,0.035733408800440306,Benchmark,A8,Down $20k,Down,20000,Gradient Boosting,4
Permutation,Wealth,0.012522762489852467,Benchmark,A8,Down $20k,Down,20000,Gradient Boosting,4
Permutation,Education,0.005510820163378327,Benchmark,A8,Down $20k,Down,20000,Gradient Boosting,4
Permutation,Demographics,0.03358943023477487,Benchmark,A8,Down $20k,Down,20000,Gradient Boosting,4
Permutation,Family / employment,0.004156273645713982,Benchmark,A8,Down $20k,Down,20000,Gradient Boosting,4
Permutation,Occupation,0.004289691578199717,Benchmark,A8,Down $20k,Down,20000,Gradient Boosting,4
Permutation,Industry,0.006714905822917366,Benchmark,A8,Down $20k,Down,20000,Gradient Boosting,4
Permutation,Geography,0.0003665380652764061,Benchmark,A8,Down $20k,Down,20000,Gradient Boosting,4
SHAP,Income,0.2425242761016977,Benchmark,A8,Down $20k,Down,20000,Gradient Boosting,4
SHAP,Wealth,0.12721967166951453,Benchmark,A8,Down $20k,Down,20000,Gradient Boosting,4
SHAP,Education,0.16710431660941594,Benchmark,A8,Down $20k,Down,20000,Gradient Boosting,4
SHAP,Demographics,0.1971487025464484,Benchmark,A8,Down $20k,Down,20000,Gradient Boosting,4
SHAP,Family / employment,0.031229580664821954,Benchmark,A8,Down $20k,Down,20000,Gradient Boosting,4
SHAP,Occupation,0.07458361225449003,Benchmark,A8,Down $20k,Down,20000,Gradient Boosting,4
SHAP,Industry,0.08629721062963372,Benchmark,A8,Down $20k,Down,20000,Gradient Boosting,4
SHAP,Geography,0.07389262952397767,Benchmark,A8,Down $20k,Down,20000,Gradient Boosting,4
Impurity,Income,0.2793781223585992,Benchmark,A8,Down $20k,Down,20000,Gradient Boosting,5
Impurity,Wealth,0.17369275265507272,Benchmark,A8,Down $20k,Down,20000,Gradient Boosting,5
Impurity,Education,0.10649292361436366,Benchmark,A8,Down $20k,Down,20000,Gradient Boosting,5
Impurity,Demographics,0.28975785364471884,Benchmark,A8,Down $20k,Down,20000,Gradient Boosting,5
Impurity,Family / employment,0.02052510756623542,Benchmark,A8,Down $20k,Down,20000,Gradient Boosting,5
Impurity,Occupation,0.05814743624014921,Benchmark,A8,Down $20k,Down,20000,Gradient Boosting,5
Impurity,Industry,0.04708155299291316,Benchmark,A8,Down $20k,Down,20000,Gradient Boosting,5
Impurity,Geography,0.02492425092794764,Benchmark,A8,Down $20k,Down,20000,Gradient Boosting,5
Permutation,Income,0.0659918924066532,Benchmark,A8,Down $20k,Down,20000,Gradient Boosting,5
Permutation,Wealth,-0.00041799942670194825,Benchmark,A8,Down $20k,Down,20000,Gradient Boosting,5
Permutation,Education,0.015336133593287782,Benchmark,A8,Down $20k,Down,20000,Gradient Boosting,5
Permutation,Demographics,0.017287750731093558,Benchmark,A8,Down $20k,Down,20000,Gradient Boosting,5
Permutation,Family / employment,0.002581539894431617,Benchmark,A8,Down $20k,Down,20000,Gradient Boosting,5
Permutation,Occupation,0.013375456916125156,Benchmark,A8,Down $20k,Down,20000,Gradient Boosting,5
Permutation,Industry,0.0005190012188866832,Benchmark,A8,Down $20k,Down,20000,Gradient Boosting,5
Permutation,Geography,0.008656908909319527,Benchmark,A8,Down $20k,Down,20000,Gradient Boosting,5
SHAP,Income,0.2296192776715677,Benchmark,A8,Down $20k,Down,20000,Gradient Boosting,5
SHAP,Wealth,0.1746013900045734,Benchmark,A8,Down $20k,Down,20000,Gradient Boosting,5
SHAP,Education,0.1429057229282818,Benchmark,A8,Down $20k,Down,20000,Gradient Boosting,5
SHAP,Demographics,0.18293771581450774,Benchmark,A8,Down $20k,Down,20000,Gradient Boosting,5
SHAP,Family / employment,0.023276620508330202,Benchmark,A8,Down $20k,Down,20000,Gradient Boosting,5
SHAP,Occupation,0.11008357473725407,Benchmark,A8,Down $20k,Down,20000,Gradient Boosting,5
SHAP,Industry,0.09468279446579625,Benchmark,A8,Down $20k,Down,20000,Gradient Boosting,5
SHAP,Geography,0.0418929038696888,Benchmark,A8,Down $20k,Down,20000,Gradient Boosting,5
